denoised_Price,denoised_Volume,denoised_Relative Volume_20,denoised_Relative Volume_50,denoised_20-Day Average Swing
27.635194011446792,27940199.61175159,1.2760506020335927,1.5012157516327382,0.46078388335498555
26.29387760524606,26390247.70998359,1.3934693490030345,1.600356590240629,0.4318362427425991
27.589533931479114,26160728.293383196,1.5784290328577846,1.7893292751617171,0.4876395916136403
27.70604697311222,25883576.808404647,1.6505936877381455,1.8769827878406216,0.4990399257101381
27.445910025795552,24982342.51912543,1.5859606076960262,1.8299202257726532,0.4875276194541869
28.005810209354923,25630571.31018358,1.5075922350293733,1.801496751075107,0.5140142399971298
28.614999653979563,27473105.68179443,1.3669693311823135,1.7401334410513263,0.5520709437969977
29.257524087057774,27729978.99417775,1.2623504445926497,1.6717170136203807,0.5818544845753308
29.865025641135738,26496161.68941342,1.2096212141341451,1.6110108349512382,0.6043377214969963
30.027955689733904,24891934.768111087,1.120719593247854,1.5035735695475365,0.6155474235495556
29.62523863160959,22290002.75293754,1.0209940955760952,1.357116208138081,0.6088430419591824
29.625777153960055,21314667.39254162,0.9672222959267127,1.2850182926256914,0.6166770553738586
29.94212915920419,22197155.89908077,0.9557140911125038,1.2887434839585103,0.6375318465505393
29.913110196928805,23170698.821484625,0.9794366527991117,1.3192046204440127,0.6482918771137517
29.687228291288537,24893195.315001834,1.0526670055772367,1.4043682237203325,0.6545173782112157
29.60784411019049,25314439.141082052,1.0619334101357674,1.41051735613243,0.659797919436935
29.605359047470873,24113262.781648047,1.0015546004022293,1.3261253866810911,0.6611150022996252
29.57943403809065,22793180.271017026,0.9391682481161895,1.238959049153344,0.6596012268253229
29.583271544887165,20780475.988776103,0.8472973916792492,1.1152256653489234,0.6549151145657262
29.619588496533538,19080037.26441177,0.7772679665727219,1.0139639846542539,0.6473261434968474
29.6876373951786,17875405.64514861,0.7374189631314613,0.9460868811111335,0.6368464047115657
29.819713350941573,16193863.496960392,0.6808679177307554,0.8556400173129071,0.6225555901451514
30.02192428144453,14295683.85870807,0.6206902161366287,0.7581077049686739,0.6044258110467244
30.122823821142045,13073088.181574998,0.5885348931608392,0.694561560570661,0.5864148421314302
30.11728028473164,12501723.057068566,0.5823389799214423,0.6628539878851637,0.5686563502580074
30.096786456464244,12359034.987694945,0.597193240219399,0.6556253768184143,0.5491417145783604
30.01998294897487,12870677.426993668,0.6409022546575482,0.6831358850290447,0.5288502241263584
30.04530351227291,13146839.826152226,0.6751345169586987,0.7004037415443353,0.5113995949269987
30.19091655428507,13161031.355555544,0.6989226245511447,0.7064857190739875,0.4971629823239628
30.347501389931512,13550629.077062216,0.7380063202932663,0.7326697484822237,0.48530894701657995
30.556742953674604,14126709.28891725,0.7840812917203375,0.7694823802904078,0.4770253990143858
30.696269407030336,14563215.346989477,0.8273906108949828,0.7956627339265945,0.4673603220308999
30.74740468535702,14896552.089195685,0.8693753169366076,0.812359617252075,0.45626525262617884
30.802918232667764,15148258.934692198,0.9085609016689757,0.8229260053313181,0.4473621439818232
30.829270769134254,15241089.683029883,0.9424963492567753,0.8219577655960719,0.43966060632213494
30.885459605628082,15137524.801208783,0.9620828991194408,0.8120216088359019,0.4323775511455631
30.983613435730515,14797367.796976373,0.9646384483918369,0.7912937196022287,0.4258821033417753
31.06745263846253,14159910.888770295,0.9516835258188889,0.7530983911263767,0.4199105735427623
31.153121488678053,13181893.554014372,0.9191778584436363,0.6961802769617043,0.41438094518521895
31.232118809809148,12859934.44765134,0.9189273511102392,0.6763718283358824,0.4094537601872625
31.297535412309877,13253052.237677317,0.954263650995114,0.6967459937648414,0.40504171944617884
31.36611605151611,13830068.237649087,0.9960784374478014,0.7284972490111388,0.40100822784295853
31.433999807996805,14847763.918080457,1.0576335966187662,0.7860296042977256,0.39733073291829807
31.483947052793386,14982920.565471815,1.0642887404169992,0.7959561836809347,0.3953270897362414
31.51636429849668,14099382.433487993,1.0079062326475956,0.7509928733759941,0.39507772180722805
31.53596733499618,13044839.763802981,0.9350291596828193,0.6983932176266513,0.3959054576954739
31.538456035580186,11469230.043976622,0.8254629540708983,0.6189270125455116,0.39815539452627946
31.598320382149648,10735170.109899513,0.7767987088269929,0.5854610277459669,0.39856736517165003
31.72211782412939,11014977.458887685,0.8002559542288018,0.6074586033211038,0.3968162095231525
31.87086696545902,11366218.883797428,0.8322100261751,0.6342100084213373,0.3947391444293406
32.065009494442634,12156598.614194045,0.8989791380213785,0.6854645634800131,0.3914404578626784
32.115424148141905,12868399.669598414,0.9571018464626451,0.7349828358048897,0.3893437955555453
32.00366114678152,13401398.739081673,0.9997691468556865,0.7775269462077968,0.38868858734364736
31.837174647061644,14316690.669424739,1.0704648182171927,0.8425267598139686,0.3875179721247919
31.564349825672338,15486442.05313619,1.1587907835652296,0.923566333091774,0.3864062824222352
31.34474700258916,15912630.33566835,1.1895441370963247,0.9601638869411866,0.3885772187651153
31.194669821251196,15572528.892092127,1.1609479887922163,0.9504557810193197,0.39415181574712926
30.9923308022078,14846918.40649067,1.1011299319804457,0.9185494934089691,0.4020481214914819
30.776912634640272,13475970.805656493,0.990381329184647,0.8485890341505424,0.4131552254455552
30.656127665745757,13078389.501483025,0.9553243801481537,0.8369268531894168,0.41836258221069395
30.629969974619492,13778454.729353597,1.005566685368712,0.8911195532751851,0.4169413322085333
30.67871559029124,14572558.065744422,1.065107636336764,0.9534448413148434,0.4140341505321951
30.832371999037303,15870753.020567387,1.1662446487296398,1.0485912261011041,0.4072379329381559
30.836245538547356,16624781.604599524,1.2216501905841002,1.1099021985080018,0.40915436803208866
30.675696980628018,16684580.553616446,1.2198616766902513,1.1287402867561847,0.4211202003001687
30.50121279333745,16889938.934093524,1.2362639623324707,1.1823739176986692,0.4350913595988286
30.249812347515338,16966290.7867127,1.1537490305128264,1.1460567971222402,0.45442944487687925
30.14847943022025,16675664.06448648,1.1121723667798311,1.1353156503489448,0.46727452129901265
30.22623136931268,16065825.559557274,1.0797748607734148,1.112189550991455,0.4721262936802453
30.323562153243902,15024828.043860229,1.005731500122262,1.05113283158114,0.4774811789856863
30.501428408709625,13488954.3512381,0.9005729341187474,0.9545597750249141,0.48018318806157706
30.573214221626298,12394964.116017178,0.8285679613563335,0.8858528205114528,0.48175036404175475
30.511032322390747,11773709.120860778,0.786608536893142,0.8439951813137939,0.48285522831480143
30.454633423901566,11107908.288025662,0.7486491510025327,0.7972828715841904,0.4801025522326058
30.352911555021986,10621963.529857734,0.7287632205553277,0.7597774002197882,0.47380741369179
30.333548142542575,10074285.762156602,0.7033660094616658,0.7212450849872517,0.4660214853796033
30.418488365733992,9424191.725523485,0.6706015714906942,0.6797050952480924,0.45621342336591403
30.504196157809975,8973587.15674776,0.6533014578902058,0.651331415305981,0.4434324752936115
30.626024279007723,8672844.549150532,0.6467835540718447,0.634432997843763,0.4278682066954955
30.670224601702486,8611735.15496488,0.6583041697151759,0.635538738001488,0.4200837315819354
30.617194944070537,8854079.265273806,0.6922640951118975,0.6588056968226704,0.42098309069282014
30.549972370443182,9336121.603757298,0.7427922627101068,0.7011549562309207,0.42561242411348965
30.43561733816428,10110617.663599065,0.8136159961995786,0.7663956115261149,0.43695158843120196
30.283232800048427,10825264.146390522,0.8868904738764409,0.8249439597152078,0.4394894516645958
30.097378973771242,11458923.521565052,0.9614589373832629,0.8752542227387674,0.431979802341372
29.844241214410008,12239385.566232376,1.0499097718134793,0.9358412678787157,0.42454341059134815
29.523980072150266,13081564.325849151,1.1480407642730424,0.9995992745801641,0.4132938160387604
29.402675455016325,13442085.544407729,1.1970417345569857,1.028524688961351,0.4046259352699164
29.498523731556247,13279467.911781836,1.1919433976933367,1.0197797384612928,0.3997653630556542
29.683446279591966,12778708.07954253,1.15699390291957,0.9853364104990311,0.39248011639282243
30.029343210918253,11778731.495280761,1.0751515971005998,0.9138127113627654,0.38444422729776845
30.215583764917703,11175464.65187509,1.0273322185163694,0.8715127341691166,0.37875323753636353
30.215052771970843,11019287.437867356,1.0187238548650766,0.8620001547470776,0.37498737046548825
30.24500722345619,10726017.998234365,0.9945524660081897,0.8424579249245747,0.3729624238528491
30.22564002305509,10508367.81246013,0.974071013878979,0.8286016401624342,0.3733660589450277
30.29924889996706,10499079.075937951,0.9693073374126069,0.8302225016798316,0.37611037361078736
30.49470858899232,10671448.44025733,0.9773417172416068,0.845435121227718,0.3815074939771443
30.679954442097134,11133345.96502685,1.0077824035270329,0.8822353212045149,0.3902782317183658
30.894137943847316,11927695.26306984,1.0642154542848976,0.9438424805089242,0.4026817521145498
31.084251404925094,12419228.061286842,1.091887536966821,0.9813230726647285,0.4103547539014284
31.231421061212043,12596090.59640798,1.0897711258119334,0.9936343977179151,0.41280091577433303
31.391914262153477,12814302.419821434,1.0883500480106723,1.0080889200772898,0.4143842692887996
31.547678194626727,12927380.732392743,1.0749697754207301,1.0133139827239444,0.4129349888494793
31.70462872782878,12968728.406128004,1.0691771230820768,1.020117486291972,0.4125179656015216
31.868006720511715,12957641.70901799,1.0742774034000917,1.030745315171589,0.41351638923616024
32.018837681018724,12772192.424471881,1.0738998160870246,1.0344720922132975,0.4120764003289796
32.15898793429097,12413474.74495929,1.0731497932233343,1.0339857577628737,0.4090612079404822
32.273860138362664,13414483.898405071,1.123089684228199,1.0778938404170175,0.41025479824209027
32.35793046152206,15900295.47398113,1.2274433897225783,1.1698249237493352,0.4156805539547026
32.41846484223836,19648576.027794104,1.5226503671883251,1.535806638610468,0.4231497211273261
32.449048610868886,25138191.60547877,2.0394482575890915,2.214943347245651,0.43411382160980627
32.57037443223789,25438079.257319037,1.700865481712016,1.8402756264542492,0.44163449843201796
32.79299259368243,25344912.63234518,1.7239924009559082,1.8531919351727797,0.4452120417798992
33.05316552037499,22975875.139182612,1.465200466380523,1.6052227071814402,0.4494414481163063
33.38393741887191,18949099.69645607,1.2514566462389671,1.469736223835259,0.45262961371118676
33.5832312287463,16682907.557427546,1.0752704925674486,1.3147338737681404,0.45706458805310557
33.63168497664486,16573767.302327523,0.9976479767708102,1.2238287062691686,0.46328324224502887
33.65444726767595,15901844.900791992,0.941140309544523,1.1677529584145159,0.4688375387320586
33.598146905858854,15601380.999020731,0.9455069672366107,1.1712996239401363,0.4743461463114571
33.589990996959386,15000510.147240845,0.9071424187579568,1.126898302099438,0.4773227184870489
33.64687680053873,13817588.271662366,0.8191221939109743,1.03324658366929,0.4772016243562614
33.66245015872618,13124022.992828302,0.7757286243863979,0.9804052524095006,0.47560696396898544
33.66865740710088,12723823.703365605,0.7554602722875587,0.9478432479038326,0.4717137636451011
33.66807959563075,12129867.189851081,0.7208294050889741,0.9022505191157498,0.4652788174552327
33.650122338433945,11468059.665894736,0.6818642413835722,0.8537122151080491,0.45623650552490774
33.63822754759805,10840426.664746393,0.6435155438309474,0.806790639057235,0.44388225185185676
33.63095993307585,10183509.954517461,0.6004991221870455,0.7574115460453874,0.42799988280974555
33.605499748283016,10164716.429651486,0.6105671863283374,0.7536055395467931,0.41773106576997077
33.564773162302295,10850984.83232657,0.6785016626474119,0.7997375227439291,0.4136926572150582
33.51912134739886,11895868.691646306,0.7738533628466966,0.8712378025173414,0.4112541745487713
33.464805291417484,13486330.813665204,0.9121854158885881,0.9813633090572441,0.41284725492425545
33.38887486713528,14561816.948868174,1.010435248619849,1.0535362215823854,0.416172630536194
33.290902354404196,15025613.111974303,1.0606010753991915,1.0807383380029953,0.4211089120715194
33.174676385653804,15550453.674504021,1.1158689985670953,1.1112429626456757,0.4309683182472567
33.03653543294489,15861290.152102744,1.154547157781307,1.125127938152746,0.4454889179129899
32.893166730726314,15750290.940785732,1.1602234397868096,1.1122579741027165,0.45068248610470074
32.74524355893554,15223605.9318857,1.1334000790965222,1.0734567561007204,0.4458840793322946
32.581243641431286,14141164.118320735,1.0629886400196975,0.9962137828758243,0.4377755374116956
32.40488123444236,12421057.315040901,0.9425289247644169,0.8759493486066335,0.42272635348082677
32.30937255788853,11053320.82075401,0.8491395984578496,0.7803906884555686,0.41151930252462093
32.3032271182667,10054105.50049019,0.7839843220068137,0.7104228586446882,0.40503891559298477
32.345618334998626,8848763.64768131,0.7021892070445798,0.6275659645798649,0.3949199231461417
32.463537072406204,7661527.502727643,0.6211517644947314,0.5471667586053306,0.3836658562097359
32.466506989277796,7428852.312972725,0.6130341069407599,0.5332586776525063,0.37955751514272784
32.33924582279228,8214434.813449702,0.6826421997055775,0.5904235799570454,0.3825673622110038
32.19741375411411,9758566.173562037,0.8099999683274659,0.7009922699666835,0.3906700907121181
31.99196800183145,12344053.407647373,1.0168509959799155,0.8844416232287107,0.40608140395121184
31.863606930589935,13247171.958593283,1.0907262538926745,0.9491807314956033,0.41235811002712885
31.830609043035675,12278879.559773939,1.0167701545399466,0.8818475588223395,0.4085015333169387
31.78467947939516,11010126.824778039,0.9171750811765402,0.7925736790334298,0.4044339497393696
31.762339166398508,8743160.131255526,0.7373984663649784,0.6321838689761633,0.3960928320943915
31.71360455714356,7907004.2117705485,0.6812722285167107,0.5744995494541577,0.3874993985088496
31.62459846738729,8786055.841908593,0.7722900391808974,0.6396693472097982,0.37949016104159117
31.548532866238325,9634690.394158421,0.8673746731846321,0.7033482218080817,0.36676025229785414
31.470618138045342,11085245.58647313,1.0199120748765116,0.8107643479228965,0.3501827466051459
31.477214142393525,11833305.883568347,1.1071465392439548,0.8682995148761895,0.3392935146653624
31.583075156230112,11628272.488416594,1.1078042669573154,0.8581313596250365,0.3341212562463231
31.73585222701602,11608836.310538717,1.1244304747453422,0.8618901917770309,0.3306158123047744
31.96213579947663,11412171.665309338,1.1234410264868657,0.8536122097991553,0.3310938807474625
32.06748630218803,11637627.892589413,1.144133682195118,0.8813434906647206,0.33624974943721864
32.03303768052757,12448108.783647945,1.199208758205121,0.9573181668056379,0.34634046867394236
31.975395140638966,13262853.90237652,1.2424302154539713,1.0376078927544872,0.36311959320533027
31.84243818077019,14266562.702782802,1.2857697194195075,1.1369624870180177,0.3872157028276437
31.7106681168734,14921449.222731903,1.3103034506221833,1.2026714039827329,0.40599059982319885
31.59010067581913,15121952.096414393,1.308515508772507,1.225951904596142,0.41900602481278837
31.398400780205503,15278916.424414199,1.2987818149352894,1.2443762470239155,0.4331799937457177
31.151884940023518,15231946.589027949,1.2739453751566783,1.2426834887377005,0.44545555922824326
31.02415415652876,15202894.375909021,1.2482243180828105,1.2422671345563139,0.45531636024413685
31.019729632565962,15233599.35642954,1.2238133073210296,1.2467692885658492,0.46288774136669036
31.06638458748781,15075452.834942894,1.187082399561857,1.2324250951215747,0.465815121061233
31.208749717213557,14781631.081169326,1.1415426437143552,1.204169524555934,0.46364204618080335
31.304638095551493,14229349.669167316,1.0820042687740925,1.1572953209817924,0.46382019818304787
31.344799927199894,13368429.748232378,1.0062100974666646,1.0876284357841144,0.4662010108075865
31.437282766034986,12289802.17842317,0.9190853381954115,1.0003395212110138,0.4664739709131046
31.55006875094934,10942184.12862071,0.8185541632860064,0.8924857181694423,0.4661816129311717
31.584371220692034,10349251.64181953,0.7726976542626862,0.8442850232046728,0.46683898310667515
31.541668361635974,10610344.20753874,0.7886184352078902,0.8635755630044918,0.4682648377835027
31.44507013142457,11191915.038700663,0.8323983090176146,0.9094540646537191,0.47087677650325127
31.268592589134514,12380725.088633051,0.9236141701704973,1.0045652984505706,0.47511069808283085
31.113004368208106,13034065.646393213,0.972698030385305,1.0564053700325506,0.47527295756690174
30.980414016322733,13052649.36799924,0.9724005534095476,1.0572453315710506,0.47113500485561655
30.797617759289214,13241178.50991132,0.9834713198989011,1.0718615278784847,0.4658798072920432
30.58537726107904,13318247.622432409,0.9837844692898826,1.0775859506086636,0.4581262862358572
30.473649598175182,12944743.006962022,0.9617594528327462,1.053930616617334,0.44825931418992015
30.467198606720466,12146605.59443869,0.9203062496815241,1.0036878380753813,0.4364138903757826
30.519069339080417,10855925.744146701,0.8467858573114543,0.9182395835493836,0.42123969370488107
30.66458422131254,8972362.47245882,0.7372881192891118,0.7914969004003344,0.4027192457292632
30.716750240255536,8612095.330049003,0.7224439112638534,0.7602026394555976,0.3900880651357974
30.663502690591375,9917846.692948159,0.8100548155819254,0.8326682748237915,0.3839139360410756
30.626812410803467,11781421.227919934,0.9333748667509596,0.9373495331201467,0.3796958733374921
30.561482410246086,14759620.924650984,1.1264761519584054,1.1097310358676573,0.37988634334654614
30.407339078250253,16915197.06111705,1.3543210841850593,1.338886293316679,0.38191131669841455
30.166097880997278,18061763.821311757,1.614356542910562,1.6242259909133718,0.38566709922650566
29.829223818855006,19196244.82811319,1.653343033278802,1.6857936692447897,0.39462709375109956
29.377844827473904,19796711.505393434,1.4354891358639181,1.4930017315698128,0.4084798750013495
29.129106058035006,19819797.172448084,1.3683063942232374,1.445486945712462,0.4165572450728896
29.102571206274007,19234662.98160103,1.4021168052049255,1.4883185942700174,0.4185538317336409
29.127611623230052,17571650.178187564,1.2696092243639554,1.3604151251824506,0.4195691962504249
29.285987836444974,14728644.34756265,1.0276924391775333,1.1143593986867195,0.41694481335125283
29.30058695796063,13106499.599403089,0.9034907884391791,0.986402498344343,0.4146688149469179
29.1425144943573,12760831.74886886,0.8755105709366244,0.9550301753857706,0.4130530411794173
29.01421072902754,12381349.736792784,0.8556633837996293,0.9228491394975462,0.407861276135883
28.845999242101755,12534210.455290109,0.8890032514277961,0.9363071378841894,0.3998326500844952
28.742207380851873,13223059.348361898,0.9346068552135646,0.9812803073509266,0.39912939938465625
28.72933796697852,14405882.78668457,0.9882394440132246,1.0544741337245096,0.40604417722395425
28.702211345254167,16552898.282713909,1.1040122734304427,1.1977525358784287,0.4161333458563917
28.69119991242782,19715610.94277284,1.2756637407822844,1.4117171910311501,0.43199332477999575
28.674949672974858,20981323.275153603,1.3308425608628138,1.4916368655600256,0.44424879778834125
28.640276483309183,20209676.149539176,1.2632333095507013,1.4283825635071687,0.4521815487861642
28.665610351036673,18878960.53578211,1.1530601790509774,1.32359413734214,0.46256467900206594
28.74690715137477,16245959.50437245,0.9563057216374914,1.125079324713828,0.4731731835052213
28.892855788736867,14991854.494574482,0.8664559664235021,1.0289000514659277,0.4771083901710501
29.12345573813147,15377294.506232146,0.9005533797710042,1.0535842687362318,0.4742596262940369
29.438583080889675,15483049.427695125,0.9280599025273757,1.0605505849382868,0.4661312816188223
29.85188467525919,15978741.374591937,0.9975525177112965,1.0987423951233821,0.4507760327192971
30.17825500147326,16055126.529561713,1.0212640980131968,1.1053555628588139,0.44742792074461896
30.40730931605522,15484009.765584838,0.9820029934042952,1.0637871766883467,0.45737335592712497
30.644845244731904,15186335.187692333,0.9610328755991028,1.0431992066073763,0.46400101086964174
30.84449200974082,14930368.997456638,0.9345085728908941,1.0258614630345877,0.4716448390957932
30.926369924974765,14645582.62083345,0.9126366990975983,1.0063981378031703,0.47848089726840015
30.88503351588261,14440595.671482455,0.9048909235487428,0.9927962598110966,0.4821890274735233
30.717863316239384,14170826.68345483,0.8875110312326218,0.973961688879423,0.4864711591341309
30.39692584759913,13852883.371579044,0.8652229719544198,0.9509829843173594,0.490072391524056
30.341216974977577,13509640.918447662,0.8461729611380977,0.9264915646800088,0.49053822565289545
30.576947312060522,13117333.199186085,0.8276603211270683,0.8986320128285019,0.4878328403266694
30.875044225225164,12684200.641912159,0.8097000063279338,0.8673503317571729,0.4817589238459114
31.34321975146903,12204722.672376169,0.7932575960245483,0.8323715641779422,0.4715289462042134
31.60110238910569,12469677.457118403,0.8241362297654343,0.8470317923766819,0.4662824585121908
31.607868544861663,13558532.538411468,0.9074811612640247,0.9165636531012797,0.4664540138478436
31.63684640942425,15092098.811461363,1.022482275475462,1.0153700056719566,0.466839483078847
31.59105802101853,17298414.24856956,1.1828350455230865,1.1587611241756555,0.4696806068664283
31.66612707154991,17890493.40338405,1.2299577502989139,1.1953516804647604,0.471194407926187
31.901734689644087,16660194.735324807,1.1497328629138814,1.1113459891847481,0.4708290434048452
32.12662539191461,14898063.740655238,1.0299361031526102,0.9923414798985492,0.472259105103645
32.39626056094404,11986680.101530805,0.827661148827183,0.7974857361620388,0.4745891945314868
32.559803393922834,9978408.738215197,0.6952349625281538,0.6631782329191946,0.47117729310327333
32.58710734211651,9085094.782058895,0.6478582422203849,0.6035549198169856,0.4618352560160408
32.59527757275268,7785817.551198556,0.5750999141276272,0.5177252928082295,0.4490594981075748
32.539380316460765,6592618.860697838,0.5150524850879826,0.4397796922668077,0.43109383544663626
32.5856450241762,6926246.99544659,0.5598533251821508,0.4654260351839458,0.4209548135884955
32.757043556461966,8807744.577861266,0.7104090009853435,0.5962852398479939,0.4196728127408413
32.93545794370926,11982894.838348852,0.9544207187611989,0.814967170209166,0.4194769339220888
33.16643127786808,16859940.538124423,1.3187580744478489,1.149043060130501,0.42372838778983773
33.22739144832366,19041273.264446054,1.4778093473857883,1.3004767790485672,0.4263249657656971
33.089300311720876,18236675.263982903,1.4099724508466798,1.249508343960469,0.42642139856810246
32.89582232036903,16935287.68235337,1.296516452562723,1.1647365630738782,0.4298035968313538
32.58479476610603,14012015.430610796,1.0536045186181415,0.969844767194072,0.4350265377891971
32.41465499426649,12259408.555412563,0.9177257501946926,0.855929890279163,0.43424956930396086
32.41554684842027,12008669.644378217,0.9153023644586362,0.8455586102583308,0.42742692497115176
32.410546991337235,10967043.939330798,0.8616274640794159,0.7823797044616614,0.4172302193347047
32.46832950055841,9819643.829416491,0.8152927250378906,0.7133073376500558,0.40164072343612867
32.443363057112386,10331493.617890336,0.8654364361559941,0.7456792812015482,0.3929700600301327
32.31155296574895,12446589.899620503,1.0040121511520286,0.8744454065407333,0.39208204667334356
32.20001096491874,15861061.084484946,1.2245730173182874,1.0779984002454794,0.39128713232237217
32.07038207069979,21038708.74212631,1.549585796482329,1.383525507302378,0.3936499308164346
31.82685093680753,25315574.31035488,1.8575470249097494,1.7125967843486125,0.4041548236388195
31.47225644679,28594090.218732014,2.146583708331169,2.066346858055616,0.422943717100875
31.076195036914736,29429675.080983236,1.9311541525992237,2.0088160392255032,0.45026276919530783
30.61878638419624,26891457.32121558,1.622777965032239,1.8115600312711755,0.4877585162471027
30.28141396895017,24256978.259525694,1.3397449339364187,1.5739746737811988,0.5095662513501756
30.091078233686115,20922660.027391218,1.1925390857551015,1.3388309580150406,0.514038388731234
29.950635941283718,19394930.850649197,1.0880817785673873,1.237675730011965,0.5152024871591712
29.915493511291828,20464842.573782317,1.1319430508563726,1.348838532415739,0.5063773525338353
29.863898645661475,19041177.14343924,1.047286179126396,1.261720932046235,0.5010415098002804
29.788889781065393,15726929.466174304,0.8447778246792702,1.017630674853748,0.500634062035277
29.801951279094567,14042773.46788805,0.7554473312601216,0.9063882459343562,0.4928992764902925
29.878956497195297,13302108.342579344,0.7362967935351203,0.8697181024686467,0.4808729843915673
29.898345393350052,12959669.010805966,0.721545280300648,0.8486675333112214,0.47438755508316555
29.86482277079686,13583855.218299331,0.7452475314187722,0.8871950265716094,0.47281206395190856
29.82205009361295,15253692.429292563,0.8235563597510029,0.9948233120639053,0.4735602922420469
29.741968765694157,18116833.03448648,0.957111992905285,1.1783727578700884,0.47890614257745856
29.769341105661802,19584579.61671458,1.021257043823415,1.268877764279083,0.48089658786547473
29.915538713223974,19523016.42392592,1.009626673736082,1.2575317943603759,0.4792548270048096
30.08791811680699,19427755.884733863,0.9898472875846854,1.2406369384598461,0.47980967240073863
30.3227781997496,18656419.952455338,0.9302833982730526,1.1759621608501278,0.4808751267520646
30.49937877079611,18117898.470251817,0.9057691190907186,1.1322822664669911,0.4697420175475913
30.600509101662674,17953086.714188296,0.9246568204204705,1.1192209041340169,0.4457642122624168
30.713106620097502,17189732.516278144,0.9242056740798955,1.068358863909527,0.42434940480118527
30.80407778014809,16033725.876808953,0.9222746579787947,0.9955072325792086,0.40306955011527756
30.864738873576364,15096453.81217529,0.9066386322036946,0.936947943797358,0.38755469074704274
30.898936454788615,14291808.708203392,0.8689954447375042,0.8866681267873252,0.38129530476677553
30.8819882962036,13458591.755038727,0.8281726171194052,0.8379284414888629,0.37603099688222125
30.809587505295163,12712209.471512055,0.7787625877215547,0.797518795304894,0.37437110924609074
30.732793694587386,12116487.32457028,0.7472105216114743,0.7628303191155088,0.37147155590529884
30.647653908862114,11694599.9301062,0.7380580009700314,0.7352984219982263,0.3661634983854173
30.522645688792696,11509571.624195104,0.7338712269689277,0.7218141307037013,0.36317853616357587
30.366406005456085,11604333.624729035,0.7426212735904247,0.723485344362244,0.3610971960647079
30.312120489779158,11590095.04605718,0.7498137606310082,0.720009028950164,0.35885962700906004
30.369392778217424,11470081.3532723,0.7538175543651242,0.7119278188076064,0.3568217255725461
30.48065456412322,11488140.692943051,0.7688963727823636,0.7112302786377853,0.3543063895074495
30.68324475506194,11564039.765659964,0.7918856961753027,0.7138110737334475,0.3510840695624526
30.8022698802644,11864747.72339543,0.8298631089496894,0.7321030641662837,0.34772855654891105
30.825303809449448,12430296.441299025,0.8856815862927705,0.7684351511669922,0.3439942767788657
30.870375335301492,13126006.834723031,0.9541229294539777,0.8141001699845551,0.3393227584058058
30.895165102683556,14004031.10281673,1.0381185278773288,0.8728316270437968,0.3336669824491178
30.872175951664744,14208146.811608424,1.0702290489415869,0.8885080476511101,0.3295646464392413
30.80700469692679,13643998.110634258,1.0438510338102176,0.8551448268058959,0.32708206362480313
30.67850320924059,12759816.489554003,0.9936483785879963,0.8024426126974971,0.32485520329592876
30.4780206064495,11309951.852200849,0.9006251526884487,0.7144617743027427,0.3234917431350984
30.352563180725554,10792195.19169162,0.8743017908982141,0.6817497163750995,0.32151028150333777
30.306649049415615,11342108.096649697,0.9245450130877593,0.7125984527826784,0.31872503280291714
30.259780637199125,12024847.147701835,0.9821397868348972,0.7495643645443606,0.3163421209528584
30.24712097520239,13230685.853687163,1.0754614746275293,0.8161505445859062,0.31399180571733787
30.230255282524382,14097801.358448599,1.1392679138866189,0.8729669645696718,0.3132412392722367
30.202893416405082,14503862.973253554,1.1640497942322474,0.9136187130205541,0.3143709114452875
30.212623417825466,15190730.594941957,1.2047789800128839,0.976797751675498,0.3163614046078639
30.251589231099892,15941004.138906129,1.2446798157607228,1.0528624403323679,0.3196907082574638
30.27971404700661,15712843.435063722,1.2148974194597455,1.0542950525543149,0.3210544186034453
30.30146243490062,14477659.03122506,1.11377186767056,0.9771563517659482,0.32011173752822486
30.332115455876732,12555842.495957376,0.9603007307762473,0.8555969347119766,0.31886140628729476
30.36417994334913,9661584.817478294,0.7353910603980455,0.6658724526234436,0.3164091141910543
30.39509735233211,9235365.674103213,0.6977718753613411,0.6474670290045315,0.31697252638930357
30.424826034039686,11556942.597550318,0.8684421345917474,0.8208950129964669,0.32102115930690595
30.44899836610986,14732010.065107044,1.1070600449334798,1.0512080713666796,0.32578097847224474
30.466078068361714,19677856.67787342,1.4829125435572734,1.4023552201438465,0.3323771388026601
30.378347902163128,23073232.211522367,1.6988049569745198,1.6299990900965096,0.3398866023385925
30.173645433464618,24580505.560661323,1.725230259892463,1.7085207875983894,0.34809890037421415
29.895271267294078,26584180.39964377,1.7643139208441703,1.8099209323348437,0.3584265474613101
29.51324240093634,28246937.799745005,1.7397863131868139,1.8716400056464753,0.37068752634490093
29.231105732700257,28376829.861200083,1.6702831291147193,1.8527698555402385,0.3800630825126893
29.06430889339792,27027500.64616218,1.5696099414935025,1.7605281869224803,0.3863402652748963
28.887335821627712,24073109.074319594,1.3649636790163684,1.562071164934027,0.39172283476957637
28.751840863177385,19158158.342553288,1.058447675873544,1.2437725079467068,0.39495500651688825
28.675986510112633,16619001.237462884,0.8909701250338014,1.0770040994960592,0.3975181768112891
28.656576217150125,16666373.025653899,0.8687243209575132,1.0730387196761928,0.39945749049669593
28.729277698512302,16860496.245466597,0.8738655144562306,1.086238267176952,0.39891839419776687
28.9034141499786,18271445.27396167,0.9655242318367943,1.1835981291846303,0.39609385780724327
28.978026740326822,18265430.48312287,0.9680509059171305,1.1859518153359523,0.39452409872344635
28.947613954552722,16506412.538237885,0.8642914493149789,1.0726999034984332,0.39416501168402884
28.921144496421878,15142288.716616709,0.7883732891363686,0.9856275694878535,0.393329958293994
28.8507095828967,13512316.395064965,0.6977277702795911,0.8803638530177116,0.3928229167982081
28.749184434349388,13094218.159223795,0.6708424739699432,0.8513389327820454,0.3913199827836359
28.620908664420764,14250787.93119799,0.7283831685294012,0.9218229739967341,0.38866789208698016
28.41951320109823,15776775.335559906,0.8007568754300713,1.013147893728106,0.38615703604892887
28.14411095366272,18139490.374609727,0.9126627385994562,1.154956841272345,0.38349814114917985
28.0033894714184,18536279.961033955,0.9370820756209753,1.175145455046401,0.37722954067705605
28.00550551756706,16623517.21258398,0.8564408128771558,1.0518907538542717,0.36718514632258753
28.04620739587272,14142536.371733828,0.7523587173222045,0.8927349610532296,0.3548056693825511
28.177961580304625,10311286.07196779,0.5886914763270517,0.6493489855663027,0.339159559630531
28.275418596528926,8893862.606763821,0.5507871270425106,0.5586686572160534,0.3281282663333849
28.32670746312383,10304727.683727495,0.6592146771193064,0.6467055129187467,0.3223885636045994
28.43712272378509,12073167.555642629,0.7943083705861477,0.7586348756565663,0.3173657984316817
28.577955513120642,15201989.958805263,1.0058531377872615,0.9576487904387656,0.31514483231212304
28.69212842900981,16467935.611369774,1.0989605117204886,1.037441175277867,0.31538050815471225
28.786406640871427,15436612.332189765,1.0493160779617658,0.9705489049503289,0.3179732281336159
28.867301519940025,14488468.237155374,0.9918148794466664,0.9085701949552523,0.3249455195793259
28.921997430286478,12762024.339563243,0.8740525629325402,0.7964355602173384,0.3364477663138172
28.973420939962043,11948585.630409887,0.8245014077762763,0.7435788159979705,0.3441757222531915
29.018761906027542,12379204.84027581,0.8632486797844273,0.7711518896504105,0.34792360145451995
29.03487118652224,12534208.076588182,0.8848942134113035,0.7813713963518597,0.352009635730801
29.023610068378634,12881164.47217004,0.9237015597649051,0.8044247374183178,0.3544365620731068
29.040729350349835,13212487.025870234,0.9596450729806023,0.8254473724792101,0.35712426797060587
29.08640104687734,13362080.731551394,0.9815395708666549,0.8336478717882032,0.36033407987851007
29.132913974560704,13808560.52514745,1.0258084555392282,0.8606152045805433,0.361459320854217
29.19325073008193,14469692.691198431,1.085775781805068,0.9006617822481816,0.3608278310304824
29.166480560521556,14608152.932191027,1.104181856112189,0.9092894900563439,0.3614985076833247
29.041847317905535,14227870.551684244,1.081036161824949,0.8870459879949899,0.36325342013416484
28.877469563750395,13615876.162923403,1.0168590579701213,0.850663789558305,0.364719466488663
28.645457303336855,12593179.444061717,0.940112432419812,0.7894237182806001,0.36650483982994003
28.471947649228866,12407220.123083135,0.9161949574903836,0.7775661715210055,0.36862034277183864
28.369838654299116,13165075.35587652,0.9682174883647464,0.8213419258420769,0.371018456616288
28.254525279900093,14120650.328042094,1.032525056018308,0.87628119119634,0.37415404658506896
28.158783404034846,15600184.99474891,1.1354154174453945,0.9617204775552884,0.37807784076827294
28.073945561462665,16226324.10342954,1.1776906367711084,1.0001550630617573,0.37874403033272297
27.994654439998293,15838830.138753269,1.1473314968541268,0.9824388110217392,0.37589061699034304
27.952861646615716,15368694.636201704,1.1136906404362297,0.9617681963679786,0.37152143955289435
27.94787498478751,14448691.834167272,1.0504130052981528,0.9175336270106678,0.36455986143326125
27.875456676040237,13908794.799456447,1.0093832472870194,0.8968745993317576,0.35998682751639693
27.73320610004505,13878984.309581906,0.999827629642792,0.907402334418994,0.35825148913718896
27.57253995532811,13653412.922162743,0.9749381293642739,0.9093458357396345,0.356030617451577
27.368086406309857,13449669.469104279,0.9485122955866933,0.9152380299707671,0.3545871157658462
27.26236372958788,13166696.96458277,0.9243126629054419,0.9104843980625068,0.35088964445403303
27.269895209405586,12726014.284299051,0.8978794498813076,0.889915634511657,0.34443417151534417
27.301910643449663,12348122.629928296,0.8783372264988436,0.8704808055188719,0.337694773369035
27.39639871515721,11992596.974517098,0.8657726032926266,0.8474555953622009,0.329845733513908
27.45740194714029,11879531.326039525,0.8677983761583322,0.8465488636439786,0.3242093841364694
27.472456623144065,12066816.924590202,0.8876039781322506,0.872232843456353,0.3213281398893227
27.51997604261784,12421785.1906554,0.9221776748142327,0.9085185493006852,0.31896088913554027
27.575731752991786,13023726.266702244,0.9751696684491994,0.9633109422083755,0.3180810212398561
27.664295651369663,13971784.400050528,1.0374346068701619,1.0295629373683093,0.31924385375322833
27.795818734216464,15286804.66879764,1.1094141897439092,1.1067746760815589,0.3224574940524207
27.939872708158536,16730799.123933913,1.171966535110429,1.1730784878386675,0.328358882950046
28.104898682970358,18322640.605935168,1.2209737416872646,1.2243236774358188,0.33721887893753544
28.57938437554545,21956780.52986215,1.4913050405224892,1.537624909173971,0.35788769586480756
29.38976314494936,27773128.621767614,1.9994338092037285,2.1329767051734154,0.3916099637229067
29.988724384652823,25943199.281332906,1.6625554804536151,1.7743006402568968,0.4263353331557071
30.416385435359715,28902956.355573587,1.7431871081328785,1.9568589147127098,0.4640303255313049
30.782635255138846,27719514.39740067,1.576133066235227,1.8008160188476903,0.491400511080358
30.969231572615964,25813270.127003554,1.5097550484519544,1.7223152451201544,0.5048733393371703
30.958977838607243,21380053.816040117,1.242585794443029,1.4209257623602631,0.511445428151315
30.71536164690452,14249202.643341942,0.8136089123192347,0.9248452177476696,0.5061576490241326
30.616295393624238,10568371.514120663,0.5955266771557629,0.6763700534471946,0.5079390953045887
30.669587097132244,10523857.244370122,0.5803276525823979,0.6719095974410952,0.5177096731106939
30.63246141517988,10752277.71344974,0.5920915671483536,0.6910748779380703,0.5212825759079786
30.588796120379875,12731700.324505819,0.714565486902149,0.8345984332176264,0.5228081343916379
30.537223847394415,13340810.158693014,0.7545610385877669,0.8808664260760374,0.5241848159841498
30.457645637780963,12165665.323125642,0.6902011874716039,0.8024827368544442,0.524034679596552
30.413705612263783,11912958.559720108,0.681069017419351,0.7862648934965553,0.5243823618792538
30.403966173744468,11816936.586174937,0.6807310080443073,0.7782362394943986,0.5253742591530459
30.392159486171945,11592286.010571666,0.6723216523596413,0.7636682063142431,0.5243445427177139
30.39067514452221,11513727.96650797,0.6714166725094325,0.7614461703044624,0.5216073113525549
30.420005793445092,11144230.302511308,0.651276283356532,0.7380237989586511,0.5186022690239792
30.47907916932242,10480168.865315624,0.6111607750610091,0.6941013086997061,0.5149150891410847
30.52746491141109,9939045.929771205,0.5979101026873591,0.6607828950010955,0.49204606566108494
30.566712849512413,9451715.436286226,0.609133370849993,0.6331206001298298,0.448273316738244
30.619690018180922,8808878.612443574,0.6212503169625788,0.5961935848649644,0.41131290097549744
30.6782345149181,8066596.720525862,0.6435857917984388,0.5544083016540166,0.37782304527054833
30.646227117945745,8184909.234995126,0.7099274900039141,0.568409783747094,0.3496954657422503
30.515610010159353,9232669.723333921,0.8223417022476779,0.6425370447475665,0.3329206293461405
30.325503953852674,10782765.104009327,0.9719101345911239,0.7504489658299337,0.3263739091365784
30.047980547981282,13102597.381749807,1.1688076348934533,0.9091368064325681,0.3337334563092853
29.82260453492469,14061318.794931645,1.2571149541049105,0.9761829233853768,0.33652262656834125
29.658424956988675,13475367.690003896,1.2241775119007972,0.9394234420668899,0.33489720180108556
29.462353771609447,12598479.017040072,1.1536068867688036,0.8819093976753036,0.34264827899085976
29.267866315824772,10869106.345199395,1.0034880031013735,0.7660518175692879,0.3562663902158964
29.228910922723212,10901748.553818414,0.9965171332796509,0.7708676363715891,0.36433399934853894
29.354708955708364,12988775.43041916,1.1546018071347939,0.9161009320995565,0.3675531328223562
29.60009237000303,15409652.717803204,1.3352391014329716,1.0846099148376378,0.3692244987646835
30.010429821218874,18862182.70507591,1.5968462039301026,1.324125006572281,0.36672148988701053
30.332480433350817,20773251.512766045,1.7191138736731457,1.45083618488252,0.37101158937486123
30.553796899773367,20806418.457396895,1.6736847291908088,1.4410682221203028,0.38268457485257473
30.839852319628072,20773017.169673707,1.6142212105807463,1.4223958803270627,0.39421414288765166
31.13157324899597,19977342.408574127,1.481205455740239,1.3450414726086373,0.4081201065513519
31.320331673484596,18969693.200549576,1.3568527887165214,1.2635520733353176,0.4187648423921072
31.407136403247172,17902958.243042435,1.257514806140388,1.189878131928155,0.42491942365403407
31.396315355651986,15918174.799274322,1.0931810438358127,1.0552586502302557,0.4311453141914048
31.255676249675787,13136611.9555272,0.8842553735729892,0.8724552104661868,0.43574436574226294
31.214461269622916,11436285.7415766,0.7538167875488917,0.7598690501583317,0.4406086341615018
31.279167739853794,10845558.508854771,0.7016540378895482,0.7182118084688884,0.4461883954343008
31.306740043672523,10532874.865678066,0.6839208491813039,0.6992714063675839,0.45007397800417465
31.349034449894212,10961621.612450339,0.7314747927575571,0.732317631861734,0.45272721019002055
31.3791627490228,11034941.33372634,0.7457636935892309,0.7441982081576928,0.45203139529985836
31.384070733729665,10672075.240214782,0.721923599472017,0.7305748842163511,0.44737628704956783
31.416578042277894,10802568.436453521,0.7350042334806391,0.7523746240885373,0.44002359625694487
31.469513153649654,11189430.068113087,0.7637088657434677,0.7942044594882858,0.42918216147999655
31.422050315699178,11609665.945063198,0.7967239209396433,0.8416855766557683,0.422413815872253
31.271890448944593,12162400.587467507,0.8415840234565415,0.9014636236678916,0.42037182025062675
31.072307840392423,12797079.178326234,0.8889242196028885,0.970452810513357,0.4186505616553065
30.793224889238452,13491528.043165194,0.9379220323310282,1.0473810238283514,0.41925562104634284
30.69697373737989,14617319.672555909,1.0248900067558777,1.1419154698294312,0.4212068589500161
30.808252596963513,16190421.406001642,1.1508142803669097,1.2537650900528479,0.4243404754753399
30.97720464962448,18023303.196895715,1.2978776475416323,1.3802125164206558,0.4296396311848839
31.274753472216073,20209062.574996125,1.474964967904703,1.5234674560216444,0.43692920080837294
31.421971328149645,20991762.783901133,1.5376906051563897,1.5665247010042351,0.44850310231295865
31.389663825878937,20191847.404285904,1.4713035009931197,1.4978247500510877,0.45154272938901246
31.3726397511327,18712841.928181473,1.3511023750145847,1.37413946980466,0.4590234471999115
31.299258127741908,16056669.445655623,1.1362993604494673,1.1619738461761098,0.46560588376874734
31.229834456647502,14568545.730722055,1.014109856913396,1.0467278059932779,0.4730328638121346
31.183064676367007,14451189.656017818,1.0010020273586553,1.0437876649665745,0.48149154668450017
31.07097295002681,14095081.43507872,0.9681282254141572,1.0301359217137203,0.4896482226838606
30.908803911171013,14085641.661133053,0.9623000597250729,1.0523930815870028,0.4977160152765133
30.712348715194654,14936678.887933765,0.997576356894092,1.0944712328937212,0.5088696411310619
30.468089366026224,16592440.703249026,1.0666878531695847,1.147476034053301,0.5231916196591825
30.17716757409711,17772009.721681,1.1061173733200895,1.1853686880507566,0.5392887905930899
29.83712549002662,18482915.449417956,1.111281248724638,1.1980243473060794,0.5579658766023057
29.533131274465212,24758940.845668815,1.5049895232133823,1.7855484633044678,0.5740805046431474
29.272248309631554,20974466.945015334,1.2225707984891727,1.3646795568620518,0.5871750089312744
29.009500890535328,21117637.392749548,1.2136775372095274,1.382680078651827,0.5956664376567068
28.768084740668694,19410709.909577888,1.0873285862180468,1.2535377964664574,0.59772420430544
28.595286825886454,18561977.907304037,1.0226384009114362,1.1808797409406846,0.5948277313167699
28.496902391746946,18763160.787528493,1.032680168876977,1.1849111250812057,0.5856198106411086
28.4722809404728,18585245.26733014,1.0274376794675115,1.16749596008094,0.5670140670240215
28.539002867754707,18485022.0225511,1.0374001049703925,1.1602653667228042,0.5382498739222691
28.658303777310614,17625807.804448098,0.9984389465298618,1.1034846476559732,0.5214728835017773
28.836304235705988,15789648.785511978,0.8966729701449317,0.9824246846398978,0.5175998836243011
29.112158428947414,13723604.438525373,0.7866421778042413,0.8510664534535177,0.5147258003694736
29.483313476543984,11166390.22455883,0.6494428899284037,0.691251182322353,0.5183301816721075
29.895806120936705,11283249.594577746,0.6557400164776745,0.6975105678432147,0.5204090907749509
30.353899366249934,14450666.744659947,0.8269917317807376,0.893988332413636,0.5199638336092243
30.886546120261364,18955463.524619624,1.066939879610069,1.1738833202749672,0.5254827139474656
31.483891048956174,25712598.215942338,1.4249568870159626,1.593748927196706,0.5352749283704143
31.934471179335805,28549784.309317037,1.5659197903655162,1.7672759363140373,0.543061749938109
32.21922369735067,26889898.549023144,1.4574566104915312,1.658082976469762,0.5495696066905127
32.43061191955017,24490871.515712336,1.3029905247199227,1.5007266133444481,0.5568105963006922
32.50746258371575,19719668.75819506,1.0131876191721199,1.1927513803989542,0.5635656945396114
32.6065596007447,17013354.932542354,0.8574973655851329,1.0186921694874906,0.5648991973593362
32.73423268149823,16925706.871122126,0.8683235026946017,1.0135776429632097,0.5602060985802189
32.815449193565804,15940729.80373641,0.8403839896083292,0.9537364337153995,0.5606115096591703
32.88729678380936,15182875.913119588,0.8425644091591565,0.9112897837774445,0.5654737975879289
33.08573525599197,15309017.749871599,0.8674623324520412,0.9134342850804746,0.572065495163392
33.42513831089998,16066489.787016407,0.8974641667885179,0.9429212878243769,0.5828352983989818
33.61468731124179,18040124.90463467,0.9918018060775634,1.04440874209774,0.5953068739992372
33.672520428948566,21382149.652892083,1.1476170837850252,1.2236085146520568,0.6098266894945295
33.782864912342966,22134849.601029985,1.176210404953196,1.2579649373575472,0.6189804627285621
33.89404643663566,20130231.821323175,1.0723467981568338,1.1395713203243043,0.621620078214905
33.90249120436645,17426595.635654036,0.9259910264802991,0.9820098025148022,0.6217158870211142
33.8206201147056,13035924.6749994,0.6903114798776605,0.7302455990605995,0.6169562409286385
33.82937844815036,10448097.375557061,0.5568342127093135,0.5832588737847824,0.6089205396491677
33.923021359997605,10028943.670926053,0.5435791630434914,0.5616656213329178,0.5975147487678355
34.00693835449076,9278413.010193909,0.5192853277662551,0.5241847206272243,0.5797079651032073
34.11948367404031,9082100.063245585,0.5323330744307265,0.5213610561332958,0.5554716397918031
34.13070097054141,9336436.373918805,0.5748525386092816,0.5430451322472734,0.5372955608890123
34.02226355054162,9850820.749239165,0.6376058857733439,0.5783053806077694,0.5255938309452457
33.88428530221362,11400707.763484534,0.7643696679064416,0.6735299586337964,0.514324567301558
33.68087041051959,13968872.067156449,0.9543973806349539,0.8267347808466822,0.5066070592461783
33.562406511285616,15279753.41287907,1.0538856326388653,0.9066926723417468,0.49959254194006025
33.548355792760496,15298230.726970397,1.058442144605135,0.9112845822742116,0.49308969949303283
33.536728322880776,15141524.605170738,1.0435238678326757,0.9040544737781575,0.49121555379669796
33.56869398243433,14264978.739545345,0.9711802345354099,0.8534030698735798,0.4936285006272639
33.54459728738241,14218485.28769579,0.9742445745605667,0.8515140767153225,0.48941440768284133
33.44992416530562,15162969.343132807,1.0657265548761854,0.907595556437277,0.478402032362398
33.36751018249366,15903323.366230348,1.1500443871509103,0.9510589293872981,0.4658454703663579
33.27152086499913,16818369.465057224,1.260324831606557,1.0043157332524917,0.44910817069692505
33.33144355919836,18426804.873799786,1.3747358633232012,1.0963074360486458,0.44751058612078454
33.57257682756699,20669968.13746739,1.4836888137232578,1.2234019207794888,0.46300482126847936
33.895165358265395,23599603.604267266,1.6241681738915161,1.3894339736728059,0.4842601249546952
34.34976250987543,27350623.385199472,1.7899068896048649,1.6018826275745495,0.5165262099941629
34.67632522996331,28149891.385414816,1.7896746669388242,1.6443350458524002,0.5396518656456659
34.85007803307705,25697805.965987667,1.610155357648059,1.4996905554082325,0.5514658357506592
35.04092467034492,21908058.418597214,1.3369859372354178,1.277487676825614,0.5661461313287147
35.181545469361524,15753708.081530662,0.9174131023679413,0.918837578105082,0.5784981053982066
35.20328357960652,13096046.323454931,0.7211429243125285,0.7638825300283736,0.5886816444095427
35.107235750103406,14476145.714304488,0.7795716397934657,0.8440123513738711,0.5976309194224892
34.86848216744328,16196278.817274887,0.8692874026621628,0.9452866632339267,0.6009334877472096
34.46271218766124,19782657.429359805,1.0865633486605786,1.1563680116982775,0.5984738901896768
34.01454892528984,21874801.73370471,1.1938168729775946,1.2725998727657815,0.6147930994988018
33.51600943650898,21984067.713881787,1.1602255958910765,1.26486710819588,0.651155547192545
33.005691984665134,23003176.41883775,1.1810998220330478,1.3057418193997252,0.6930306041387231
32.51688444328581,24077990.235556476,1.1966948279536385,1.3430059319541796,0.7465279677550918
32.11853617998243,23839683.357819777,1.1609393018662297,1.3204684403522982,0.785931771405599
32.05948324859361,22449829.31201514,1.0884293613147604,1.2496716369307574,0.8080585060336845
32.12238100380764,19889220.81291378,0.9542440975328746,1.1161325106926723,0.8300898421905761
32.447665022014306,15824463.206715407,0.7484608983964773,0.9067664105281125,0.8450403460738067
32.47631830447925,14200303.182925366,0.6739045097763028,0.8257054426274657,0.8505747657241091
32.18132557892661,15234673.646639844,0.739468031736459,0.8829636720675498,0.8471457690721278
31.901466896654483,16731173.387918694,0.8382662284758552,0.9683345038354708,0.8312233613241352
31.505729857548232,19680111.904247172,1.020852925447711,1.1328907825330174,0.8017254476970876
31.267660831633535,21559288.782987997,1.1292293542581568,1.235170154242442,0.7865019547636661
31.23456052313062,22067313.623451147,1.1463675902921389,1.259261967052955,0.7868321906318334
31.17171815955188,23244499.337084018,1.1904096609998844,1.3159139955281292,0.7880542876876434
31.15271934145307,24466448.767105594,1.2217741408381095,1.3700871626971058,0.7971573946668595
31.14949530063416,24574074.57814061,1.2096109211052588,1.3682721209689337,0.8005015895078222
31.137409376396363,23650880.057228055,1.1605533300432005,1.3153360664459834,0.7966117791908172
31.18936341375023,21756872.007980634,1.0572980293052523,1.2089161308429994,0.7980123691138685
31.294315254658734,18591732.473924477,0.8913656981117745,1.034911251816095,0.801643512726918
31.379511344754512,16621575.147624709,0.7941596520483183,0.9243581106732096,0.7829674150572075
31.450498188558075,15949646.737602832,0.7698168667974997,0.882262757491117,0.74116142307096
31.53432327173682,15104906.819775434,0.7460617270925929,0.8318790372824776,0.6982795240527121
31.616001545094566,14673334.880053401,0.7543137682917064,0.80430046000158,0.6490931995971895
31.655209775724487,14318570.171092195,0.7559544247196914,0.7807599694934145,0.6109886161862221
31.647099293210108,13931970.181879297,0.7448282016929672,0.7557444119728975,0.588926855033658
31.598266173521573,14151603.10465974,0.765433450200052,0.7636365217228793,0.5717630736219335
31.494614529638707,14913710.57040201,0.8094434716344792,0.800992757955503,0.5658199857250261
31.358144138367273,15031673.699558219,0.8214876626252169,0.8052549412168224,0.5546179735305866
31.18470883321435,14521119.33668359,0.8033267647357453,0.7774187467422777,0.5371662755928489
30.947974707576765,13933266.75347405,0.7764449443480123,0.7465950699974485,0.5277385274300127
30.64839418271735,12997707.407696677,0.7281302879036268,0.6986275038171433,0.5229033043033887
30.473020456103487,12892994.114282122,0.7362323115707046,0.693859700933102,0.5187580826537732
30.433781637099557,13741679.77867457,0.8076265194360662,0.7386473185877724,0.5169056554890317
30.43929250493757,14764916.58629639,0.8947780403370451,0.7929186796609687,0.5170766876818736
30.539482910481667,16270855.262710355,1.0179857350606514,0.8724633936551426,0.5189041593298657
30.6004891755811,16852528.70155423,1.0764674462507093,0.9039896368906272,0.5221382230767622
30.611902777314633,16327851.46926517,1.0583981772237063,0.8780015289360793,0.5265419549280086
30.682616913170396,15619324.73500265,1.0286379164201265,0.842319578066593,0.5320753655257838
30.7826202971744,14337243.019759635,0.9597592394455154,0.7766009176317842,0.5385121891802634
30.852940633830503,14004122.093428692,0.9485636956521499,0.765448902949629,0.5457171208418773
30.90048277785293,14805017.705733035,1.007036994229868,0.8189577754702808,0.5535250616198193
30.931937373956615,15679482.34827517,1.0655597618137331,0.8793298271101172,0.5616913926891558
30.933995031027642,17033403.626092743,1.1497157795165487,0.9691883190915844,0.570048380562572
30.997013456036232,16975099.93595498,1.1431893940761708,0.973330214728183,0.5791873747847759
31.124898442456136,15252156.1489407,1.0296060547982269,0.8770387571998802,0.5889973121653379
31.262471756778066,13097205.338323437,0.88496585122943,0.7537249438042591,0.598945360101099
31.431035801689767,9980772.386229975,0.6762755694802459,0.5712507227562192,0.6090716273591207
31.528491850336692,8494116.98218554,0.5823437592691477,0.48881425981157844,0.6150785527180155
31.54116937294356,8936416.88550174,0.623341020166292,0.5244047644543183,0.6163919632549156
31.53405983042037,9618736.776848432,0.6856859778366742,0.5745280507727603,0.6149707106514456
31.478373317954855,11240965.501078185,0.8178716967600645,0.6820053615885981,0.6094843199322154
31.580133042800966,12735999.92441264,0.9317447405724741,0.7821745379674818,0.6077551000813286
31.861742008450012,13932789.42777655,1.014930071192109,0.8645751941266828,0.6103529063134319
32.211354191179424,15946843.64746783,1.1517415283279804,0.9970833006734215,0.612272391549881
32.68674796276938,18528049.12512946,1.3212826603194656,1.1645363507827424,0.6154581525836758
32.872211543153604,20228486.12447557,1.4234965917280158,1.2708283443753081,0.6236133415851957
32.72753940939956,21061764.90726458,1.4592670142549864,1.3159932822059028,0.6368492322613202
32.743624283007435,21544138.89991537,1.4610612686945474,1.3352392067376575,0.6550557956118388
32.33306481776153,21318521.586655766,1.4036745153337888,1.3045316887420992,0.6794142269517399
32.05303532663289,20676491.541458804,1.3391288434471438,1.2587760800333665,0.6927023390988211
31.76183375831932,19589959.87164965,1.267559195876735,1.1977433221546903,0.6937953309378622
31.427442511679114,17590540.905954782,1.140636998745245,1.0826656854601504,0.6920949482468535
31.09514667233559,14679433.414690573,0.9669097015892312,0.9181156936008479,0.6831468723057946
30.90094730150353,13572208.36169315,0.8930038957870381,0.8606556013472991,0.6795636320041999
30.86916398464327,14416282.649603445,0.9253256304653092,0.9181144428388587,0.6826906711158587
30.98347436031775,15872749.961124474,0.9983264599999592,1.0170422123780964,0.6886320006147532
31.296332041400113,18650283.55615285,1.1504694308576504,1.1985066582576374,0.7010898362798085
31.42958339408982,19039556.04927506,1.1615251101957504,1.2280646151002745,0.7071624319722157
31.370756966077362,16693843.32698595,1.0126546061177035,1.084746907241328,0.7066014358819981
31.35865936882135,13994436.659914041,0.8426405450770219,0.9161059034250314,0.7093625850221166
31.30701018527945,9979957.08054337,0.594966684658122,0.6614425908240879,0.7128773198620355
31.34295383056224,8228559.406635495,0.4879034482674003,0.5527673299102016,0.7105515511821968
31.49683669257792,9212805.814659063,0.549779269155582,0.6198012383839511,0.7030251093940802
31.642058289634985,10433706.408738362,0.6301030648396826,0.7016954565467286,0.6918029711143456
31.814620027660727,12863845.583238058,0.7882176951761449,0.8611858761697953,0.6754356136719484
31.888468492298006,14152567.281637842,0.8848367196292123,0.9470934567817677,0.653888613428711
31.837016302025738,13932794.810910705,0.8985232980556509,0.935848661712648,0.6267836490648873
31.748123140193837,14149548.163480839,0.9462033495210337,0.9526105357973508,0.5928150165133559
31.581937281422746,14178501.706235463,0.9913132327748378,0.9572639440064503,0.5515562064713652
31.485697478312314,14065244.51084713,1.0082962399845594,0.9508247354940652,0.5227323025271688
31.475272786125597,13987546.113708295,1.0055074836391522,0.9445708674523637,0.5077464242981085
31.443774683393517,13416773.737815095,0.965615571219523,0.9054591337471162,0.4966387414223725
31.42875357420777,12383981.683098093,0.8827451482201429,0.834960423716477,0.49470222972037986
31.48280333376291,12274852.401080444,0.8820795655511586,0.8289875725317387,0.4870575796641382
31.60347634336285,13109498.996828787,0.9686720229660372,0.8894943155999685,0.4724604667369942
31.796960698641012,14234654.603169894,1.076863794878044,0.9707959393426606,0.4627640296200182
32.078989678803225,15984987.332855975,1.2376516739078314,1.096298121174887,0.4545449780639198
32.136897494431786,17619981.444899052,1.3521854220117302,1.2054977782080025,0.450857648781325
31.94909882626482,19071816.857248623,1.4097684466904494,1.2927808216828853,0.45333437093917844
31.68008369359592,20980217.664437085,1.4932424123005306,1.4070630174224075,0.45807621246530655
31.24741984322723,23179857.341359567,1.5589117029178317,1.5342687417094396,0.4663128105201594
31.092499337463305,23953533.077176742,1.557574866222565,1.5697973392213058,0.4743423312525959
31.25892673615239,23206672.96147082,1.482011019837795,1.5083284571860922,0.481465560910562
31.46547192395523,21630550.92400328,1.3440344590504358,1.3885232781482049,0.4905722981204897
31.828179089250852,18752698.61371898,1.1249203455006977,1.1813142912793255,0.5005785369586456
32.071798362896644,18025922.152496915,1.053296202250925,1.1358237570901377,0.5107055330716554
32.157236247724015,19725874.498487916,1.1450001372714396,1.271724867439985,0.5210339898130008
32.31411395282154,19768032.96742323,1.1324152059217243,1.2597356376024968,0.5309670557336579
32.4718360703639,18836777.001851223,1.060350697844752,1.1457831930468918,0.5402208382936695
32.635780893011514,18122222.64810041,1.0113751836497642,1.0863849501538234,0.5517014054042007
32.8289036341165,17003204.269023497,0.9451427780330753,1.0323090788306803,0.565382124683413
32.99313626610013,15181779.132622752,0.8395350623143071,0.9202065608961846,0.5795123000645551
33.13385635749722,12638597.578319307,0.6945059217188208,0.7615308897587313,0.5946993176469338
33.28974525110764,11205362.142642621,0.6159423464335247,0.6779536110946794,0.6004459049687595
33.45260566839753,10947360.17587309,0.6066518022466353,0.6684818793422139,0.5955252669754357
33.606625618521974,10828486.172199426,0.6064454090158912,0.6712109152504427,0.5852855699346713
33.75660896401309,11292661.51437095,0.6404531358009027,0.7138868921920254,0.5666586102778165
33.880429651721045,11321620.806489153,0.6541907483239683,0.7256676571615306,0.5541161264655697
33.97373395350195,10775867.170059755,0.6396145453250869,0.6976613432267984,0.5488428054920683
34.0485888895156,10504198.970822882,0.6429161144439465,0.6857370392482337,0.5410980147819326
34.09776287220125,10248981.857593454,0.6501227618295007,0.6719625322267536,0.5344763948273488
34.08319515362258,10335539.91102969,0.6829618309719251,0.6833952929807863,0.5243029919887777
34.00003103989674,10882292.769482633,0.7482982662412488,0.727868461336527,0.509466703286426
33.858695869127786,11536551.497483049,0.8250282277766103,0.7784727448619357,0.4951047592530609
33.64647629025933,12409030.717714109,0.9203516602202062,0.8436769355169271,0.47996517263128613
33.57799712496333,13201453.30419303,1.0044847496014422,0.9017032686647519,0.4731020773426827
33.67080262718769,13852696.380418073,1.0728593618666609,0.9479460910692341,0.4761244710605441
33.81063845051781,14601014.75657558,1.1459251898778993,0.9999255362934764,0.48388665697336797
34.05541827046517,15357427.88510988,1.2151516194187562,1.0510939966930424,0.4992608700383134
34.19787923845927,15694421.464085573,1.2492109368394682,1.0717464144816633,0.5072779059986373
34.21844935350205,15581317.181654118,1.2455440623673946,1.059797549297553,0.5066645273149258
34.2672699170449,15138515.798828973,1.211085117013237,1.0232656632579573,0.5072702976995653
34.29311064625042,14236801.962012276,1.1359011039827025,0.9531463535692429,0.5053126149533306
34.36950243416975,13296068.379363596,1.0591626385065014,0.885505231133468,0.5064937101402118
34.51604527573831,12318229.009475783,0.9810654301906534,0.8210741641181097,0.5119497321690134
34.65738407735617,10970874.02393064,0.872471463759644,0.7334659042137555,0.5158477447722978
34.815227080419994,9332814.424679808,0.7410328007739784,0.6300924730744977,0.5196621566257543
34.88856904929662,8472588.672240159,0.6754514608283392,0.5773361810392533,0.5218402549901346
34.85914104716083,8451900.353804924,0.6810508267301797,0.5788830085275748,0.5214778717486288
34.79198590999743,8814854.933927273,0.7210413723165128,0.6085884175872185,0.5203751207502845
34.656022048289465,9853320.030918162,0.8199261939213007,0.6848403691479602,0.517833534941983
34.72497663709491,10923336.367399609,0.9070388446715937,0.7607916671454538,0.5218473374363034
35.026717422183424,11999934.603027368,0.9789971983200614,0.8349373776267852,0.5333047906373503
35.40358502595469,13664392.926391777,1.0925971629121347,0.9471567722320596,0.5477568201248927
35.930660391872,15794946.073985757,1.2330444562063336,1.0883905499254265,0.5674642135976178
36.21828790118073,16417030.179675985,1.2709370987054387,1.1305687917557976,0.5751672504325902
36.2262022041179,15419990.502294071,1.200306931529251,1.0664685503585822,0.5691706110047633
36.205203200294406,13664858.960683303,1.0721114012745574,0.9509389736805086,0.5596604454758589
36.05220502797312,10617221.530014085,0.8511835356143813,0.7491357870436648,0.5419769139024527
36.018023084292,9114435.011515075,0.7514487301569799,0.6555464619683241,0.525869321921594
36.138237114863855,9380390.861989722,0.7889007850998537,0.6853828874573843,0.5124651481561925
36.205772393394234,9579812.450800862,0.8294947836518233,0.7143653135532781,0.49300806243745243
36.28527752431035,10423448.224216074,0.926993831164929,0.7913739689327102,0.4697624234568828
36.25850027113571,11167878.501821613,0.9999766015699947,0.8605843366395901,0.4588499213320603
36.093643443567785,11637017.102332314,1.0338297062019468,0.909938340444392,0.4608150759266421
35.89726133756087,12772850.211605843,1.1120753475840022,1.0066519871005475,0.4696855392726059
35.63196300726685,14395900.357276957,1.2145913488587825,1.1373433764318879,0.4897872168590213
35.54156123254588,15067697.169510853,1.2464367108278844,1.19627355721799,0.5018656234924964
35.65827762909744,14794163.760761824,1.2091380994294918,1.1832417657696284,0.5047544711806179
35.834541713726125,14142367.617487956,1.1331250582038312,1.1395974300292122,0.5116486814531793
36.14026778844812,12761970.39015159,0.9948215278374826,1.0391819660884711,0.5180348303671262
36.289384654731975,11890498.922299372,0.9196747322449222,0.9775886642540699,0.519903321084858
36.25237494376443,11614992.58183453,0.9157638146131294,0.9613369956639974,0.5179179180908461
36.2279624341564,10912452.319238873,0.8926257052519011,0.9100965982279435,0.5104414512246146
36.142673071507865,10058522.790174725,0.8796896884761028,0.844950344908246,0.49635071702655936
36.0644244284948,11956427.941559888,1.0279316872362267,0.9975331988604699,0.48994692448009314
36.0127336914788,16779021.894778833,1.3446518205169395,1.3814602653685228,0.4916324398469555
35.89447116430905,18423809.77149001,1.409108199366862,1.4481197011864961,0.4933364195200518
35.72686922004804,17188954.648129124,1.2258947768414883,1.214805175402931,0.49842079106546766
35.59400283751479,35070559.79652808,2.525167738718545,2.813406256602641,0.5042657184911786
35.489107155959495,21242178.27543952,1.475971253092948,1.5711111435979888,0.5102716933874715
35.3831040676033,20066735.921115845,1.3809112796564893,1.5145506140254694,0.520438313139929
35.29353781353598,13311377.144046377,0.8809369984528415,0.9924255644375894,0.5342545110165967
35.30423039533242,9956855.016914945,0.6326487901193926,0.7320704625721639,0.5382267193480519
35.425341355729934,10644997.062135683,0.6794542090376126,0.7820287644692235,0.531769798245648
35.63234829298759,11068096.367551375,0.7214400891435558,0.8175293965677147,0.5210575026396134
35.9528602454763,12831312.20796271,0.8743072100428418,0.9610577669133126,0.5025799499339801
36.17304805998143,14181753.39567721,0.9725248028844269,1.0658521373551542,0.4950619143789911
36.28023136175291,14674665.631006526,0.9828430064134567,1.0977218245362712,0.5001352383450172
36.4042877473062,16474576.320320066,1.0805486690160557,1.2283860089116976,0.5058036541974076
36.49259427157247,19132364.24420781,1.2235727278221658,1.4204530460592535,0.5168583146166128
36.48803093304412,20266158.643941212,1.2721749185712137,1.4984137052667656,0.5307284043046359
36.39058363009417,19961842.19666922,1.235657928248262,1.4695117579011934,0.5465891452123299
36.18281857284135,19041442.040996663,1.1497696019369292,1.3908697065067308,0.5697253388937396
35.84447696336836,16949217.21691116,0.9823299219062418,1.221506936263046,0.5997092342279138
35.75559117416055,16199849.804788142,0.9228292564836027,1.1524690256350831,0.6140950429785477
35.93882931010721,16969945.134708066,0.9828824171103594,1.1964175089962326,0.6117741174666906
36.19101547370873,17581978.472558405,1.0439890631850426,1.2267075647516474,0.6033378365795018
36.609921484695604,18644399.793173242,1.152292466735503,1.2892728962872058,0.5829230834999047
36.963303780886825,20157613.417842485,1.2478862455909414,1.3712562351161341,0.5848875799835607
37.22702374010696,22005863.26513897,1.318188213556823,1.462560411208049,0.612346266039509
37.59681511995775,24680149.503747012,1.4293410271648086,1.606150406196579,0.6438354211186375
38.01835654906179,28193094.265405297,1.5662815630065692,1.7991933843245564,0.6882980318056671
38.08269967503942,29620108.861854672,1.598512164084577,1.8641257388398011,0.7279678739813629
37.77060859075264,28799876.209841114,1.5219993227301918,1.7926522464875911,0.760234384441474
37.805413611701596,27161051.609660365,1.3874992599720197,1.6686821904626117,0.8011662654453169
38.13329224542097,23938229.1459996,1.1606077241933743,1.4461427304215155,0.8463523715983039
38.19091482969854,21438588.50771043,1.0001865994803474,1.2765835864453081,0.8780428988760548
38.09177986461913,19856728.469001554,0.917029424741991,1.172501864800584,0.8962859799511339
38.13578622421164,17412044.197279893,0.8040309163139695,1.0207646162090744,0.906116855811476
38.257912441461905,14644739.850518301,0.6993380415521018,0.8572804322883244,0.9028953507664108
38.368762237583226,12959430.764978552,0.6325691098802121,0.7551339486792097,0.8940261891197432
38.511463218674606,12317865.008861145,0.5989575061057973,0.7111421691334501,0.8790408896423072
38.71698089505804,12465792.391574603,0.6151314518436526,0.7185370656350244,0.8596907355162788
38.985011991107456,13774400.974753285,0.6901536301845125,0.7969758734016906,0.8377541186387808
39.23002825297986,14865972.72254972,0.7509168679913678,0.8588445340481101,0.8282607615889384
39.45373015260209,15737261.230372792,0.7995137486930812,0.9042895283608062,0.834242068661144
39.708154461665124,17412574.36314255,0.8818913257642524,0.9951287281135447,0.8441679802638254
39.9756024748405,19625794.52622931,0.983865576832555,1.1141165449298152,0.8628817820610155
40.100874331805215,20152444.102773353,1.0112239055879555,1.1395494043199952,0.8705273246962097
40.07258771297775,18899188.852035414,0.9591744791786848,1.0664256544150206,0.864725619267227
39.95072813805703,16745550.780840663,0.8624227619344009,0.9406741249473664,0.8592270778012123
39.69059405011393,13092097.660865558,0.6947068173920247,0.7292099262092991,0.8487387015825785
39.6192659474096,12013830.413878208,0.6701155733610754,0.6641719709804002,0.8339662489409528
39.76123241314146,13830938.587149614,0.8052301019596328,0.7632490326625971,0.8157143871844725
39.91894479167312,16061371.718537958,0.9740200128135363,0.8857316038009766,0.7891045446445099
40.17580256486062,19748686.563699268,1.2318638407285425,1.090872448418508,0.7540481439120327
40.179565010143996,21973686.007515043,1.3759466805622882,1.2131098530835704,0.7389238541216118
39.887208509507346,22348996.80273177,1.38235823104702,1.2305076495414697,0.7452696420411985
39.535297481842555,23140199.922460496,1.394437043165575,1.271555351008526,0.759185683450188
39.0285939958473,23588044.86813893,1.3589104198047035,1.2932142461322544,0.7880812255784055
38.7437571997067,23141873.549511228,1.2980579520571687,1.2649682654822922,0.807222253275352
38.72967277226651,21930189.981441952,1.222930070598142,1.194192442650456,0.8144571689716732
38.726880043949606,19590430.12719562,1.078032200262469,1.0600211764527365,0.828130069847982
38.83791407521695,15969049.970501209,0.8677587485768548,0.8539662373014482,0.8422991254788184
38.76010401520206,14454732.760443045,0.7790632161854172,0.7673023655061261,0.853407811202483
38.45018357015923,15212836.105516264,0.818624307063841,0.8093581755574346,0.8627520913366431
38.1392316079447,16592189.470553793,0.903549646564307,0.8851600657678893,0.8673932888186348
37.74610341363195,19461404.76274624,1.0818027011426206,1.043559817858578,0.8664962851421154
37.389526967414,21020644.230172213,1.166793454045911,1.1259729518924946,0.8741624221878043
37.09832538411425,21021178.804633293,1.1437074578500552,1.1177045749902539,0.8906015000878718
36.74884808389147,26837999.8876923,1.3480777203628067,1.3586952693789582,0.9080999491081928
36.374404788809315,38342310.45860293,1.755815878205853,1.8332815450811522,0.929903786888292
36.24083637313561,20501279.25283172,1.049836444136073,1.09072923937881,0.9493162768237886
36.361116631984494,26850687.866594404,1.3068908819562548,1.3849373610422102,0.9653436031916246
36.63699391589418,19689975.746762507,0.9812577059312996,1.046121957659321,0.9823493508853188
37.14191762530843,15830907.809839878,0.7274127074917175,0.7798895982898523,0.9984851701251316
37.467283148198916,13259964.394548733,0.5995650864933404,0.6427981883011094,1.0022828234400367
37.585936895567,13236962.506177234,0.638155768301947,0.6780120503534166,0.9926869905864323
37.76123324936947,14961997.068057653,0.744545242687694,0.7739102778462904,0.9733775211057956
37.89346196380755,19279324.332691234,0.9769695852119424,0.9919573808224683,0.9408267384702678
38.121909254705976,20509585.08082352,1.052667852931471,1.061432253212623,0.9220983654052153
38.47672785882236,18383091.61058344,0.949917676228651,0.9601740248481595,0.9189506802005063
38.81103338307106,16640055.96409876,0.8609867221703018,0.8771900648311239,0.9117392652926964
39.16141979495544,13956090.389015866,0.7165742508033109,0.7461224717847713,0.906880368355725
39.31912466013083,12690878.509712791,0.6513300550778562,0.6889934593684033,0.8996237782427546
39.24368187138173,13369568.476224605,0.6925664581878469,0.7325585209053619,0.8877059430369469
39.05940093891404,13853996.38089139,0.7212713096185034,0.7665232044378312,0.8782329573281886
38.699074381942914,14825112.00076376,0.7753847586950772,0.8259977683383061,0.8696068790847704
38.53178465432783,15329316.597926429,0.8203766994560932,0.8583548590505139,0.8508093401652558
38.590227959220805,15080721.42856736,0.8421768560217056,0.8484691967023209,0.8216856535216285
38.63516061085364,15099343.2656236,0.8885756853145846,0.8504833882594975,0.7861386884765542
38.76112759883988,15090736.966656476,0.9485190137858618,0.8481846788051378,0.7413151981157441
38.60124398822654,16461171.945639422,1.051333289392282,0.9165225334845485,0.7170416943870525
38.1060077397083,19460669.777092405,1.2065018082426655,1.0684689276478283,0.7158495217997741
37.52721502155235,23186021.16546437,1.3917947637382688,1.2552830121128389,0.7217929504601975
36.763902416772005,28068098.143603537,1.6180571255925982,1.4996413470106675,0.7429164812958837
36.44643114899088,29363712.534272708,1.6630045579802681,1.5595221105942363,0.754138876056097
36.65051347921833,26588319.61638032,1.5041377857721365,1.4098602555081066,0.753106440354957
36.64804856780843,22370052.790051725,1.2563685438889396,1.1852121776709466,0.7589482147506735
36.57959352177936,15391317.028867103,0.8567885680112105,0.8182315648920336,0.7656196456287282
36.59223435686658,11514859.909545973,0.637127127387435,0.6134777589537921,0.7628318120873413
36.58035426939136,11308195.943524834,0.6268757787298412,0.600511437311792,0.7513401814259716
36.54738015377382,10807281.648607977,0.6111893074202339,0.5744053761535809,0.7375092589526941
36.48118589745693,11513035.906932158,0.675007760037899,0.6133282052248581,0.7192585057683079
36.51129735725677,11701168.931415312,0.6988134684860507,0.6270848542294993,0.706155476877756
36.64023456769687,10963478.772513578,0.6597903595485496,0.5948030172806177,0.6998198687650576
36.774376951502205,11366641.000702407,0.6859905912853533,0.6245145033811282,0.6944424499820273
36.94132995852151,12475543.730979387,0.7479364087785326,0.6937098345370999,0.6929392808026152
37.15671570299937,13038043.954044657,0.7812051358998067,0.7328110565062276,0.69145215887676
37.41171979851598,13238509.821615882,0.7972527526688458,0.7511867389517642,0.6896907280811833
37.717840812388054,13379996.208376316,0.8062971890597961,0.7669615038264994,0.6922700575698122
38.0768907085019,13227312.13060927,0.796482206981025,0.7667757137716581,0.6985505885134482
38.321780054208986,13155107.047910769,0.8068383446270955,0.7682926106019581,0.6883851360642212
38.439166101431496,13161366.2089275,0.8380165810029349,0.7712300351601606,0.6606174161244687
38.50917994540611,12879828.673387706,0.8618315411019718,0.7563956978100769,0.6245287778098673
38.48563521455637,12366004.15255125,0.8861652044392576,0.7259973363560182,0.5747296486328775
38.43036359794151,12255797.968872791,0.9203364856126556,0.7232423596457518,0.5451772055187374
38.345269783088476,12543408.71550531,0.9619172585963346,0.7484363808991149,0.5388452746831536
38.15755206695455,12943101.649934582,1.011702742125602,0.7811539514140133,0.5348044239740237
37.87603693709982,13603231.550187452,1.0713686703266214,0.8316983578358819,0.5418814891804513
37.82772382165126,13878782.603498956,1.0998752844538522,0.8602069001516709,0.5449916616371809
38.0309548921297,13707491.2617025,1.0940655796420815,0.8627326664434356,0.5418776380284087
38.33308792483528,13518781.882333811,1.0746900955820433,0.8668440352482801,0.5472710417357256
38.82107872210815,13147090.333372401,1.0306399413372431,0.8624106862282697,0.5575720010146482
39.07618806184907,13129664.307907961,1.0173587461379638,0.8722232507462986,0.5622133926652286
39.062899914965115,13545067.332248414,1.0398978276737487,0.900407809180586,0.5620862540455221
39.05807133363034,14002080.63685429,1.062000586488466,0.927895164499869,0.5596718758107849
38.956388698179246,14648451.364167448,1.0978699916218775,0.9610078778491783,0.5526016884413446
39.02608241556436,15036392.22862631,1.1164477258313594,0.9852719987569638,0.5501171091744231
39.310787855854095,15097861.84307583,1.1126911806424513,0.9976400677688214,0.5525560715457611
39.59729648967962,15170361.216498887,1.1131637868137447,1.0101794672864206,0.5534135072559806
39.95900648165321,15130910.20419228,1.1096579594102547,1.0186217318481356,0.5546980135146181
40.236745287457225,15332712.87431669,1.1158187190529114,1.0360828326238254,0.5612999362719218
40.39814247499773,15833603.998675114,1.1355948476161017,1.0647259278940258,0.5730575570844588
40.504197738323896,16362952.777956838,1.1560381630169494,1.0946787904634814,0.5891250185517937
40.501418889979696,17019387.660645902,1.1815211013307303,1.129644745943395,0.610788311047595
40.46393469234935,17016979.305980694,1.1682097126502935,1.1246462999449052,0.6221703576639165
40.38450270361321,16257766.644023526,1.1106324786033623,1.074494002294083,0.6221254487864797
40.17000228090282,15194354.13298926,1.0331825522956484,1.0034508294621165,0.6193917807400467
39.82506769967246,13601357.29181656,0.9231455590887023,0.8985980677204166,0.6098172505759317
39.670318530272674,12466625.029485267,0.8451349130183462,0.8257850747351333,0.6006341384404117
39.71492428380609,11885849.793595292,0.8051462738886477,0.7909946164728201,0.592619211088872
39.799882920532326,11185581.746582324,0.7608855367000469,0.7511563618817414,0.578670894758135
40.00428025241193,10618034.745570494,0.7289732416998791,0.7231411728897732,0.5603405898219322
40.10210520866211,10106990.468314271,0.7029055111125122,0.7009065483074418,0.5467798568134533
40.070983671100734,9603790.154111296,0.6798944800306711,0.6816363728331682,0.5378575621519998
40.08611144439821,9354944.208857661,0.677111943153334,0.682460800964156,0.5302358688180193
40.09294963302904,9348279.296714846,0.6936740850036405,0.7026166585852578,0.5261369504325163
40.0550675612891,9846701.836148186,0.7448067142832102,0.7537067886086999,0.5194405088564722
39.985764494884975,10937296.220386893,0.8362654662950578,0.8411697254312489,0.5098408702980266
39.860303369903335,12508818.506790457,0.9618161194558266,0.960591049562196,0.5031300604959833
39.670986797088574,14672732.466915274,1.1283333732093266,1.117840376890746,0.4981139610272955
39.47367161230777,16023030.044058952,1.2328130607319452,1.2141154716743054,0.4922780611741549
39.263384364715314,16451335.977653757,1.2670882707161322,1.2416049975905743,0.4956069485844165
39.00425337998784,16742558.38828348,1.2873416156049478,1.2535778950312708,0.4987126364860048
38.70507672316437,16526090.102583092,1.2660975129851908,1.2235948661633413,0.5055625032003817
38.564433701000155,16098261.858197575,1.233009471615866,1.1835580600817137,0.5045783904246397
38.59748297367825,15493572.18101382,1.1908563122967508,1.1362671662211592,0.49465501920122334
38.71547347120618,14240924.176236637,1.100814080344838,1.0426860761634844,0.493117359451994
38.97406835896239,12377645.361809127,0.9675323329555751,0.9081333541033926,0.4980504194463976
39.070970689266616,11451180.95661717,0.9001572752797509,0.8408224035699827,0.5013895906709083
38.98259285596223,11511434.25169233,0.9018038501650817,0.8440951103937592,0.506025478188238
38.90406429226517,11817988.903952796,0.9218263754222212,0.8684786580662914,0.5157700696586314
38.75971221513383,12759234.036999103,0.9876434584789763,0.941410715801645,0.5303122347905335
38.67621626081117,13000587.013784653,0.9997309846159063,0.9612994798278602,0.5400530250610561
38.677151784240934,12420622.832850385,0.9494077745498253,0.9196015164840706,0.5450300867218052
38.640020148940486,11991313.341798052,0.9079238289400918,0.8887620803842909,0.5503604720985221
38.5977406987715,11386653.656845484,0.8509831657697917,0.8441071828937705,0.5538832808182875
38.70608233692321,11527141.954078982,0.8508820302912957,0.8538644959764925,0.5644163280092828
38.96654833527937,12588876.526342833,0.9208082479873168,0.9309293576401795,0.5830730814164944
39.33107089452104,13883702.13158312,1.007651167542558,1.0238553499353986,0.6004617334527187
39.84080383492063,15684640.796799334,1.132643983221888,1.1527205728304772,0.6186266903729795
40.19644946515877,16192494.948018374,1.172778901502053,1.1897122939079852,0.639181417148958
40.37724682576495,15192694.944028359,1.113201137435376,1.1192761151884851,0.6239538878429902
40.56493422019229,13773758.516819911,1.0306209205502304,1.0192301427746775,0.6128877238518702
40.68424719260573,11432812.787193898,0.8909060568765974,0.8537551546066037,0.5888706160080084
40.5346517699508,11348805.999483082,0.892236006157509,0.8468405523219867,0.5846351039627119
40.1026462679555,13857862.315319035,1.0563949174477747,1.022243810844166,0.6032483557118898
39.472374633348174,17013527.858477514,1.2598325208497538,1.242452428301924,0.6255242479443994
38.585038306172954,21676465.16889263,1.5563217358649435,1.5680957856941993,0.6596392476029797
37.94519278200837,23154914.57524222,1.6385915882605528,1.6686967541138735,0.6876536282452322
38.16481956594261,20925833.667852525,1.471999822778676,1.5073059802436348,0.7071390011342319
38.34021562367663,17952953.765386604,1.248197759017638,1.2926470943251303,0.7335365922801104
38.866336562317976,12965475.141875902,0.8833664385805848,0.9351432099880701,0.7623906011025512
39.118800912205316,10486592.036265906,0.6990983661567486,0.7589660246342309,0.7866501421646731
39.033046106517034,11065068.979812577,0.7329005907202868,0.8032908071020832,0.8072713606226977
39.073660058536426,11456249.800883902,0.759330125990665,0.8368701059141503,0.8241838361634121
39.09452332062927,12850499.74568972,0.8630000306921524,0.9451301639251124,0.8357412407396406
39.138006116513154,13308679.926695433,0.9009472813850937,0.9832671065184148,0.838565126830162
39.25258934523302,12424449.69081457,0.8451495909565445,0.9219801699382159,0.8313930039295058
39.305037769982626,12108331.469535962,0.8342545346508699,0.9012012534633614,0.8140957021042453
39.31446085996582,11835600.607610587,0.8303087004730157,0.8819005994733854,0.7849157045291081
39.36232049278776,11851138.908439996,0.8363595457189278,0.8818799427730122,0.7698920351019967
39.432726694089325,12398544.29356977,0.8687089275374851,0.9186476900381858,0.7706082221768303
39.49974416059037,12957412.646688584,0.8968904989990962,0.9535555648856469,0.7726357293667854
39.575389030199105,13657719.542399822,0.926175469079412,0.9958132697180822,0.7826217753351727
39.56265056788837,14051889.344220344,0.9541093095815272,1.018097936303047,0.7769848327737938
39.4503846150857,14033091.432083033,0.9756426202437005,1.0128052256879108,0.7531109889733635
39.29102358693086,13931166.489731682,0.9967011976584262,1.0010515544097167,0.7278711303162186
39.056926940724374,13599465.028710615,1.014568556464174,0.9734266110740045,0.6951966038254943
38.99214903127238,13221069.254934657,1.0124424034898951,0.9452220577258756,0.6648179365386649
39.12025342777336,12818868.803625293,0.9884752607709799,0.9182232031366139,0.638891568639414
39.300933954150196,12166438.036813453,0.9473118352111051,0.8760974867208661,0.6188351331655815
39.600431007057516,11298177.114040013,0.8835345780133322,0.8220420304650748,0.6084769833127075
39.71867930062113,10907346.277810348,0.8592968647840025,0.8004118016490877,0.5941499631862059
39.624266761928936,11022410.60442749,0.8791253777707633,0.8130927428340599,0.5771279044880365
39.51767133950076,11331046.648678057,0.9080996899092775,0.8410389116194507,0.5687657007217862
39.32042128973893,12013546.196573181,0.9624065534552027,0.8959645753113603,0.5672978857538931
39.2693361635134,12012820.073607057,0.9646538969384821,0.8996901416823752,0.5590552261078856
39.39887343289803,11236516.007401215,0.9065123043676684,0.84558938457898,0.5448701411353767
39.53115255369264,10345744.615297087,0.8385530260357837,0.7812377558416238,0.5309510596972173
39.73039018300784,9067414.493142828,0.7402487901243838,0.6863441872657466,0.5144931309047244
39.70844173181205,8780080.85748351,0.724308567446904,0.6664348768205126,0.5059253161131133
39.42392060061833,9651236.379028263,0.8044402681193956,0.7338504359489235,0.5065026022410324
39.06618576602196,10800744.861512732,0.9101035079390368,0.8215746672209565,0.5091797856455945
38.55318566056821,12607986.247455785,1.0725526796522853,0.9584393041295621,0.5167462091242901
38.36498616679201,13455589.534368465,1.1537916591286475,1.0236511134320656,0.521113597542168
38.55546045283609,13154068.46938461,1.138269090428788,1.0029742041030134,0.5211201580689645
38.82552780073972,12799654.820281848,1.1187763268036746,0.9786364159005813,0.5229719432957222
39.30612615931913,11960513.24572917,1.0586923713352572,0.9183977053859088,0.5245027872267751
39.4275823389303,12443704.036103856,1.0908822165840226,0.9538891756239122,0.5348711921313459
39.12445287545603,14487975.379464826,1.2334701490865738,1.1027016682022912,0.5554732366852697
38.78036635600543,16874858.639173005,1.392724064868694,1.2754373592595376,0.5802127455706264
38.24358137963051,20102542.392581575,1.604948200346012,1.5083975056318057,0.6117299324375514
37.98029496510355,20970662.174809236,1.6452192876055205,1.567122111218111,0.6339370516866127
38.05663807435478,19102848.19998476,1.4856109390737247,1.4238937070097022,0.6450367759562479
38.123336910638756,16436496.19670678,1.2628709810252827,1.2204230658363509,0.654963704863255
38.3060547779109,12080830.079341806,0.9136737962541683,0.8913371324470711,0.6593203961726241
38.42698740225798,9998766.844909804,0.7407912308754309,0.739067845256873,0.6695623706733522
38.44449154900417,10616759.049852565,0.7763766979355707,0.7959687939384402,0.687067072796073
38.54826515198807,11268611.798148977,0.820695605839924,0.8608657468511806,0.7025254748162669
38.68994815436659,12994665.1077547,0.953612931264616,1.0134000572261925,0.7187786745710806
38.80455917846326,13365219.681835022,0.982042284275153,1.052795400472325,0.7276028894954695
38.90916759966116,11994644.63918104,0.8770651071531602,0.9488191928071733,0.7272219937893208
38.99786120056056,10910063.567711623,0.7979523740533353,0.8639170102479815,0.7236694207196631
39.0592995124694,9465946.340362009,0.6940724797576123,0.7448654577701453,0.7143752009750607
39.107732416990096,9035162.939275308,0.6651025375279549,0.7104717540071988,0.7107396648843336
39.13728425631631,9942204.169564972,0.7358083373592229,0.7868233738577952,0.7140826237313237
39.13072443621335,11021948.608162832,0.8188318948945659,0.8748660764806554,0.7166606457381964
39.08640708874717,12695255.193768863,0.9449599093112987,1.0101877244646322,0.7215116777887521
39.16238027575247,13343387.747627659,1.0010353397250171,1.062988989862339,0.715324582199472
39.368865907008185,12727592.812682562,0.9695841800284526,1.0135983569598108,0.6963487207897712
39.62659841762229,11981356.316067116,0.9309597846584596,0.954226588036321,0.673428843117885
39.977542759707994,10650103.615730869,0.853116041246352,0.8483435333215261,0.6428797434576848
40.20838429467329,9997852.087406732,0.8263668209833609,0.798585000751947,0.6189852313184057
40.29931778137048,10202676.9987071,0.8634855386028186,0.819663034887265,0.6035162712287744
40.388673637681606,10270027.276660908,0.8937389533214584,0.8312268608144435,0.5865096437733225
40.421440249660016,10533038.496689921,0.9410116673854185,0.8605297364104565,0.5717903111849061
40.556309026611544,10730936.718473155,0.9728284304198135,0.8816524704826831,0.5606556918391777
40.816162581441596,10755864.042528352,0.9801989437028067,0.8855900390880268,0.5527052687744065
41.079828570880686,11003165.16323353,0.9979896717202564,0.9069972573608167,0.5506256763907792
41.38990501750691,11394134.362273319,1.0166437479283215,0.9382825517478123,0.555005205882309
41.55411535360517,11480051.359172348,1.019031150495893,0.9457463262139161,0.5534994602351772
41.543998554547926,11275866.035464982,1.00731276235633,0.9309047093645386,0.5459091438646048
41.485255587829485,10936928.39160948,0.990568099415855,0.9090276756141553,0.5389771478862004
41.322573446066514,10358163.087880645,0.965715531508871,0.8727418001813677,0.5298454149694796
41.29009273918361,10169226.02734962,0.9314963527287617,0.8469317331525218,0.5218347866462587
41.414346582589694,10419300.64336323,0.8886717900300005,0.8343101463010761,0.5155408386215409
41.535163298199706,10718889.521612225,1.0340984906957633,0.9302227602881677,0.5070623024204487
41.71437605155311,11227885.300238961,0.978284664720636,0.9190747730009191,0.49713809814378085
41.783316949168665,11183369.669967111,0.9957162720147139,0.9271631216897224,0.4874383056770911
41.716144906676185,10490923.074137943,0.947806202746424,0.8714186187610177,0.47748843153900045
41.6446634158967,9643938.447163535,0.8901953720018978,0.8031398225582074,0.46691389157699226
41.52319445968446,8432527.738996718,0.8087114599002072,0.7057685174809089,0.45590835101795546
41.42014225926097,8112250.523393932,0.7948240503836499,0.6822305963370663,0.45300795698753893
41.3523093023105,8826806.910880096,0.8591106585856407,0.7442568105268328,0.4590748156643753
41.24932093636622,9801675.335387612,0.9463194505197768,0.8289390312170335,0.47019866720027154
41.13061870267862,11381915.252993781,1.08182280440176,0.9646257319780497,0.488874017968817
41.10192768863126,12174156.422544545,1.1504920309915783,1.033767528968908,0.4978030015642401
41.166234743605905,12020950.52690221,1.1399228859623933,1.0233120331611556,0.49556973058439974
41.289548811468215,11885083.58950504,1.127073740449689,1.0138827444448963,0.49271541930310897
41.50064973282199,11400562.99832371,1.0816379128724891,0.9746379060000008,0.48477618667342964
41.66027350105588,11034482.993412992,1.0465028560741052,0.9503992619592064,0.4819032604123322
41.761094458414696,10889230.144326974,1.0298324852173137,0.9502237727263237,0.48548978438970436
41.89680349604052,10434958.286875295,0.9855146081139092,0.926878575351783,0.48691705651862777
42.035093825526,9789818.216822162,0.9241048960304675,0.8918317325508611,0.4887369673051418
42.16114004475672,9472768.424503038,0.8982220124486368,0.8773293589140417,0.4899576324423392
42.28095589896353,9460574.56894303,0.9067325362700811,0.8803878917130885,0.4895768927334051
42.37642214948339,9590123.329353655,0.9321286070451664,0.8940714130673865,0.4900181021625886
42.44345546216802,9982498.88717138,0.987219172858126,0.9255445336334966,0.4907980658517613
42.46636324549937,10497694.876685264,1.0376650748770793,0.9724617745453212,0.49452910617728074
42.43639129800655,11143498.06420553,1.0822698835366185,1.03658352375565,0.501838753319124
42.35479855054744,12096157.191788608,1.1490178014330756,1.1256433731101434,0.5111080748299369
42.212128476600135,13344519.989214031,1.2310559148414588,1.2411124737504515,0.5232394772056613
42.12538664411949,13689445.428313116,1.2435141612749965,1.2715160822668556,0.5292407292337843
42.10117397354318,13050981.094210163,1.181549418001638,1.2084710550307458,0.5282752941117105
42.072561079470596,12003092.944528582,1.0807222934406475,1.1071729310169238,0.5254649811313529
42.06883615199855,10222106.258476214,0.9177896321335376,0.9372946476499828,0.5183769540002738
42.03794212752841,9608003.721024495,0.8606763105409528,0.8782424361488829,0.5160482262082652
41.97273890822949,10329205.773613783,0.9231710866516779,0.9462960411631374,0.5194208568347054
41.92278703106542,11194270.036642842,1.0043730228411996,1.0292067892601373,0.5220599612415595
41.87584859938031,12695118.71570816,1.1478336959018904,1.1736762725365195,0.5262655738121338
41.80459819836736,13124295.825293591,1.1887198134397847,1.2155465376404866,0.5306277094281258
41.7128284604679,12259877.094079329,1.1072115551397295,1.1337927095225129,0.5345498563134321
41.60498264285846,11324979.08360215,1.0184169058392585,1.0456707907706215,0.5405859614206759
41.47544700313776,9862213.328871759,0.8786090340697,0.907322258735608,0.5483686649788904
41.4078403112577,9199230.350257525,0.8140142321129864,0.8450983213783153,0.5511010215178389
41.408989710266056,9544987.093342986,0.8440894830905162,0.8789413038293741,0.5485634377741876
41.434743762972445,9887711.187066952,0.8724396867331156,0.9123239824202897,0.5437610904952388
41.50766816072244,10594113.075147856,0.9336644665704137,0.9801381980265198,0.5349530236400188
41.55322712969984,10927915.77082027,0.9652264181593748,1.0124209298764584,0.5260033074154421
41.56453772591113,10748051.925541317,0.9542552819240651,0.9956894839195389,0.517150309977354
41.59724284332579,10713749.724968525,0.9595311347214164,0.9925999904383255,0.5049839297036403
41.63325750842308,10622578.816463985,0.9637990839787937,0.9838760415732902,0.4902938062939599
41.67906845439441,10400861.779927138,0.9533479794524807,0.9642485875356995,0.47834075058806097
41.740333229842264,10104141.787281701,0.9328350954530933,0.9391508972724475,0.4691702517977351
41.799926799580625,9602254.409250628,0.8948439938394026,0.8953456429160017,0.46078945276546296
41.86030229018947,8883484.05136174,0.8366245541870352,0.8322031334388051,0.45453238929463696
41.961752501888625,8581899.87651127,0.8174805999817736,0.8061701247459556,0.4469281882912494
42.10527657493547,8722098.998737441,0.8400800555625045,0.8192313755576334,0.43782305911562364
42.27349127948636,8986462.641500523,0.8733976889590099,0.8434423702036596,0.4300889760352088
42.47660163760223,9533793.1450586,0.9322838114086507,0.8928763505780122,0.42302081244312206
42.60392620550895,9579797.188097753,0.9515577485883697,0.9031109704441528,0.41341462878513074
42.6450585101997,9046281.127372265,0.9243928216441926,0.8677878590779707,0.4013376724244563
42.66111240943859,8440883.21353318,0.8943284930930144,0.8295109516475112,0.3878580223269199
42.62184051676456,7558384.984345675,0.8443374548433442,0.7716008807151868,0.3721920755600785
42.6191036653898,8030958.598222491,0.8826080323910388,0.8008173866424945,0.3649959682718606
42.66178427247237,10048478.237253139,1.0224740178528082,0.9303045637208323,0.3672225788014576
42.679096219352,13634126.691311786,1.30319975918157,1.2146650800272436,0.3731603246372369
42.69321652988118,19347350.20827958,1.7660205348382005,1.6962197700039978,0.3857202713139588
42.71715676760236,19619672.19365425,1.776330135842116,1.7208618305037984,0.39570251557105096
42.74544093990841,14006371.211129002,1.3039616910392302,1.2613335775601922,0.40226076322703813
42.78899353062514,26017850.47366854,2.5951693357708807,2.7848046307980905,0.4123902152761221
42.850488826224776,10632953.750909057,0.8011527743861009,0.7913426364027275,0.4238793990692427
42.881327014407326,10436833.940508518,0.7799545490779831,0.8075141062152421,0.4295544395612927
42.88084587163725,10715540.272859808,0.8954049604935419,0.9567520506744628,0.42934051457901745
42.875320648863095,9509885.696185268,0.8174120204027646,0.8674265059917422,0.42489332325993684
42.85355753648331,8110540.965803994,0.7196167672009353,0.7295226766127831,0.4142249266923372
42.74774194152411,8154036.944091977,0.7351541766689094,0.7411356541805474,0.41075408935291363
42.55185534024277,9318079.871911135,0.8088287549084712,0.8403585223231784,0.4151896090919214
42.28839725156089,11677774.160308348,0.9836533022439031,1.0432883806218074,0.4192114937874374
41.936698145838754,15575838.852590194,1.2779385905950174,1.3806262223750814,0.42604328245600065
41.706755807597695,17288304.639294174,1.3951181060355746,1.5265695514364195,0.43031029165547807
41.6144366661577,16633580.723860418,1.3246452730713216,1.4667641238503315,0.4309946759462085
41.54005568760437,15693323.406970749,1.2217377146499238,1.3791859309134173,0.43324814971088643
41.53834568169986,13548548.388033073,1.013942717745522,1.183915548408023,0.43565989472806044
41.58360817979583,12498272.81476829,0.9104737942692274,1.0864585792635704,0.4359937822089222
41.671543953118125,12831052.3924218,0.9346333747528308,1.1116912092723743,0.43461445576005486
41.86272821440648,12682891.436649652,0.9258508441108572,1.0947466475824992,0.4314916748052113
42.15624731200594,12629641.162024373,0.9362893906055862,1.086859024319265,0.42613763653336284
42.3599218973259,12349480.513303764,0.9317022666996907,1.0615683267037113,0.41865986054431525
42.47025742292526,11627694.848004747,0.8943088418105468,1.0002318559357926,0.40879948800110816
42.583738654542664,11063464.127734559,0.8813991555336045,0.955131746970141,0.3960139936416971
42.65431027458594,10532146.63109507,0.8815145127640422,0.9159454433564026,0.38010764438949524
42.63631611625038,10756977.76771966,0.9127013231185489,0.9347579060736723,0.3796790104843447
42.52571579984553,11899648.105394967,0.9855472924710653,1.0248629054634384,0.39636662376692805
42.3042333677953,13524011.980624111,1.083274152033808,1.1540036489865009,0.42112977958746894
41.95274743365287,15874698.015347453,1.2147325731462688,1.3405890285523439,0.4591846876026484
41.742169241944836,16509674.805255696,1.2387965174545787,1.3872961025013182,0.48492781319111133
41.684161965491995,15202096.436058868,1.14176428267714,1.275869215215228,0.4962360492856059
41.62697929213598,13341260.21867751,0.9993120997748401,1.1174812406070984,0.5100605661956897
41.636828442639704,10266479.06126342,0.7722029541270786,0.8586148331387804,0.5199874216627939
41.64708325259704,9388372.58897054,0.7117341828863212,0.779789503431475,0.5325884318199575
41.64658189237724,11060779.371311923,0.8420087514702994,0.909727238424766,0.54954309183145
41.720196690399256,13088968.228678,1.0088991069393694,1.068493306099779,0.5624502041307308
41.85463893495813,16375928.158393476,1.2790305495512666,1.3302378188649226,0.5729527921784661
41.835417376253375,17812551.498455957,1.3915983838240218,1.4381523565642294,0.5856812094391803
41.656188346053824,16993955.362691663,1.3155958729160007,1.3589006590592185,0.5997678785715652
41.41188496886007,16160846.584138878,1.2317495889628476,1.2771604849552507,0.6140561237453331
41.04783427141216,14481647.255894868,1.0708254711377352,1.1242439091708043,0.6293075621923697
40.86588246234812,13628753.313721769,0.9913792137179633,1.0468846939615877,0.6387909319834856
40.89227650408764,13910451.82264176,1.0195547629763066,1.071323495575216,0.6418831212079577
40.93574175148844,13835892.50874654,1.0218870515060106,1.0694881966676786,0.6422741636055671
41.07378349573776,13858694.363580134,1.0408765055340006,1.081195771714079,0.6381338292417436
40.93968898816269,15670690.625054624,1.1383036450226425,1.2022141033061835,0.6451257793682048
40.48742555500923,19300384.79733518,1.3085012747668952,1.4303623458327386,0.6648257174666676
39.91925825637222,24322487.76198617,1.557195917912423,1.7189171627227744,0.6882273643912976
39.13036856929466,31205304.434350267,1.9010438309405462,2.090542466800612,0.7196155201987452
38.95923103630756,33846887.05097663,2.0066378414310226,2.351962352638823,0.7645539011689575
39.4870350911505,31768160.233902298,1.8505064125396973,2.1246871127175524,0.8236030524185308
39.417572898400095,28314702.795163613,1.6072200177132812,1.9019941618348493,0.8788868368103331
40.558259887443704,21866156.721879076,1.1885278435302014,1.465575261577134,0.9306439679147985
40.66617328080295,19931411.103819054,1.0208724184807838,1.310423663963596,0.9879892547547724
40.18111756864899,23276408.47358589,1.1457441824671772,1.4840512618839725,1.04700436427383
39.72421180088642,27471807.980181664,1.283329352167438,1.7076126501345008,1.1092158664915817
39.06369705810166,34532007.936937794,1.544147630495185,2.108423404852369,1.175115969753554
38.12317007627914,36130034.978829674,1.6531723355646657,2.1508160035725727,1.2259505341821297
36.95718797936516,37072591.584173396,1.568482511837449,2.1572327573614967,1.3430983858504624
38.347591110000614,36949817.462509304,1.5131001847035916,2.0854567276488596,1.4529455508906055
37.01156925853366,36215931.99249076,1.413946619512813,1.9705176157919593,1.5890855515565732
37.740210244643244,36620831.445839025,1.3600114718299354,1.9263870211828822,1.7104786963976724
37.87085052280098,38709738.00724666,1.3794571855389761,1.9877553904683367,1.8151375850000993
37.47556982281339,40364930.9898089,1.370849439196638,2.018617144140588,1.9210721975610832
36.145200963661345,42191540.484963864,1.361430339126151,2.0583653683796648,2.0190268575165935
35.54567582380442,41942846.31201187,1.3082128453631803,2.0058192535240926,2.1101759454428133
35.51286226380126,39163276.892877504,1.1951285757733494,1.8364454621433641,2.184669394900388
36.01062363681416,35397432.34054781,1.0643503507052627,1.6298364071743237,2.2438065705488826
37.390494763099085,29941575.207928065,0.9002399069300119,1.353599529158835,2.2820073284450904
37.67629927712074,26067506.30768531,0.7814077604625239,1.1557510076046567,2.2881777005385078
37.76933941652722,24123299.943359572,0.7181266494921085,1.0542676982023904,2.257904901810115
37.84181598465276,21909090.595374744,0.6587427286388786,0.9496252633751119,2.226494445215662
37.88688414589028,20283099.543778542,0.6251474684480927,0.8818956353378076,2.1916924656725176
38.6463092782635,19025502.91673115,0.5975486877388615,0.8241310737636516,2.1693257556005388
38.916114555679975,18001577.04815163,0.5723660573310143,0.7692990803614361,2.1357429707702127
39.56708867934856,18048733.864599038,0.5784770230243962,0.7650683248931063,2.1072161827371962
40.21012050526903,19154097.981126778,0.6122626464840233,0.8066126756935664,2.0762706220000964
40.66126165462184,19358924.051297363,0.6295026649307135,0.8120950554696477,2.0196110864635077
40.86873332984745,18683146.15442515,0.6315236481345049,0.7833981396487301,1.934056841881343
41.00674965011919,18120004.99730496,0.6382535596405308,0.7586489345398665,1.83549373121617
40.994171598202705,17232623.876804586,0.6399195343424217,0.7196490909205734,1.7168592013022324
41.03083456032236,16523259.571338473,0.6430322087962175,0.6887409626154476,1.6152488085572954
41.13755788039543,16074199.764574349,0.6483434532287491,0.6686353678134299,1.5347662518017215
41.14321315118778,15295767.471193423,0.6447135908215961,0.633845751324389,1.4523441015225644
41.09442830246232,14295102.64987975,0.6328030281531777,0.5887299778820632,1.3780376269462986
41.09798829245819,13923542.02746337,0.6541186443191838,0.5719017412396449,1.3058075104640707
41.14439398450397,14168062.422569804,0.7102167397253069,0.5827907588196624,1.234479893310297
41.216759699906945,14685486.468008801,0.7810263507496127,0.6052456745623707,1.16200813743614
41.34005291142613,15676991.69765474,0.8770519835017445,0.6483194489772206,1.086279181851563
41.334811439924955,16072798.479078675,0.9291385085929939,0.6654479267778006,1.028999709266963
41.19162538003292,15780589.869671842,0.9305957111793808,0.6524409010627126,0.9905703109707121
41.01869616993271,15479136.139506258,0.9231961885373399,0.6390098979133816,0.9579293688487054
40.77256147725539,14894581.853585713,0.8884929185822488,0.6131675840756284,0.9359575356959636
40.564152485666405,14309632.433525655,0.8630906508721161,0.5888124446999898,0.9137111254172056
40.410042627267345,13783506.665981544,0.851655519649705,0.5686866285179549,0.8891988534921115
40.222262839859404,12949885.139459793,0.8206610905398661,0.5360153307751565,0.8713414052422085
40.03035375527708,11871604.534089867,0.7787453737704936,0.49398621260497316,0.8570735347958023
39.966300148479895,11558283.327474525,0.7786843450031752,0.4861283212218077,0.8436169063513569
40.036601750942445,12049566.108811932,0.8216394401970926,0.5141570512900794,0.8313500841231065
39.88069749628736,12904831.77904656,0.8889563425515086,0.5595184143492754,0.8189572545305069
39.50359298535542,14387663.352272281,0.9945907768603766,0.6336477459320176,0.8055979076472183
39.3264182617276,15389285.687136276,1.0664286442375503,0.6851638548838661,0.7978300402141045
39.29445244403427,15824026.692130242,1.0998230417025436,0.7101700939896544,0.7954973245368774
39.1671567351038,16456194.288468564,1.1419895736337753,0.7434354844999801,0.7944622418118593
39.007019382660225,17016450.57313965,1.175534911678868,0.7724179722160713,0.7960121508108805
38.90301367753938,17573117.32523668,1.2051755090858793,0.8051528749156668,0.789979531095335
38.82989194989224,18190242.116027467,1.2345181842033675,0.8448957830645909,0.7748833085835952
38.77418062631894,18620110.727813106,1.2472885228402404,0.8777448258119744,0.7563334349813098
38.747945694713394,18880544.785123665,1.2443924435948555,0.9058046963033969,0.7312674808583257
38.846470584657354,19401074.24259665,1.2567742907701072,0.9466342808795727,0.7248590417234972
39.08150068708138,20169479.551171325,1.283732996102292,0.999488327339596,0.7394594513901026
39.449540574256,20982505.244813118,1.3102270085544412,1.0572159154413279,0.7603218370121656
39.984233712616536,21933664.80232696,1.343037083068553,1.123682166223449,0.7941955726538841
40.2480689685643,21747232.49152521,1.311571358491672,1.1323907453547146,0.8103700483638396
40.5690185930019,20287606.674605634,1.2081760521412825,1.0766596939033017,0.8055017577569185
40.81282660458958,18226860.807639048,1.0713340286460373,0.9908330034337306,0.8000089803226765
41.03144994727688,15202994.527455159,0.8811354598981226,0.856144728701772,0.7857754031935716
41.1394825332012,13920848.95255249,0.7933626012252839,0.8099871478390772,0.7779061979076495
41.13516248856822,14634813.803327428,0.823146549344272,0.8651336196349293,0.778905494422011
40.99553413881086,15736933.985386733,0.8789473859536621,0.9395444015502754,0.774701399762033
40.69564327623811,17949479.850469314,1.002790280798075,1.0697677352119281,0.7691408667795968
40.544567183410116,18507417.586043477,1.0328878039593223,1.1061496309181014,0.7650275533209828
40.55336191893101,17098364.721885983,0.9515528075983156,1.031686761005339,0.7610087992636229
40.5455608094639,15811534.344274357,0.8781337732284143,0.9619189980461502,0.7586524257825633
40.59492656418325,13940791.756000541,0.7713415501176304,0.8587095181921752,0.7583123906943509
40.47677303790901,13148704.823062971,0.7367978531393933,0.8055471378855122,0.7584493816966028
40.16101038771947,13775818.756075075,0.794517656202172,0.8209287791700963,0.7594847493738057
39.81404652335797,17905064.23210734,0.9936583991135887,1.130797575918146,0.7625088970335255
39.376164556292174,19285495.349783108,1.1051532495409155,1.1797275102184541,0.7674585142170136
39.05998354427637,21291299.819437727,1.2149250840141208,1.3100172068461697,0.7694094329300681
38.89866263432085,21305084.791653957,1.2158946299750635,1.3044033036328089,0.7681441902234676
38.742479308591776,21371835.642192017,1.2177703190637,1.2998456693743075,0.7623726262454038
38.65187688314077,20868970.257487446,1.184358263071836,1.2570750315630748,0.7504526158735725
38.6439691498042,19942738.524098024,1.131514707864274,1.1942771489368733,0.7431159150924274
38.7144833798357,18706814.59659761,1.0661025804159976,1.1193827010181858,0.7401584044712255
38.90950904449065,16557540.095200323,0.9493437707679058,0.9901743240781113,0.7344700195280173
39.23893816973189,13510030.373534245,0.7839474318135123,0.8101286468449023,0.7281397410531152
39.39018339021185,12213764.533225276,0.7166185831644621,0.7333926960898925,0.7212151912384852
39.34945377467217,12785838.90016953,0.7534322152061993,0.7663287921269001,0.7128872499364047
39.27980405658561,13941602.853378287,0.8247448701721152,0.8364067426612786,0.7044789727594531
39.102852961358,16360107.283512095,0.9681627304995459,0.9832240071143786,0.6957745384421414
39.129125106325596,17147411.1492548,1.0154637160622164,1.030917231877198,0.6886034562182459
39.39102068446927,16037661.398378022,0.9515085874667817,0.9638991493653223,0.6833651592024319
39.67435084574634,14999214.807517048,0.8891579026523876,0.90052057687199,0.6789930328322175
40.05911743121471,13301857.094247103,0.7858981472708074,0.7965240180037924,0.6761087790453256
40.27503232248673,12531808.78553604,0.7440862352639532,0.749272644897839,0.6719050883313707
40.28126206077665,12976234.873811599,0.7809986087344676,0.7760549369638052,0.6661665147200687
40.27133456961855,13287872.825557852,0.8133391750439906,0.7946076301102083,0.6608389081905345
40.16968193599868,13903544.962438008,0.8691670558419589,0.8316208781851773,0.6552401691069295
40.23321021865941,14133492.018957276,0.9012476355915164,0.8455366333252614,0.6469024479855351
40.49771607111919,13790835.499776814,0.898132580199765,0.8250005967973002,0.6357190600134334
40.776504959392305,13560508.805900441,0.905424019096279,0.8115481107802068,0.6222987374785606
41.13942265399846,13232884.179202769,0.9093167764628187,0.7925396715455538,0.6059191027702486
41.348779820668305,13012425.64606334,0.912186205266421,0.7810805607371346,0.593971361203421
41.36918096642544,12984310.020837136,0.918678766545449,0.7824491424502237,0.5869702899662769
41.37183290809629,12875211.850724792,0.9162078075253807,0.7798191912409659,0.5807031508358442
41.29065609301722,12753333.888162455,0.9061596016210011,0.7775668824496071,0.5770716586567182
41.332517097841055,12635127.792634826,0.9037196095378797,0.776822030477605,0.575597336785752
41.52745728386025,12488371.236863969,0.9079217488929946,0.7757158933456266,0.5761565604757001
41.72087089429157,12360675.955380494,0.9123499043474756,0.7773337182985689,0.5806459011024558
41.96901282165186,12246321.136068141,0.920119532695718,0.7814457526799096,0.5891432220218153
42.12978793833882,11912919.526923116,0.9079434838022143,0.7693852704454271,0.5907401601203625
42.17863279222548,11345172.466116576,0.8733559535952237,0.7398800181649008,0.5848850574655627
42.23000774901344,10645839.276445257,0.8297120797142966,0.7014768818602131,0.5770084565155664
42.2443816296636,9751269.300764214,0.7705859798971447,0.6490790169106319,0.5642959199564451
42.282898395697956,9216343.206626888,0.7399983038546163,0.6205152720403309,0.5552859070844368
42.360308911000246,9090018.06076253,0.7424511031428533,0.6191134183302575,0.5507512972060392
42.41444394657244,9051940.212154655,0.7514569981488644,0.6223433580416561,0.544151732636734
42.46266407432787,9249903.745591212,0.7789198372983422,0.6401694155051085,0.5375223869436366
42.52734549651626,9538537.9231407,0.8157242362059843,0.66614650513101,0.5280840283275309
42.60391817077739,9899488.76528943,0.8604922407234132,0.6991222883007239,0.5149107552512436
42.69574453356546,10533378.179401733,0.9281787923509893,0.7509284640719583,0.5008481029567098
42.80764462060187,11416376.4207622,1.0175258994756464,0.8207746660362866,0.48497428375202023
42.85961570058509,12050951.350227736,1.0846828434790032,0.8714115129270905,0.472319503599589
42.84690573151781,12427777.751049988,1.1285535267114346,0.9018226681231635,0.463632054186041
42.812021743373705,12776971.825728782,1.1700417787125685,0.9299632917505225,0.45573634928233175
42.734390921707636,12976130.223202346,1.1983058025148856,0.9466083064200328,0.4501020512700629
42.77455024845591,14028459.06660682,1.2745203591838261,1.0260197583732011,0.45093255667510534
42.949005314625225,16031581.998023905,1.4046168486478154,1.1755740827424332,0.4586416461569823
43.164345165331454,18407608.622919183,1.5503710820704546,1.3523742613769434,0.4726342306580022
43.464490623998145,21428738.75403904,1.7279066596873804,1.5766354985097188,0.49433269652200407
43.58806347398281,22214414.268909995,1.7484585201582161,1.6367545127851282,0.5087355094176852
43.507744654188635,20465635.951484945,1.5913345766148814,1.5107766650610404,0.5149617443245953
43.385747665133565,17776231.18549951,1.3588886104706654,1.3160092922896474,0.5216386248850675
43.15183065524885,13343572.341904594,0.9976033134738661,0.993530919126437,0.525005711011997
43.091987701666405,11376019.461228957,0.8228257484432485,0.8515388861403792,0.5319650736292967
43.239877754581975,12282670.131553251,0.8642748673831393,0.9200739545822715,0.5434638949639912
43.39941164226685,13349330.176985946,0.9240440349751915,1.0002733765819878,0.5530353883543092
43.64665996553598,15674460.266162304,1.0847794209116233,1.1726126735313194,0.5623188024146134
43.686628532248754,16518225.659712711,1.1333320049725053,1.235425221947971,0.5749996324438403
43.47883785891978,15481947.468956921,1.0407055458513463,1.1594050769551512,0.5906202637587191
43.22665781928062,14793990.414800717,0.9785210067016514,1.1082573675545502,0.6085960995596686
42.848618722717276,13737704.255412944,0.8918693232984821,1.0292052724710263,0.6297160284289158
42.64872548823476,13082146.912603807,0.838653744635905,0.9808041752451546,0.6463445986775317
42.667036013764125,13104991.080855202,0.84036414502124,0.9835906622432468,0.6579606437308215
42.68956082527626,12868067.8182242,0.8260102650004159,0.967531442938135,0.668864837486386
42.79871734972895,12616111.729896387,0.8142710275129947,0.9511414116167969,0.6770953632690877
42.83849538500939,12371662.812025242,0.8078113156381472,0.9348019666819855,0.6744819080395288
42.78161018343121,12026017.054856112,0.7986176899685574,0.9103958790620678,0.6602479784644182
42.772389023205825,11767835.608401366,0.8007895564789899,0.8928590715500541,0.636482088430069
42.77011995092628,11572125.755127106,0.8128152186260663,0.8800581564417982,0.6005724118283158
42.820549759094966,11841990.461137436,0.8529537184194653,0.9018172406932482,0.5760132681814941
42.94443054454721,12652631.01885391,0.9258118997582352,0.9638090721354633,0.5642839532476956
43.08912837132824,13793317.239987131,1.021614103696518,1.0502417042807393,0.5515734810461214
43.27203114751039,15397263.75158998,1.147037964148606,1.1709995515436338,0.5437795013192357
43.30695852370316,16253931.853583274,1.2112378937021144,1.2333830584035956,0.5364079229681077
43.17084196451565,16258995.528017785,1.2061390372279783,1.2293155172536727,0.5285506011558598
42.967014892486326,16114610.606067775,1.1813044963837458,1.2122372243363704,0.5273695427613835
42.64148924685411,15499837.232360713,1.1120341144696066,1.1574730894820753,0.5320936406609912
42.389746057122984,15491634.142282097,1.0966249048072607,1.1477802634392797,0.5315054691423905
42.22906350382847,16210132.735779375,1.1446500862339866,1.1922351008873613,0.5259794684982277
42.01671726892223,16865135.047350112,1.1874538024875319,1.2300177007497717,0.5207153770432985
41.80026583940083,17731396.946183022,1.2498883724410912,1.2821421332858485,0.5132773672576216
41.672195821850536,17959411.327390734,1.259444226283766,1.2884457642837257,0.5118593339392951
41.629878197140876,17402128.97671969,1.2039981801515134,1.2380641930867522,0.5173924292149142
41.667497614209495,16681372.617432583,1.1379258058935617,1.176233224801495,0.5240696592589359
41.81110803733571,15551432.415289147,1.0406970134032347,1.0854895877249007,0.5340126366995865
41.77971255819308,15017690.106251651,0.9880621068228725,1.0373021670877864,0.5455381531922417
41.55749367219809,15211298.103547078,0.9908166726303723,1.0412670119275036,0.5580955833608606
41.49932063325843,15442023.955197938,0.995516876065914,1.0483899980802158,0.5742492729586669
41.55501211039269,15984565.164311942,1.0231401516757783,1.0783615675750873,0.5935741922447964
41.64221319379663,16571611.999206807,1.0478437723656122,1.1085643480033642,0.6147346014492174
41.82272367215467,17144579.228406865,1.0644248500168354,1.1345874401520188,0.6380451763309163
42.124691508290674,18069197.902106624,1.1033931191402093,1.1843662966202495,0.6639028006565318
42.56083218321648,19287292.96770328,1.1586316080147552,1.2528169380038177,0.6921332553211796
42.973988710104074,19465681.18210153,1.157995674217904,1.2569600849887719,0.7175782500068741
43.365981671956234,18533935.603660163,1.0988964822392586,1.192994565772073,0.7397333657810073
43.84026391311714,17089262.662324563,1.0113917735604891,1.0970065578186834,0.7589411569129829
44.36498770444436,14776019.05226818,0.8765639986104768,0.9470134432455654,0.7734930672686195
44.63129029750383,13429163.631367858,0.8021100933567809,0.8631318684046944,0.7818422283293875
44.61834280741744,13199153.700625455,0.7966453477180834,0.8551440209734111,0.7829279365195809
44.449062560415754,12893533.482438073,0.7919998638268,0.8462002793459054,0.775479050097912
44.03604850109026,12974150.849702211,0.8154345344438692,0.8666792991257473,0.7582469197653752
43.84115865977719,12786120.710996905,0.8162639093903984,0.8625224812233435,0.7443548171511342
43.89563418480454,12197598.294462882,0.7860772438973536,0.8243670119395231,0.7340357472273757
43.89731846358493,11901939.173611954,0.7716848195819748,0.8031538616768323,0.7193555652461163
43.958567384933374,11732711.638769075,0.760132764693309,0.7850077952586262,0.7032572177783845
44.00046416625872,11894360.747652616,0.7763899425412114,0.7947793040646636,0.6865582780400816
43.99557708027733,12501593.451948479,0.8283928250770769,0.8409830273777572,0.6688046821595965
44.07230741603474,13341808.782326065,0.8947023586085702,0.901586810843011,0.6518992270289148
44.211240134367294,14508283.660885923,0.9840519866462416,0.985517183130242,0.6361437003655643
44.346781191854,14900390.765936885,1.0223675303795594,1.0146948359683547,0.6181748288307027
44.49589078946758,14403631.70051766,1.0013517716372342,0.9803805114705698,0.5983318407318425
44.679993769508485,13630374.488734802,0.9640573481310235,0.9277437589567392,0.578676758653339
44.8916607183277,12273654.520608956,0.8897900466896612,0.8349406524369262,0.5586849949740321
44.93318700031526,11781370.308326177,0.8740092795104817,0.801089096666202,0.5391073192181921
44.786780227419655,12294130.627470944,0.9264429619366296,0.8362118201731996,0.5203163069440202
44.542554590335435,12849786.171660936,0.9833732288957063,0.8737847611482359,0.5034496241078138
44.143793639156705,13821851.330145737,1.0696365611379057,0.9394978776436336,0.48902350101572517
43.91943304332574,14907883.893612556,1.1484864420709113,1.0084664937877148,0.4812714131194057
43.89546317386538,16026139.216760324,1.2128651842212366,1.0745664078032602,0.4812600631699861
43.862801973074326,17635023.457786825,1.3011368096593119,1.1712515741066598,0.4878286430337538
43.90448641777323,19667374.828002423,1.4040513832633643,1.2926683538170973,0.5026782780015446
43.8314820884581,20209405.6434946,1.4153175679235908,1.3208653281032365,0.5135630674617794
43.61418893347839,19150752.904944398,1.3291645817006421,1.2494730556561615,0.5199159189656759
43.41113650653732,17358436.505731244,1.1887945419591368,1.1305008865784685,0.5294364473142079
43.172511652466184,14318398.955602929,0.9650977962781881,0.9322871065935779,0.5392341473947808
42.986985973328636,12853918.75781531,0.8548845394623816,0.8378507717795919,0.546519032724755
42.87841974276745,13200742.728816364,0.8736734515351566,0.8622804587041579,0.5514908439161048
42.76530067251063,13554278.950150385,0.9012734811726367,0.890046102319445,0.553133126861824
42.67544873382506,14632179.919027166,0.9880765498391079,0.9677850276427804,0.5505389634865111
42.653445833572405,15635427.725390356,1.051479156259203,1.0366781335425188,0.5506848011678126
42.697961687380335,16395310.621390682,1.078690946835664,1.0855305791394863,0.5534953241107028
42.81289129515374,17894196.57143283,1.1517993937200464,1.1816062588581429,0.5545703301577505
43.01167231263971,19945679.735680673,1.2510874248775765,1.3110766735624668,0.5553307625932409
43.03927434962261,21080030.10232233,1.296808972621581,1.3798022770145806,0.5564276053466353
42.87814295860451,21307677.527042214,1.291966864533435,1.3885746920773898,0.5574995187459799
42.663098791088004,21209448.698518664,1.2604896012400872,1.3729806120836632,0.5592304308257916
42.327029321165725,20429897.47166774,1.1832582557451694,1.3100700975428639,0.5617327731740109
42.13235465904034,19702901.019391496,1.1205945215676456,1.2562810783702285,0.5593430146536379
42.104851038706634,19064814.162750646,1.0746589542538838,1.214360548035833,0.551717704210244
42.060994267861325,17850862.395587094,0.9993796231960013,1.136907619300469,0.5416606768836252
42.06717840761266,16203028.618130084,0.9073014769310856,1.03539837707193,0.5276798720709066
42.09561344148681,15969056.310364792,0.8977405920288466,1.0192452872999946,0.5204789443007657
42.130969588461035,17235160.545281954,0.9752398796575174,1.0930747803140841,0.5210800023582066
42.24098368087683,19213040.76278441,1.1016169456872622,1.2126897367643588,0.5231084747228707
42.4191373826278,22395985.622055143,1.3039912030120069,1.4074233451673897,0.5294274198638886
42.30294911229619,25866482.4412464,1.4327028199714913,1.6199687143481214,0.5538397481683981
41.869701438175596,29594091.062110208,1.477304006287173,1.8489619640043098,0.59765655932482
41.2880328545684,30015756.461028226,1.4486629178009272,1.8438658960883627,0.6363028209289545
40.4602838011111,26512480.06312108,1.301172187400936,1.563375732790256,0.672003418870887
40.043246703360815,24922016.637091,1.1983200953333193,1.4396850664519276,0.7002620148382783
40.09512551186987,24490543.58213067,1.1334938249419073,1.4233253394329766,0.7150459479916101
40.21702133991393,21277792.678645276,0.9778536542213054,1.2297646246156901,0.7177880923179529
40.58096312671266,16058647.041946502,0.7581654228894659,0.9209341132413683,0.704035373703718
40.69499900590503,13518511.05299245,0.6481128589706718,0.7704443218788468,0.6966000149109459
40.49729775028585,13440752.890425336,0.6443648612899164,0.7596260336458588,0.6954151324381694
40.36601619959762,13824475.446569966,0.6769330650833435,0.7820106685456184,0.6836820522297572
40.17461923515205,15691174.90159611,0.7867040363408351,0.8956525972702473,0.6658328735149707
40.164857086564076,17447490.106472645,0.8766960183992168,0.9909942253544386,0.6607486388083946
40.392764098080484,18940319.170310825,0.9404440463810467,1.0591206592736777,0.6681815143963231
40.53333935900943,21745000.245752927,1.0594448728806078,1.198992270821414,0.6767768100386148
40.64713550661263,25536042.15107012,1.2130544668520828,1.3876245474395001,0.6907288776505539
41.29051459522397,27012618.69477274,1.2660719762355126,1.452684438426301,0.7300252670816889
41.324394995886486,25952458.409874577,1.215388642548863,1.3906962190172971,0.7414410559051755
41.68040574978738,23861078.981160548,1.1108947868896248,1.2682315194990945,0.7603790833548311
41.9637609768844,19825045.311026536,0.9170473683969047,1.0407230514404078,0.7659316420864842
42.02469331754021,18098876.29005155,0.8417766453366521,0.9386415664315322,0.7584783363586272
41.83177101323838,19011961.373655174,0.9000767979741545,0.9788206994412156,0.7336243645354733
41.45338356873902,19765485.909805704,0.9606607603709532,1.0114225615724517,0.7116112611914263
40.818438654425464,21411601.550095007,1.075305044639329,1.0932761019120758,0.6911608290603857
40.534621544102485,22222328.589276854,1.129922155687363,1.1313872712847215,0.6778838822183985
40.641689379833146,21849305.7727386,1.1061315517629606,1.1073050207139792,0.677109306878068
40.77828277182967,21968381.326656263,1.1006590797676092,1.111395707739246,0.686778018856925
41.097209809614455,22116664.821413625,1.0833311670976686,1.1189450459062968,0.71123367025896
41.25986997568385,22252171.72277237,1.0703272427414139,1.121160309335578,0.7334338464737007
41.21894455286147,22561024.163269967,1.0724125624870262,1.1275613663369917,0.7537687458516689
41.26361157988744,22705284.624710992,1.057768727051334,1.1233201162076198,0.7859175190385219
41.30862117851416,22723240.73453365,1.032414553553314,1.108734485980043,0.8269261229583862
41.308121884066416,22722633.367995594,1.0195095965942733,1.098280412685763,0.848771384568825
41.28777917904626,22650079.74793528,1.016433083876312,1.0898929851196903,0.8507422204035194
41.2035867265993,22535828.043753132,1.016766719431941,1.0768428027625991,0.8466969566474208
41.04885912626812,22384553.70301446,1.02513371960354,1.0613371247067116,0.8296535129449061
41.03625650654028,22113075.511093,1.024252212487046,1.049536991916709,0.8005768832633648
41.172681862381815,21721534.184141546,1.0130577231355289,1.0413512748017046,0.7817554284824728
41.3497325514108,22371387.329119463,1.0035080629616946,1.0350861974369634,0.7641225466051229
41.619581240130984,21836723.02172597,0.9915879965671105,1.0323465994241163,0.7594065176402425
41.87294805569646,21542265.032481454,0.9696708041608327,1.0121516436096887,0.7480892112574014
42.09822552539952,20691220.11029905,0.9379894504982512,0.9727773392962943,0.73333057239695
42.39204517290257,19645404.44681053,0.8970107494491535,0.9256050606030519,0.7301529008561952
42.72945451448778,18285201.14541988,0.8445898265786526,0.8650068187398786,0.7369647561688336
42.974948830430634,17087727.52625576,0.7978453308554823,0.8101014175740893,0.7315736510624712
43.12694314283544,16098794.584574278,0.7574577852327287,0.7627628077426598,0.7151502786035359
43.231721592161925,14984186.386911787,0.7130895291909856,0.7089139732771689,0.6989526165318738
43.25395551467046,13864070.46433601,0.6687717636897915,0.6532831596563464,0.6785037259663834
43.25526005449339,13403157.535241507,0.6610934644742952,0.6344092137355177,0.6565370115619504
43.234748937483566,13646683.81988739,0.6932490724600076,0.6550899552240176,0.6339948461861323
43.1295458391805,14382605.69249497,0.751408702263216,0.7010768442405563,0.6062947088774029
42.948345767411006,15807032.470509538,0.8464279761047658,0.7835356661652558,0.5740638042044182
42.86680898349521,16370229.953620814,0.8916578273952245,0.8207849577719335,0.5522395473827011
42.89028312744821,15967082.018319419,0.8806350639123814,0.8069139701422415,0.5414740574033459
42.937584245839446,15524209.865022715,0.8648916630911557,0.7913535509716058,0.5350333602847932
43.053119921298354,14650996.532590605,0.8222196120347915,0.7534033414473181,0.5368185563638946
43.12996660298336,14569968.35587551,0.8328308566208824,0.7533298350228288,0.5346177162475468
43.15990037868479,15439480.112530489,0.9064853144751495,0.7991353499724173,0.5275383064447099
43.23312908955684,16353221.642919034,0.986399096401002,0.844885691484887,0.524912383074128
43.326273117309775,17633458.09892901,1.0937905204291047,0.9063834927375288,0.5239425968661886
43.252187404725625,18262427.89504049,1.1492202704028527,0.9366168808368323,0.5202900375758859
43.00322090303178,18072020.714959238,1.1411207529274368,0.9272323676425142,0.5144914564538052
42.65131816358197,17807708.856771234,1.1246649905410986,0.9132666083459868,0.5065289653444646
42.145907185642294,17179448.515482582,1.0776092576989948,0.8810907319639038,0.49536008571230383
41.973785943863945,16972689.18803527,1.0594185409522976,0.8731268034359414,0.4903246949461765
42.17606383376186,17304404.215214435,1.0784842419291645,0.895420163972062,0.4918092693879926
42.47622320481596,17550036.147140928,1.0872363094360782,0.9159621698827906,0.4943575538279378
43.00358285544638,17919173.57880974,1.1012348961761755,0.9461884290784726,0.5002024284964655
43.346956238811664,18161375.3919799,1.1057366044414465,0.965527021728856,0.5032581600818842
43.4620368194669,18200443.971260447,1.095129748586594,0.969674679431544,0.5026578339755824
43.65731308760354,18326564.227987617,1.088935215894743,0.9779204697017461,0.5030978686929675
43.829782784374785,18465480.711441614,1.0825385652017052,0.9845463211326085,0.5029614752634332
43.934803358408665,18218728.155383516,1.059089303786181,0.9733808434292937,0.5095942203273376
43.993599648147836,17580901.69706771,1.0194432842495225,0.9447154607896581,0.5241086588750064
43.944634201957804,16680087.39392577,0.9679075238017499,0.9014934310593375,0.5417254951272827
43.776407243524474,15411107.682512699,0.9004706758376455,0.839381002745157,0.564575104307737
43.594148672330874,15351948.004460666,0.8933188596639654,0.8413601582899123,0.5823694580902731
43.385831857640994,16640756.184735706,0.9532547241721064,0.9143403573878671,0.5939740776035782
43.08448696027672,18437036.183477715,1.0408599169271904,1.0150623201952893,0.6061633932335142
42.70537426249973,21171223.015372213,1.1771604448015374,1.1661106279209092,0.616197459752183
42.44167581148381,22134514.71997416,1.2228048095071244,1.221694591978413,0.6220551889673337
42.30262553105865,21063979.356520507,1.1646879733002538,1.1678619143960312,0.6238155027161876
42.20367863472298,19624277.116075434,1.087652303011616,1.0937223223035428,0.6200383010351463
42.19633423491903,17096138.52869586,0.9548028083715114,0.960600836362647,0.609926935189933
42.14603291459452,15864230.786950469,0.8887070911952506,0.8978823808959648,0.6019416116576086
42.04498595854979,16219022.348910742,0.9041542135123579,0.921201573828102,0.5960981403315917
42.004657901636435,16410440.251155404,0.9112537632559753,0.9358929706878907,0.5873464728537287
41.996673159807976,17060384.753922332,0.9418997731259526,0.9756733357756527,0.5775142510239378
42.03445889409303,16969450.59125514,0.9390791875435524,0.9755037836923012,0.5693429980161924
42.13414741452581,15890925.495295275,0.8905586603874963,0.9220627964916748,0.5627402669746886
42.27130524017156,14903028.285843462,0.8494924523846764,0.873821660982785,0.5578023450725034
42.45508238527698,13667925.392179126,0.7998362731691372,0.8124934668756023,0.5553401322186492
42.58133126851548,12746839.767689597,0.7596015212908921,0.7662674747927867,0.5446728049926122
42.63843312323368,12296206.746677183,0.7358510986099066,0.7434177906171134,0.5251862319858503
42.68508294956643,11773816.496376295,0.7070507905999847,0.715639341740425,0.5027934277883691
42.691878729693514,11355093.579109468,0.6793306534014454,0.6918101652786042,0.47479158418482365
42.646933941623764,11951937.837939672,0.7243585375288399,0.7282197376435462,0.45176117394100396
42.54819945001712,13613241.415379161,0.8472869714429124,0.8281598282407224,0.4348815028406773
42.37377849724128,15829246.697043657,0.9993582251612043,0.9575697967959851,0.41684111193818574
42.11555906437296,18839440.526932355,1.1988939387814206,1.131031977194186,0.400406003125761
41.96244133753954,20893020.432462458,1.3495466368574658,1.2533542862249543,0.3903295573293322
41.923001085343024,21805502.97280611,1.438397560087807,1.3136446400494637,0.3866802517301416
41.89624000023155,17250307.331325352,1.0605230664903282,1.0193196124487212,0.38958379314669944
41.92931104337525,17272032.043234218,1.102251419537408,1.0308650477240258,0.40055385440945135
41.912241108628876,15343641.06264908,0.9625852248726835,0.9104108341795627,0.403980849746821
41.83264407122322,15298951.817012422,0.9708944825631489,0.9069436337120402,0.39915979914838834
41.78310448008094,14772416.253585808,0.9505746944653246,0.8760053388935818,0.3951428870998659
41.73738367732473,14336779.664591799,0.943348187167601,0.8521887200181677,0.38814726020436224
41.728591652449964,13984287.40696512,0.9317469190227244,0.8340194447907896,0.3831046866522894
41.7705936952689,13553059.608915776,0.9033404075552043,0.8119740557571704,0.380874154490438
41.82868305948353,13496164.897846239,0.8995784101322405,0.8140605265926376,0.37597678804962
41.9152833268241,13792082.207643744,0.9146532305023832,0.8389075912766044,0.36954905821997913
41.98825751165531,13877854.65691106,0.9161761642571107,0.8488510971947892,0.36643278915638383
42.041248360727735,13803008.014810346,0.9085656857544689,0.8466568897998731,0.3662759227944207
42.10583333839068,13839494.973900948,0.9038356146532666,0.850518635899309,0.3675023815401116
42.1703791495235,13884522.288710564,0.8963827410836231,0.8532497486533619,0.37116069647211813
42.22640847552056,14063541.641511343,0.9063785948045422,0.8671115588654448,0.37126857534155266
42.274986360668514,14409464.532028783,0.9362797211950833,0.8945022323081255,0.3673496082255271
42.31005718123067,14793893.439391157,0.9727818964605908,0.9245683684155337,0.3631083263048068
42.32869003625297,15252872.963658113,1.0213218610197685,0.9606721699813205,0.3570231212676042
42.31389864202741,15950222.772234557,1.0749335789813124,1.0074404665836383,0.35848663369335054
42.26061194960984,16888830.688451342,1.1323788124549665,1.0643304614548974,0.36861591692805595
42.172776534480185,18021345.544448722,1.2017032196908966,1.1319372239257393,0.3817170958147789
42.04300296350394,19392188.476718605,1.2813232217753825,1.2114660071679042,0.4004080366480588
41.98272120216139,19625538.863424186,1.2905304558116402,1.2235567688471496,0.4133102893111596
42.0000611398387,18591955.971859243,1.222316065167142,1.160870345865718,0.4191986205107916
42.03412179786483,16979038.035185203,1.1134960110318812,1.0618560162864639,0.4257853638859545
42.114213717885946,14399538.010439213,0.9411318902954177,0.9040619199767218,0.43009165833889307
42.12916384700896,13067668.20442227,0.850931456056009,0.8251554096033407,0.4354515802039262
42.067522658756474,13177559.92830673,0.8548232331414778,0.8369582269387088,0.4426181327319706
42.00763918300607,13325124.982347086,0.8624096225315391,0.8535531940831264,0.4474905323683177
41.92118603103437,14080352.437241757,0.9110392576645955,0.9104543746433711,0.45087510744401477
41.837210182208075,14272206.677745027,0.9239785269837312,0.9293261284140616,0.4518105203632547
41.764014111485416,13719987.570185328,0.889801186569574,0.898783897583247,0.44954109779850127
41.664585002778274,13460043.37938225,0.876492176504681,0.8860788583515895,0.44500044346985407
41.54669970111403,13193456.079767287,0.8647087204696814,0.871282345345229,0.4376208788251991
41.53107844626546,12801914.369148739,0.843846404603957,0.8494530566062416,0.4325472058816308
41.624573648456995,12385384.945774553,0.8203420514569143,0.8270724993965286,0.4302125555626703
41.7759818892526,11770098.780090744,0.7845088695080491,0.7910437083857556,0.4275548819346197
42.01818906560932,10948219.4384051,0.7351541106828664,0.7414112916714856,0.4259242479032032
42.12869735790989,10673547.72046163,0.7297071925999726,0.727096244939635,0.41773964664452456
42.08930124374702,10975019.438727831,0.770975815758974,0.7497808880588579,0.40215103850586187
42.035582360912464,11485654.704111552,0.8306002333117423,0.7860226333054346,0.3838920721763599
41.910162849996624,12395440.902648814,0.9233302649149867,0.8481038920667591,0.3608990292347497
41.79838246500466,12991316.821098657,0.986588392698095,0.888228015977548,0.3449980991321781
41.71352598338333,13206548.869751373,1.0145132967645996,0.9019765109171414,0.3375193634975121
41.56592087961435,13544916.874780614,1.0497135052476712,0.9227162095822081,0.3310880961068246
41.375232280437814,13828773.159435205,1.0763426392959325,0.9385083756964403,0.32892889410949017
41.26854239778795,14049021.101283984,1.0959799645191046,0.9544700921950522,0.3241415921919707
41.24558450787271,14241765.143371886,1.11144242731585,0.9734830143713149,0.31584587703993616
41.25927333054316,14266976.159852903,1.1088119033799426,0.9834027406671346,0.31015649343634527
41.34119126513256,14120106.744501226,1.087976797780814,0.9855100963313803,0.3054119802643508
41.38181037679936,14016201.550039688,1.0765310594653759,0.9863270073619977,0.30284694283662106
41.374638500063405,13937151.575852258,1.0734735973723264,0.9839784746643117,0.3033170059245365
41.4002167181788,13764346.073647115,1.064351966633639,0.9757098255207876,0.3050448463784858
41.43383696880001,13535409.576947514,1.0548490664305408,0.9620579974191279,0.3086056828023249
41.41091144081984,13678316.442067513,1.0625713924582356,0.97343033681828,0.3128692621699293
41.33301228843064,14224445.961056605,1.0884689885114156,1.0124033658240386,0.31758771322048296
41.21225237564613,14996622.33609797,1.1285756181709705,1.0646031224571746,0.3238554893047987
41.03150648803268,16116383.5459534,1.1882290533820674,1.138580667969491,0.3313530330084723
40.92526225968184,17241028.95632668,1.241234903094222,1.2108010625917793,0.3351470175414678
40.901068457549876,18356304.923604697,1.286871486051521,1.2798020119281546,0.3348432438580855
40.878534706434365,19741947.960010584,1.343088552774748,1.3633630765993878,0.3324905629944859
40.8906593000351,21328004.982524034,1.404213943240721,1.456266596435308,0.3266753821729579
40.88573863113274,21550817.218198393,1.3898499858936475,1.4664056965723884,0.3252603174028192
40.85504960223941,20287414.68032115,1.2934921427573751,1.3712655156826408,0.32880551276146774
40.850504735234985,18225509.857434426,1.1486366937245773,1.2261919717039855,0.3322382821498724
40.859475282718684,14923563.895472795,0.932190312459099,0.9979432573273856,0.3374982446573236
40.85072369282811,13533646.609758737,0.8352326895410671,0.9008840211195406,0.3417705057244927
40.82800446824095,14315789.698592506,0.8733654394280329,0.9526221108495236,0.34447323671224545
40.79717820373725,15366873.995152816,0.9344355648162462,1.0255855984163542,0.3485260089155344
40.7516390442257,17503900.14782574,1.0683776522094968,1.175336279721461,0.353196484087354
40.77520135454628,18198575.89344433,1.109656174562672,1.2271992664445568,0.3574680176444143
40.87454271896048,17134311.248709206,1.0389440100664131,1.1598797384128214,0.3616111511585158
41.004481006295755,16205714.619676266,0.9777138171293462,1.1037479329691797,0.36556729260123233
41.18739979186411,14755040.02291401,0.8832713687075006,1.013596330386582,0.3691656139918646
41.175263038519475,15509521.288193295,0.9074185413516985,1.0582702436991185,0.375048030297376
40.94292906354404,18892062.978087984,1.0746432330488032,1.2649858148693394,0.38338504499976755
40.62675474657741,23084879.86933831,1.2787592699114902,1.5176067963539168,0.39278938299379007
40.15783351347658,28877435.85861296,1.5634552351944313,1.8650226879982235,0.4039493148096223
39.787884472042656,31712263.879533507,1.6872103185466938,2.022593687695669,0.41592764467578097
39.540641441450596,31079651.283593528,1.6213976871343256,1.957553076132403,0.4286388349070155
39.41148901402524,29833665.848288536,1.5183825890478984,1.8474625338881365,0.4431427393042657
39.48098506436055,26734247.96794345,1.3117276067592378,1.6142512493930146,0.45926822167442666
39.54259719853997,24745677.419539385,1.1804027312972634,1.4632465138756734,0.4743038965917127
39.62080759222302,24243616.18448434,1.1463956477285613,1.4193971966366503,0.4881666762936717
39.9077837902258,22734188.80800342,1.0663508910343253,1.3165287719693504,0.5020615697738464
40.382993582930254,20950084.928128295,0.98524006376209,1.2058171946563487,0.5152961684427456
40.59898223857151,19411891.261664104,0.9101017982121452,1.1077274055177164,0.527099449422525
40.55305680345415,17908230.89660357,0.8280758551357958,1.0080497975607854,0.5373316134173882
40.46250428135013,16751198.775459146,0.7711273994326312,0.9368973573277324,0.5457172566495005
40.22159358101594,16032215.007133609,0.7392567261250215,0.8973647848984031,0.5518999949403754
40.11732814587617,15599358.135000192,0.719032816320825,0.8699328189357542,0.5568900983491218
40.179824025575066,15567023.313426774,0.7174555459614831,0.8621574616304536,0.5605045514426737
40.18439176314555,16114771.045352107,0.7428878307044774,0.8882631354226467,0.5618000350059408
40.20078831295233,17287882.68573416,0.7964121885207527,0.948686026529697,0.5608422969576814
40.16437872013506,18001907.69905422,0.8322342342086196,0.9837253660216435,0.5637368374181075
40.0466017515475,18226718.61550744,0.8489274411410206,0.9918257127724146,0.5708763609289312
39.931281025560864,18567402.964595277,0.871612572218247,1.0047976746055072,0.5793154665932797
39.79581872277907,18766699.862637483,0.8892554387198606,1.0082883881960485,0.5906920069500323
39.7449252115046,18327002.021417763,0.8834135673752157,0.98100826095615,0.5906984932981502
39.798708644914285,17218849.265912488,0.8528821534055521,0.9214388268072167,0.5779875419072016
39.88889465203613,15460837.16686377,0.7969611916565191,0.8273422627610265,0.560773712053383
40.048280402804316,12886547.657553922,0.7092064600425131,0.6909852188235229,0.5351928053809767
40.03088795312797,12305764.203607742,0.7148385674044275,0.6589687195589505,0.5163566721796414
39.81186167662747,13916653.545588734,0.8228193673140058,0.7412739559225532,0.5058610560439498
39.53773688055475,16213285.073003788,0.9669498457487372,0.8599643679210172,0.49313850631895745
39.141874624832504,19934822.690634884,1.1803847084599384,1.0535108004108447,0.48207608325675405
38.97288247274562,21521100.75288174,1.2742723524661255,1.1354883493761279,0.47507774800643165
39.068631026621084,20613583.26484605,1.2299110604089516,1.0872287950994985,0.4717146089426957
39.20613235959463,19574505.090389658,1.1665510562267916,1.0313387870145754,0.47410932352379903
39.47883394667005,17477066.61170266,1.0343085181700724,0.9192248933638086,0.48308945124126557
39.512621434095024,17613166.82209156,1.023935575507459,0.9275283687439638,0.49398166210852223
39.26142428948156,20439731.747664057,1.1592337232109622,1.0802780152815157,0.5073530839151944
38.982415646118916,24796478.522545423,1.3387550066224057,1.2801434830943845,0.5265494526385822
38.57506260771816,31706097.330940526,1.6168882369878792,1.5781649908128594,0.5509646999962037
38.391853524097264,30062191.357807055,1.5951259814063756,1.5904782977792062,0.5679582823785827
38.48181168294195,31233191.116118256,1.5636171169664288,1.5617281709212343,0.5768487837216141
38.59306105294298,28417822.292744245,1.410605829310281,1.4195919284620595,0.5834291349967474
38.821966706863755,24328895.064037275,1.1806971296485267,1.1907378254171903,0.5843304493595538
38.847109056505005,22168200.84026766,1.052421872297693,1.0691321199484718,0.588830412404401
38.621908632073456,22426100.03368032,1.051569270841159,1.0808999755301187,0.5975575386606811
38.38026346778737,22177206.188803345,1.0319419522032331,1.0707034570711538,0.603020439522313
38.03388216107031,22423719.499591466,1.0453718154521126,1.0931333876903166,0.6072560838262013
38.050912386840274,24157495.886343203,1.091831843014406,1.163994415673768,0.6199648518418452
38.492706590132975,27253513.341692418,1.1610242175018795,1.2736411799067593,0.6412327820674911
39.063923409363454,31712624.784432482,1.296349630714978,1.4599996014268777,0.6679139641684629
39.89651847281153,37788164.248701364,1.4987788831094984,1.7284204922004314,0.7025505968098837
40.364752380187554,40328357.87381776,1.5183753909229847,1.775581144715737,0.7221451003343734
40.39938492248949,35188502.38559845,1.3416769014920498,1.5835153091363199,0.7249009886816713
40.41333301449179,29055671.056405652,1.090780286093981,1.3036196754550833,0.7240402057287906
40.240011578503015,18819681.204221155,0.7004537903229487,0.8563236889887866,0.7135598162812261
40.126069344293455,13261785.119104374,0.49150278976192496,0.615116528175885,0.7004300931778952
40.11462062481317,13198652.11286864,0.4934020918363036,0.6147362451357544,0.6855740547766702
39.94548766841381,12887669.369971776,0.4964607077967513,0.6077912947469188,0.6604103097403039
39.67805961713174,14525654.6888039,0.5829660588033991,0.6898209503197358,0.6262626575325336
39.65205769672099,16092487.123322444,0.6638470043895911,0.7674334624047899,0.6021213305692742
39.86526365056625,17058562.181978658,0.7193547013205606,0.8176514567867251,0.5883293864295907
40.1981299159554,20219090.149093524,0.8610067323256014,0.9648111640536723,0.5764877051878293
40.73518983417352,25093669.554009333,1.0677981548189626,1.1867823848255328,0.5713195361767699
41.06295214429871,27073191.67743164,1.1513792384141361,1.2743886567302896,0.5731283940903734
41.15340445081384,26169598.043969795,1.1107815431535304,1.2273261783071518,0.5822971950409381
41.278993578519255,24282960.452660836,1.0220585163237557,1.1312963747357678,0.6029540790480808
41.3395933814132,20299628.078876674,0.8386434449872496,0.935206115319308,0.6360448286431006
41.384551404344485,18204596.40690673,0.7572441097504696,0.8324942675952841,0.6471599740786774
41.43703872720149,18306861.959686022,0.7928557525055842,0.8379771368294535,0.6344736378602176
41.392850364503985,17743122.44445123,0.8109415117786912,0.814963810316081,0.6157983324922743
41.26372336554309,17462386.22702356,0.8592863616785528,0.8097895736028267,0.5823097166312284
41.15580358889542,18462593.000553355,0.9413395403294591,0.8552022239422002,0.5690171512562676
41.05852265112007,20598096.384091344,1.0476299468724732,0.9433066498828967,0.5794080020626422
40.92534042598409,24140183.3927608,1.2149396002570976,1.0952019653537826,0.5892176087881463
40.77577778139184,29357522.58508461,1.4448192840421072,1.3198819860304878,0.6073597813900883
40.62914728816067,32506572.90189184,1.5629397974102492,1.4459594653280337,0.6347161950088844
40.4850186030585,33424696.770410538,1.5621319844524078,1.466482822123812,0.6698099105980396
40.347782925283965,34178823.671226405,1.5290401780033254,1.473299972806779,0.7196366426862052
40.22396649346407,33850362.28552418,1.4196249530742007,1.4241994860695844,0.7847316771055362
40.26391512683984,32775099.95039131,1.319323573696581,1.3579013461397573,0.8272517222668007
40.48459634579158,31036475.849904843,1.235807441208846,1.2797816791933243,0.8455028087636174
40.7943247921168,27690032.838382073,1.0897574662956389,1.1352125382906089,0.8584894787350327
41.23584789954297,22738156.77298204,0.899343920566363,0.9305655116359518,0.8566024413741492
41.438385275531836,19582747.570376072,0.7757279452243346,0.7994399592101523,0.8553343879375377
41.363193392572654,18314024.193893474,0.7187998324682152,0.7441326900543151,0.8560568344940404
41.224210435856364,17227641.34585182,0.6876162167001587,0.7027983524820888,0.8429243030217426
40.91923585839289,17154766.705339793,0.7099428727468398,0.7081802274097753,0.8189953349676661
40.80411549156536,16685398.458788218,0.7031463893281363,0.6952456055122144,0.8069727164725417
40.915466558152,15674125.312764313,0.6630576232626505,0.6587186175987514,0.8065523687037061
40.993241230716976,15505194.284755882,0.6541873189530762,0.6580734541742589,0.808641675723027
41.1267537109607,15880551.434272211,0.658876964513847,0.6796720876277124,0.8186454647596756
41.207699270544445,16331414.85279538,0.6798667190388172,0.7050518758173031,0.8168971902103198
41.20454853159587,17021460.39437934,0.725286070828631,0.7409880372864358,0.801888489312082
41.24008480704591,17997154.603753235,0.7819995354366133,0.7879252662219894,0.7876403374630312
41.28266760809185,19211315.88231318,0.8532485396977425,0.8439629976337153,0.7694631916941951
41.296013479349845,20695903.266357243,0.9385206047430282,0.9111169470540563,0.7501113337222802
41.29136136976667,22447871.036540933,1.0362980342064774,0.9889471423203925,0.731060464737502
41.260943142627745,24435596.679091666,1.1501908696902636,1.0756729919799326,0.7145233754179412
41.19872763787231,26660889.84353543,1.2797103408231758,1.1713387430907696,0.7021269777079298
41.266347146746874,28075353.843442246,1.361242337467362,1.236775569845275,0.6891701999452505
41.47533515313774,28563090.089202072,1.3889038553272386,1.2674568884721669,0.6767861265346365
41.74427759118381,28611175.00242112,1.3920942180720675,1.28140850127763,0.6696133816691533
42.116470794926116,27909404.433276232,1.3526030516720136,1.266910128664161,0.667530741910888
42.20232268963237,27089331.688450254,1.2996500492972156,1.2325597153728225,0.670153413635985
41.964100038920925,26170452.099891964,1.2338396738934119,1.177410056955382,0.678726999942148
41.62398698388512,24550630.931254786,1.123780688986716,1.0857647485057025,0.6941561458656003
41.07595209194486,22342038.365212183,0.9739520175905025,0.9573425276218533,0.7171307748881192
40.74776531453169,21338151.414618265,0.9163165568826834,0.9115004728593765,0.7307691512602489
40.68362365614506,21619405.913711525,0.9582270941742068,0.9559136637851563,0.7340383627371738
40.58684064687388,23962673.452538915,1.0707358562846265,1.076962579532839,0.7359753349862866
40.5672976464296,29002446.186355446,1.2923094360101741,1.3111175175441667,0.7322135832955475
40.410546980095845,29877316.955752723,1.3080179727556058,1.3397761725780732,0.7380997168376049
40.07592685249743,26464698.170739144,1.0995955974444873,1.1474741214521806,0.7552125059256458
39.75555355968859,51471363.58659827,1.5777796699560829,1.8536781162295701,0.7724763223398131
39.39086264538641,32903378.068894,1.2453300256140165,1.377020300967476,0.7937590383556704
39.18649005843518,34760515.57208394,1.271171065551475,1.4446240240094672,0.7935626007355681
39.18216144702755,31746164.15455891,1.176532498884463,1.3607545617091372,0.7684317342945712
39.23483356914616,27477102.91630945,1.021153514343245,1.1760510251180933,0.7334341416971676
39.407194211182905,22553397.090851016,0.7974099848535028,0.8880469291163315,0.6811698218667391
39.51872199648136,20069920.53849201,0.7041767832018003,0.7677009732372941,0.6486790374455552
39.5482585793328,20539181.68434305,0.7523235320733833,0.8237089495449106,0.6396250282250004
39.63899222010161,22874915.96260264,0.8384155040832472,0.915171962884577,0.6297279824062076
39.74579909287609,28154056.839953955,1.0134858278446706,1.1085008290514824,0.6286361230376307
39.95123019584992,30327174.197581816,1.0913316396283188,1.1947938314319821,0.6226842098367935
40.2772717534678,29104424.349342976,1.0533548880119323,1.151269377963498,0.6093206647945574
40.650042214016004,28484426.44258639,1.0322805034464881,1.1331282975559238,0.6032085212580509
41.095575598931404,27064706.48700232,0.9812367640167335,1.087761337362495,0.601009319896716
41.41863670637518,25786929.71991257,0.9287839128184993,1.0405849567522447,0.6001838962308765
41.59424794631528,25057367.250772167,0.8875342891716593,1.0067329356142964,0.6025659171398073
41.73708014945406,23344124.59204705,0.8058582028676922,0.931877343282808,0.6071178207947693
41.79107913854227,20921076.244875584,0.6914963348808191,0.8237726890452636,0.613912207189934
41.91147867001707,19504752.88958712,0.6561686922602405,0.7771718489468838,0.6122478332893674
42.11333083401315,19016670.674798846,0.701875431927797,0.7916949094343175,0.6008576788948222
42.24864469577663,18827610.111283768,0.7803317298617424,0.8270955956744918,0.5856458114571712
42.351773151344425,19322532.02480083,0.9194281503592506,0.9059718201976048,0.5634964434347733
42.26720781534995,22801184.637804836,1.0370808682118204,0.9947274998648459,0.5732993378228285
41.957680665332155,29539585.829682026,1.1272845279128336,1.0914768428507458,0.618879637256232
40.73022320701015,33867905.59687115,1.2507383000956822,1.2319657804577038,0.6931888459741534
39.5246514231425,36023291.07813949,1.3885041180992708,1.410406060197281,0.7793205245191926
38.48034928235372,37610011.990323916,1.4579488306096091,1.4982754003832648,0.8423181629888815
37.95141668148939,37349425.655120365,1.4565300421652756,1.4889919835136407,0.8671385303164095
37.265786293286055,36896760.233989455,1.4086787410893724,1.4406943403302666,0.8956647108000797
36.638597723529855,36154422.89487959,1.2913904262574083,1.3192659090152374,0.9130369127133277
36.42244174761368,34275457.68303848,1.1940746109889835,1.2191501621787328,0.9325724657034284
36.60392778169228,31522889.273799594,1.1195558175925415,1.1466292883742073,0.9582331891117604
36.9462646709761,28174785.7841613,1.0027706976198443,1.025595584140791,0.9714682286202623
37.52632322812709,24167520.991180513,0.8626753120240532,0.8767423745503116,0.9756827679953283
37.844997800847715,21583297.547696736,0.7764165937247295,0.7853201374914289,0.9831679944780389
37.82766502468751,20690314.269551698,0.744610998290923,0.75082876858003,0.9921055086311942
37.75950273106453,20530994.442248784,0.7442052043838658,0.7475035091918697,0.998768497941883
37.490723951795026,21741357.16819277,0.795707743205909,0.797291853888719,1.0053434735529267
37.45386130141496,22198406.5346294,0.8132798500263778,0.8184459901128537,1.0135425489763563
37.68463439953656,21789873.535646155,0.7933391775671923,0.8078127882185568,1.0236590991019416
37.83619448106026,22148869.0374349,0.7962678953051441,0.8249135829693919,1.0357632739765688
38.007748983409456,22812717.598331925,0.8030835098309577,0.8521367386463955,1.050610846289568
38.22524929120955,22944841.86251919,0.8060871286412481,0.858617627819459,1.046098975397937
38.45221825700045,22648560.33226214,0.8104465779883744,0.8476995158107126,1.0204168140380987
38.74761255761564,21995690.57772063,0.8059260683583528,0.8214966197764381,0.9656256021211695
39.10854559649718,20796410.808788434,0.7913848479313258,0.7726584019435963,0.9035743770877753
39.393720360161105,20005325.442359887,0.788607471821212,0.7446207422920507,0.8866346727170035
39.60181989220737,19637346.101349846,0.7965498198997184,0.7384096326182562,0.8806661454232084
39.79705699298877,19059255.860055383,0.8032576830477114,0.7262640203907799,0.8627426676132092
39.94549021467381,18473640.820939325,0.8129683226115164,0.7177674416501426,0.8267406586264917
40.058872089250784,17515825.399472184,0.7982128951019427,0.6906540535749841,0.8046462447744144
40.13702062405136,16086734.03381132,0.755176641721982,0.6403514909078005,0.7882526899207487
40.14451427942749,14501673.982863199,0.6996560980898247,0.5844873952054224,0.7675199982612152
40.07934130960719,12643535.850575257,0.6235849788920823,0.5164584675044417,0.7454321198375837
40.01486112775874,11934340.95555135,0.6080120829375695,0.4949984152089316,0.727369882394195
39.94752490909067,12537629.1515479,0.6609385831224995,0.5271250814217439,0.7123928943241388
39.83574341343262,13680981.18255382,0.736790512666801,0.5794781364528624,0.6984451019424636
39.69371383340296,15771987.696792778,0.8578224285747706,0.668811140199299,0.68642638728623
39.4545193213631,17873730.510417297,0.9772730141705422,0.7612570005523623,0.6816363423482067
39.10753033390961,19912911.0187263,1.0905953924426541,0.8538422296716246,0.6845132291635132
38.69370829662869,22714265.498670854,1.2401155530944916,0.9781252195332601,0.6931416024326889
38.19307419229977,26076603.739150148,1.4154930921613016,1.1269214164874068,0.7091034357722518
38.08488894484752,28037790.31336544,1.5090893640362344,1.2128604998711106,0.7223847537833409
38.41809926477059,28509275.2540972,1.515600738229843,1.2315745032566008,0.7323394815350612
38.94968387779513,28280877.2333615,1.4786412244034914,1.2195843051455781,0.7452647952119491
39.81617065624986,26823294.770628028,1.368981599781284,1.1532994228645148,0.7587018878170985
40.226062813203946,25307655.251024175,1.2716079834049097,1.085955766049167,0.7685961754809497
40.10978362490896,23770283.253918517,1.1905977638891578,1.019630333841718,0.7748660961731854
39.96796595258701,21154661.289458934,1.0580354260926068,0.9068555942659358,0.7773668014017924
39.59653787641684,17677186.591519073,0.8917698628380025,0.7577902669048998,0.7747854934293423
39.492375200095104,15594358.411505213,0.7879166750280018,0.6699364347408401,0.7777684202237638
39.72757799405233,14966929.079251483,0.7476702646138611,0.6458937084575691,0.7866182680997991
39.89452447574323,14845380.294985816,0.7376826638997287,0.6453953683372197,0.7948266167492685
40.122481896930594,15810059.392658394,0.783006630252879,0.6936189371419675,0.8048245670812791
40.2116416259335,16048787.500746014,0.791181504229977,0.7129094508652942,0.8102475898310751
40.10404516915898,15442256.751937358,0.7576715726279818,0.6984486271911072,0.8100138909156102
39.996707530383816,15377195.857640797,0.7497977358843464,0.7100705826110701,0.809012813832403
39.82670505833938,15446250.852542523,0.7470980127644268,0.7305437742701745,0.8054557250813954
39.806890287278996,15059652.86677159,0.7346153400262208,0.729419857032227,0.7978185579924846
39.97592800916582,14308184.437820269,0.7178307417003854,0.7103129360004993,0.7862471708219296
40.18098407044811,13130523.64426984,0.6885865309659143,0.6744223582472576,0.7697233326629579
40.485239586491254,11387827.45866285,0.6440288028748283,0.6145922354228068,0.747715286425298
40.23542361861083,13515241.864595568,0.7664919133485961,0.7215319134376806,0.7344646186160794
39.359200912677316,19877057.039870057,1.0710781082880838,1.0112930979445738,0.7308548142825158
38.28099882686553,26488973.563722644,1.452588288106991,1.3526864483732017,0.7496834521641846
36.82275915138089,34387364.149002284,1.9598638979454643,1.7945729688019367,0.7967453439032449
35.72469000790858,43482424.91487691,2.1700271375555675,2.080670159995386,0.8443879389589395
35.717831919995334,34843912.0119106,1.865051725347706,1.813296828897868,0.8247681045652844
35.61429920150983,30598463.801108204,1.5754691630108484,1.5624523395247747,0.8363002275326048
35.908369489724755,22249527.84714117,1.1150701937286325,1.0902969054727047,0.8429245820355328
36.076134594791306,17812458.040274166,0.8610465741032924,0.8576708655495411,0.8452086886327056
36.04571702723157,18607361.152719412,0.8849316974594819,0.9180869767028299,0.8471525279025452
36.00264020064519,19321228.034377523,0.91246435962385,0.9593399365529374,0.8419309777153856
35.80066343574778,22019434.85548336,1.0535377506899333,1.098247641853383,0.8296234111812544
35.69987734900963,22675208.796336245,1.0822154310805234,1.1354334407672884,0.8230350736566916
35.69242419804322,20621195.35808165,0.9642128404477183,1.0318147957520079,0.821797242998653
35.50261950897137,19595045.71701384,0.9052863041818575,0.9799342666155223,0.8198044037055232
35.163894708149506,18565417.245779585,0.8486877426469773,0.9267220274883708,0.8198163489711865
35.09821483360156,17450586.81657077,0.7880447436798587,0.8712062911091897,0.8155471414512124
35.29032455927483,16672526.616076667,0.7465220839325405,0.8352752781675198,0.8061927654989643
35.54093818058429,15493633.579850039,0.6848798142326457,0.7786066953082139,0.7970902930377088
35.940840698250916,14008265.342207141,0.6078911652016371,0.7068196507407751,0.7866927855362478
36.06027895581461,13800438.20253031,0.6048021852926143,0.69640849691838,0.7731889161635419
35.850147195333676,14899352.022451684,0.6775709712417824,0.7481386373735093,0.7569712927436603
35.58398928358611,16647505.056825211,0.7887451501579306,0.8310917752436513,0.7207325181485883
35.145484041090185,19442903.29281419,0.9608605586349326,0.9642551344632889,0.6623353705053775
34.87374436934638,20395609.355326906,1.0348978120758021,1.0083078307713147,0.5915486028578334
34.81186844714736,19251912.789596003,0.9969176039189381,0.9510937454079472,0.5764724035142686
34.697962452175794,17729497.845165838,0.9420472825487037,0.8751817421469931,0.545028830074854
34.619499801151136,15067469.345837036,0.8285226746875356,0.7438988256883878,0.5312826986791219
34.445604282160076,14410922.736722955,0.8146443170674521,0.7158176602628565,0.5140500608910283
34.141153229030955,16120167.894562198,0.9189512425521097,0.8089653710055147,0.49347649171675656
33.83833300981984,18051415.35833351,1.0305880152415026,0.916733942094079,0.48692822934314756
33.498000343666035,21037436.802656643,1.1912369571595214,1.081261521468468,0.4918957324402649
33.21359378281786,22931708.538005408,1.2900837674925407,1.1848749688219857,0.49233729189190084
33.007900144706404,23402979.448697735,1.3092267159987525,1.2103953894674897,0.4900524515690793
32.8046135802274,24170347.336029492,1.335884030737941,1.2492672394518465,0.4921433698705568
32.633306806808086,24657540.359608084,1.339631155680934,1.2700086803315072,0.49574850629592326
32.589459994431024,24714126.64773827,1.3227459515083955,1.2693709583425306,0.5049494769898683
32.67939379441293,24463329.28654222,1.291772520610546,1.2539460126963933,0.5206109846202734
32.88574206333895,23522394.577507187,1.2198585013971224,1.1989876243009892,0.5388961501305182
33.23848716964313,21853463.18469488,1.107212201474037,1.1033480204183361,0.5609174294718746
33.26465730344651,21379167.861377407,1.0635039377199684,1.0763710303090468,0.5732273306770781
32.928084165663705,22174031.37139059,1.0929036632713462,1.1220130532571597,0.5740387822032068
32.70362953505602,24225478.67863708,1.141841514189027,1.1856153538565046,0.5705283877059166
32.48814290864011,28112727.826440223,1.2379796535108283,1.2944521827097821,0.5586916053249051
32.216290476685266,25578434.117108367,1.2476365504957556,1.311891175165072,0.5616966287561385
31.95416398535262,26136560.000818368,1.157981669195849,1.2242613139924998,0.581576793851751
31.674608007435754,23590089.374025393,1.0562945031636828,1.1195862582401463,0.6036112000541085
31.38943524769967,20435795.460339442,0.9079845012982837,0.9620264530073149,0.6337642054444317
31.133631988447043,18769338.661847483,0.8268328542035512,0.8766786919042455,0.6531714499377512
30.912953330671318,18928341.668388367,0.8287353381514488,0.8800613863872305,0.6592537221521502
30.733052055937932,19027182.103021413,0.8309291729401935,0.8826462191954747,0.6659415453903993
30.60815761228793,19767505.364223607,0.864312592034538,0.9181093828938525,0.668176266414003
30.569264161071544,20615311.566756792,0.9031960549286385,0.9629123374290364,0.6756935307397549
30.62952917214753,21401976.464150313,0.9400543421455677,1.0094649459264573,0.690402473699101
30.792558529337036,22975407.707094267,1.0134732467035754,1.0976813260511964,0.7034590012135272
31.075583246108756,25209072.784779556,1.1173419380467597,1.2222819975933923,0.7175420625715376
31.010431312967988,26690652.965092055,1.1789155676897398,1.299302573096458,0.7294168445776311
30.56035804882097,27432891.51556828,1.1977074309080675,1.3279455721352487,0.7378832459825891
29.966798375522444,28039182.661415715,1.2047627514393517,1.3456224709186866,0.7466226069203805
29.10300699771979,28176594.14255892,1.1822963206158998,1.3319146229503194,0.7545445011021938
28.71471465342699,27965093.226017937,1.1620032251447832,1.312056497900442,0.7605198306935158
28.87248257440851,27397126.409604218,1.1456955025187066,1.2874661328995314,0.7647887477782234
29.110279865128074,26124131.34453206,1.102549109006141,1.2281724689594584,0.7668862259887484
29.623903422098543,24124286.126273703,1.0385045575415848,1.1380442440336134,0.7665342286291089
29.80144813662875,24473185.258617952,1.0467289850905883,1.1439245255307031,0.7697650639097574
29.564013567902435,27376757.235353477,1.131630246302079,1.2527272190594525,0.7769215704183094
29.368593863278157,31322234.203702036,1.2524457182508923,1.4056335502961397,0.7831951386589912
29.054451811837666,37133777.10128613,1.4339221699099587,1.636319750558469,0.7899670364544532
28.934701490151753,38786667.37935715,1.4695200765807694,1.6903757590892285,0.8052157829512461
29.074563489060186,35715603.146655686,1.3408531653164542,1.5446269613323649,0.8119522882648083
29.19384484988403,31502287.81180305,1.1677735347128564,1.3494141916671407,0.8188977307869232
29.381410639805097,24539540.58277736,0.8952868308107388,1.0371221979717826,0.8195637477190936
29.54137619828622,21317754.286425833,0.7634961161100983,0.8872394006521225,0.822025172201411
29.638894712665866,22567873.640058346,0.7985514234442996,0.9311107160490087,0.8250794756199221
29.79294870465657,23821118.21253144,0.8389189117457864,0.9777898985106972,0.8236235603256389
29.97308051489245,26782544.490324594,0.9477615823107219,1.1008516034791633,0.8184147416960204
30.09391807383811,27217597.259602346,0.9671302672500578,1.116849572610636,0.8087265824869657
30.161102553959772,24441935.883396897,0.872645596468462,0.996699952872529,0.79342829456448
30.190004958044753,21887955.283918627,0.7923544752534006,0.8890789010768493,0.772781666707083
30.160056772048517,18408297.97682127,0.6840961780083588,0.7445869695519005,0.7459996193618094
30.198658255550423,17022390.255357016,0.6459574543889333,0.6864416836114869,0.7307837994950055
30.31176668446442,18318765.512135047,0.6988147182124932,0.7395526786005742,0.7285288435309616
30.419596289759458,19932033.161527596,0.7621755604342985,0.8054455515814144,0.7298890512716751
30.5521518489985,22749261.45366646,0.8652583144662188,0.9205101193224141,0.7396311369841123
30.64986136830349,23908598.750183895,0.9183203207448452,0.9689574470819222,0.7382511555345379
30.701581070127222,22984418.3087128,0.9071516581388398,0.9331241109652894,0.7239006353487055
30.759275651056004,22103601.709636923,0.8996107797531656,0.8994480506778664,0.7100789061273954
30.806594503415056,20479705.11136039,0.8707281714470771,0.8359202961135045,0.691865050320687
30.874446736297653,18993716.112778313,0.8346798751900206,0.7782789807656183,0.6706616642056317
30.970764296658018,17865293.386784002,0.7970807297430218,0.7354005865453506,0.6475112679551955
31.06767189765116,16005093.592274817,0.729708344411293,0.662921896118039,0.6314121054265283
31.17474929832843,13637415.534220649,0.6356911916063848,0.5698996328866203,0.6240523586617632
31.20788538370553,13561306.46646216,0.6517215224595667,0.5718644312101993,0.6129566504272814
31.156425413615697,15897088.523695454,0.7859888022919265,0.6738273705998682,0.6003777794832049
31.068173713384613,19480313.78060784,0.9752564662432694,0.8275451459434456,0.5955296969514053
30.91880180246534,25055857.095311515,1.2562044723034418,1.0637601398000398,0.5972210299407064
30.725794910229077,27632382.250017595,1.3824475059481547,1.1713624202514692,0.5991444995290859
30.490007731873376,26799583.314162057,1.3321685215426424,1.132842427473904,0.6026617204725117
30.180250704189962,25598670.603444915,1.2550003221712693,1.0760867150026552,0.6110770163653818
29.797590511062236,22741688.753318902,1.086420045713558,0.9464206691885623,0.6236815999423608
29.647567348704857,21543205.511138804,1.0176433028353349,0.8947060001914304,0.6272259445744801
29.75352258876818,22444732.250551794,1.0725563292293578,0.9403852394329858,0.6209322872014363
29.969643077271492,22888582.01822281,1.1074817852320105,0.9672749564047887,0.6109037291256733
30.380057432877898,23734567.35795896,1.1719667975482517,1.014342125981301,0.5935726717269759
30.509586385142523,25066580.96978696,1.2306169587905886,1.0751825535698707,0.586242816564376
30.31743913644644,26685913.692118686,1.2688108780893752,1.1396387483822565,0.5903381198708337
30.10552249755443,33554776.636402234,1.4351818000519023,1.3201392301671175,0.5944148075172602
29.752118110653562,46133710.292505674,1.729032412093336,1.6224578817967086,0.6028007364307008
29.683486072376034,31863843.100158673,1.4257323105713677,1.3995072396742114,0.6109289903904153
29.95696153558682,33961615.25913762,1.4457367901009992,1.4310781357476767,0.6176506385930295
30.269300390541652,26193826.33957014,1.156153993581009,1.171804650075371,0.6286939676279572
30.73605665876009,21388770.736088295,0.8133439168747837,0.8288970987585051,0.6429103120203449
31.055605739076924,18879152.015172705,0.6652511311145203,0.6992092641174621,0.650773032442369
31.180311285828527,20536055.036771644,0.7482733571014761,0.8142425352288831,0.6522016980877874
31.35103814132053,23091585.93898559,0.8786460433937018,0.9634714280650287,0.6509290113998976
31.48604908364536,27679285.97704792,1.1396122653264202,1.2360615948947584,0.644566008629667
31.77868255575259,36103845.12198665,1.244365089242789,1.3544633851891994,0.6440745939119386
32.267649759026135,30253856.538406186,1.1609443985022185,1.283309415196598,0.6502647895639737
32.79430891207122,29836638.795544874,1.0993131149249769,1.2303160599996024,0.6557982881342909
33.414926088208425,27109946.35772004,0.9861674441251758,1.1228762946027506,0.6633492315996167
33.828807086357784,24969070.287211627,0.9003594162565542,1.0387117540608675,0.6712159683425688
33.99433575122585,23995785.554156423,0.865671681724536,1.0010987061851375,0.6787256343121907
34.1011680306907,21805144.17141524,0.7851794290498446,0.9134829938685806,0.6888435207798249
34.06326315324715,18940132.115891445,0.6812346509571953,0.7976806646421973,0.7011363898986512
33.94722679405063,18110768.51061258,0.6626011943504239,0.766538738087285,0.7068549071037177
33.762171683923185,19262904.738818627,0.727106136658015,0.818079673615765,0.705652911098867
33.39771958010377,21522811.695681147,0.8402330356863796,0.9152249140563301,0.7014165045255809
32.86244706669579,25555448.225845885,1.0287518337224195,1.0857137499338714,0.6918720852198018
32.56361173709645,27632036.903279424,1.1250593363542256,1.1705074412541199,0.6944276140887848
32.51745683108715,27500239.516781554,1.1173817353324755,1.1585562941636487,0.7106532514111489
32.52961348620459,27528245.004439723,1.1093262117926213,1.1502464240379722,0.7303012042667499
32.70406524571675,26799685.9656602,1.0590214789777757,1.1062369173551478,0.7579946119507167
32.86358986622926,25851056.166532964,1.0139107788713084,1.0601282486026293,0.772642201947749
32.99543180487929,24868170.144572157,0.9835415506437086,1.0206151976379367,0.7719050558928936
33.276725962364644,22840831.78355186,0.9103463352863034,0.9391684736224296,0.7697668701432877
33.67346087891419,19879496.079031058,0.8052377643082671,0.8233749623972457,0.7606246422357434
33.88648496765245,18222066.14961083,0.753567710525148,0.7576209315077506,0.754520927512452
33.91474954244171,17886838.44932596,0.7546233597646177,0.7416955048881514,0.7531119727388697
33.88178738359045,17846635.322625272,0.7746544657888985,0.7396176040768218,0.7468419677260686
33.71416882031087,18639502.577790044,0.8342438019438733,0.7716025871532,0.7382334934253629
33.5549470625653,18549750.68557233,0.8461188653451754,0.7671175541536702,0.7327063967975519
33.41159921703574,17420122.907098345,0.8035279221925924,0.7203210699699385,0.7296507947688177
33.15069038935846,16525182.206095336,0.7658576572917322,0.6821373788693856,0.7281789965771918
32.799532702102816,15449527.841095436,0.7118164189025576,0.6356054495662964,0.7294893765606432
32.61751315169452,14755606.205230584,0.6852205800905369,0.6085282949898839,0.7242491237125235
32.609791874943326,14614975.170798318,0.6947982608770604,0.6081218187129103,0.711903809393335
32.668933199365156,14440698.7654705,0.7028705968648653,0.6081112820627791,0.6979433177705354
32.86089709087228,14408998.071178032,0.7218585719930596,0.6169327369177752,0.68005159636451
32.83619350011088,14507356.334979244,0.749265468640471,0.6276322960819146,0.6663361614554174
32.56654440657312,14678107.832732983,0.7817420944424981,0.6372612261034873,0.6578263119187089
32.27638544107091,15077669.595743379,0.8309578005472772,0.6563473851260957,0.6376471255939354
31.877610130662248,15693845.48811247,0.8960740251035133,0.6827285179228832,0.6068182132802714
31.635556603154225,16145710.239199197,0.9465222614904445,0.7063298743737799,0.5882731714436271
31.588992723477624,16428357.96178008,0.9817997256927943,0.7277011408949623,0.5802640660383771
31.53967275088519,16717114.236196538,1.0162506764366772,0.750013133117941,0.5710572546661897
31.559738458522045,16919727.348389506,1.0424445981678658,0.770977928727968,0.5649332471686305
31.494963359659838,17780567.479103122,1.0976041902001166,0.8216743746154342,0.5567863076573855
31.3167462451304,19372633.995257832,1.1853267859170886,0.9049120310792211,0.5451577566586798
31.15883442023345,21266526.899207436,1.2816626450643984,1.0041039571746897,0.5353403416411593
30.9787041688873,23664408.860535506,1.3963061896178426,1.1277649084513375,0.5258104628125819
30.77385558515747,24689785.7824559,1.4391106273625023,1.1820276318163754,0.5196587920570942
30.556010622807158,24147617.556671567,1.3997680003613986,1.1575591751760703,0.5177532600175618
30.291288816981776,23082063.653150804,1.3287756338969943,1.1061373802579295,0.5173827115246153
29.980230310603417,20971864.25675913,1.200590869246822,1.0018087417884853,0.519560668210947
29.829259815659697,21095183.292032212,1.1670317116966316,1.0016983528759242,0.5228760423425581
29.850960759556155,23776316.086249158,1.242859415359111,1.1212837514442244,0.527040440923089
29.946899246416457,26342033.974148896,1.3331556506434525,1.2630596239141267,0.5336504930106576
30.172095651868396,29598452.66936665,1.4780148927282972,1.468733672295451,0.5423565417268549
30.311893791019305,32410721.404706124,1.474091475137535,1.504522008216529,0.5450202410449628
30.34852367410138,27520527.490689497,1.297354007638066,1.3434869575321067,0.5410394423251457
30.433577739495405,23404198.64334276,1.077991338027332,1.1316541663908,0.5339896445220028
30.51479415486339,16513049.362206083,0.7604561179307634,0.8049779629932912,0.5215946474183427
30.62621419019837,12714143.139084117,0.5830615673160998,0.6258587307755783,0.5135856628830449
30.78327506642039,12633175.685230257,0.5741003128173441,0.6245338110341692,0.5106422173487953
30.928443559383044,12504700.208071027,0.5726410476795253,0.620804712378034,0.5060102360652698
31.071754586570997,13781841.350776875,0.6426028748201335,0.684087669439806,0.502009259040348
31.275536937997124,14937181.028262394,0.7052616869532566,0.7466777387783889,0.49859177774441565
31.536487951587752,15613952.427330839,0.7450918091331952,0.7919991353331416,0.4952109623377763
31.831723068923893,17771076.231288347,0.8544572605693532,0.9111912268545372,0.4937123030337799
32.174962638847376,21044754.66332782,1.0148500405628447,1.0883673834368512,0.49406724552992437
32.4093333331111,22195545.088221956,1.0745739904318896,1.1544896029822829,0.49096323451369084
32.51993668496195,21216048.147456292,1.0326747471621902,1.1079214467377312,0.4843300955961065
32.59190842452547,19413975.635829344,0.9490206241134589,1.0192573864117038,0.4767752989289688
32.58210584650749,15993551.083310427,0.7857917931966593,0.8466447562967079,0.46703447646182855
32.61415186052994,14020669.630289473,0.705127492121074,0.7489836727931252,0.4576711669379698
32.69938073468494,13723831.532798985,0.7189103149918297,0.7385030994005466,0.44895690967053553
32.739991614828284,12944961.141661154,0.7164636426359228,0.7028209204930224,0.43860493104051373
32.765102783999986,12416345.384295678,0.736950916095283,0.6800277266447655,0.4271962329926929
32.59562018728765,13180163.003831374,0.8129927396110342,0.7247492948503644,0.4215465022920288
32.2027817360508,15165997.104248274,0.9397587533152747,0.8333455480961921,0.4220591647067547
31.691881582943033,18461338.81831055,1.1333349003743312,1.0102192490818034,0.42594065223874766
31.00841523929159,23361294.439298432,1.4035812991099794,1.2708350872190146,0.4350736367779411
30.699232111509446,25847682.136805452,1.5278457188327599,1.3983319663109244,0.4455350340967793
30.817771255804562,25696536.012869973,1.4931274825669407,1.3802766414748655,0.45722908924907957
31.055700837914465,25121547.832064707,1.4160923639917602,1.3356001569374873,0.47381912424882655
31.56277465748556,23108369.909638245,1.239281423969726,1.209283953969121,0.4946128523795307
31.822073774909665,21764419.890062135,1.1302102012626924,1.1261616235624463,0.5132777160372051
31.781699014203994,21339260.749743104,1.1055047764404904,1.100519803063478,0.5297910812996806
31.696964872920994,19960343.116503477,1.035307851142249,1.0256572503752386,0.5468199388070749
31.426322662996874,18122223.426058013,0.9601198545856552,0.9312535426814246,0.5628162783885078
31.32727330535299,16495948.83018028,0.8849934121006257,0.8465778143181643,0.5736426065550876
31.42517347738468,14918442.000367736,0.7978565836408161,0.7622723888012323,0.5787378413376578
31.41769050598516,13423640.377386931,0.7273983401503129,0.6861841550015101,0.578641130766983
31.382018514482706,12133165.17652767,0.6729681292197601,0.6233659601407338,0.5718552169241438
31.300673439832885,11706167.988497868,0.6566918860188727,0.6048521355606798,0.570670223997908
31.132172888839143,12281886.725033766,0.6879747349344779,0.6384913422723231,0.57562280530241
30.93499084925245,13665189.928969273,0.7575054800257728,0.7148921624016711,0.5792323112469381
30.69012989976983,16106046.202298058,0.8758713673351703,0.8465091417042427,0.5844162179606249
30.494816664367676,17499757.233403075,0.9473660705131978,0.9237634217770678,0.5848220228616297
30.36273149470985,17723873.276309896,0.9659953046648938,0.9402036613849659,0.5793843889062346
30.227229269880894,18045753.383984957,0.9890134096126729,0.9613951151624994,0.5709197120519499
30.115673540175937,17946646.75002168,0.9925137778907144,0.9602173407152861,0.5574611228440809
29.968137870095866,18096319.987031963,1.0173536749010306,0.9741670174018928,0.5477586855692147
29.775979927761377,18618012.37884383,1.0699014577491317,1.0097457798729346,0.5423329433896922
29.591606835583672,18949318.66392318,1.118898972909917,1.0358453132605923,0.5350479592260444
29.39991918135201,19266801.69847498,1.175131232413836,1.062250792966044,0.5279350118592326
29.262449256288658,20307106.17794873,1.2392492214498199,1.1244213220435448,0.5207806661466333
29.191233966370564,22094537.58450329,1.3089886684282053,1.2231534361955034,0.5130228281980793
29.14604078024807,31759506.33273273,1.7135739921116186,1.715837916500644,0.5063129651884863
29.14617326858428,50264742.56115403,2.4862802285555428,2.6501205636082137,0.5005340046190758
29.12005451547758,29188296.39459233,1.5191831231856938,1.5906809754207165,0.5032487366139875
29.06058546693914,42706701.702121,2.0558586010382998,2.2395315382994956,0.515606609083239
29.019830502415353,33637529.91756473,1.5839175336023228,1.7493456221335832,0.5291641504462711
28.979893650325177,24850760.24455797,1.104435894828738,1.256934372183184,0.5458255875496225
29.019386412418836,19736173.368786495,0.8255789462798483,0.972276150358749,0.554493058533451
29.150483483996847,19045181.212821137,0.7836082246048514,0.9362926571402032,0.5527927803489253
29.322021279455896,17516857.52611904,0.7202673732187188,0.8622301504351294,0.5471122955504173
29.556922903295376,17041895.191029344,0.734143790256741,0.8551534278404676,0.5337272681093546
29.71486739234154,16956277.859517187,0.7384093184897829,0.8559772392191024,0.5290620700337587
29.780681709168025,16827618.4108651,0.7095205729032454,0.8399222346168088,0.5343671900126448
29.841179072703905,18523693.065477345,0.7709804692382449,0.9217790870853413,0.5381728533030151
29.858303010523695,21890709.30544903,0.9022330661503613,1.0874765578951926,0.5444512373841939
29.86905558960637,22925878.71380434,0.9413913682807051,1.1370877243651927,0.5458632118305771
29.879214212617185,21633936.518322904,0.893657022979974,1.073094477545922,0.5407563631760322
29.837447959201747,19891890.986345604,0.8242003942101618,0.9843863812503191,0.5357131265538784
29.750405494879598,16764846.981961193,0.6963032430430454,0.8247546235053937,0.5285909824360163
29.82430411280665,15136391.60608455,0.6392608611294259,0.7419375019699381,0.5207749446141688
30.070017371083395,15297295.803075595,0.6639750896193489,0.7498561480137649,0.5129575367274221
30.392611987427124,15098278.559867874,0.6782713230074072,0.7397171201150008,0.5026640507108514
30.846716228790292,15250467.275830863,0.7134882998681535,0.747611594284579,0.490324996605675
31.054334231246532,15934910.29866114,0.7765107094017537,0.7805340108331589,0.473742051843066
30.98156366880932,16985818.74839679,0.8605455261568566,0.8298865043256339,0.4522715917823309
30.856067117040894,18881923.38610677,0.9872009203284158,0.920875246180932,0.4365081327667325
30.57833867865687,21661484.432208456,1.1582011278355568,1.0548148837809994,0.42657776019618976
30.298925297710454,23569644.81448433,1.2835402162456122,1.1608095258856577,0.41999693034413754
30.038924943577644,24574365.939208563,1.3606908291618804,1.2389923028289715,0.41952656844816166
29.60999691746478,27693899.226330034,1.4947613109682005,1.4043871709846232,0.42454127729086427
29.042474480860637,32729754.512352727,1.669940644913152,1.6490671303207949,0.4358599117120239
28.68285765717872,34686410.97657903,1.7051311461922296,1.7230430169661537,0.45769048011463803
28.532208867467816,33782323.11786577,1.6020659955667087,1.6283594704523376,0.49088457063913005
27.815534560249645,77495279.8971804,2.772779617131804,3.21732250415384,0.5348370643511726
27.856756269899943,70289584.8130737,2.5362223099438714,2.9392847032109493,0.5911903687552427
28.071971091032673,69368179.90864997,2.428433217691766,2.8643927660981072,0.6305304148061552
28.003495575442187,39470637.85070306,1.4749159101850673,1.700780660628067,0.6506355826389126
28.318494733568834,30110977.346930046,1.0941423922646418,1.2770170376776322,0.6672007916346745
28.72158716762875,37939807.3009537,1.184222725665216,1.4623588071425484,0.6723924593550313
28.935272436419556,32944778.402303606,0.9571812490733658,1.2161310747603686,0.6856118914002898
28.92876463592694,22404763.548632614,0.6271876985912876,0.8105665954372698,0.7086922679826835
28.868268294995943,21931758.33345546,0.610758832445736,0.7932323300530186,0.7254224948671051
28.661841094746297,28704507.466209587,0.8470157605482976,1.0775849565125986,0.7402657516943247
28.484056934158524,29456680.641716532,0.8786000843238297,1.1135844393779382,0.7512539052004857
28.345690574823493,25931369.172571063,0.7504968301639771,0.9615000155069383,0.7562631688096673
28.07790181045695,24664756.70385024,0.7055656496895102,0.9074993731136555,0.7593685659772842
27.714236594527023,23469657.67922232,0.6632637450810708,0.8570149776106603,0.7594310613411835
27.53512709644403,22337675.76263616,0.626541649531513,0.811769279598134,0.7604400899958577
27.541667189860444,21935643.427167475,0.6200154792164391,0.8011143929455182,0.7632029701135171
27.619337299558556,21017204.112569828,0.5929802886009161,0.7678658255038976,0.7645055694772551
27.837243993595017,19731417.138003267,0.5513796678144488,0.7190114081398882,0.765545072941515
27.95565173782859,18894204.231780026,0.5462951177048264,0.6932340486409522,0.749030656667852
27.957198566985987,18355340.77472046,0.5732720269872579,0.6837973130211967,0.7130001603571274
28.016853823846255,17853025.789792698,0.6126920475031025,0.6780437840718929,0.6608447147082941
28.07860190944722,17510548.54870774,0.6746090152077302,0.6820097086663713,0.5975770733631256
28.097943693360584,17667973.4062618,0.7323913705614105,0.6980720757182786,0.5526417711143632
28.08667271423567,18350212.469199903,0.7833194435774332,0.726054960651705,0.5327902673884565
28.023044252693587,19474057.25891769,0.8477167664402186,0.7686935981036419,0.5145816964299246
27.896477130457225,21146290.634150814,0.9191102078551844,0.8271141672257991,0.5079505466598344
27.893038049009387,21787189.183033265,0.960856152680518,0.8495269032114425,0.49437697254782215
28.020282326038934,21272837.803583734,0.9710714096155252,0.8320030904798998,0.47135055122597025
28.178328855067655,20456321.19050079,0.9618482672692286,0.8003845014442844,0.4562629857426742
28.412954554494583,18916203.42320209,0.9227724306504486,0.7406029739731173,0.4447304634179021
28.63038724969547,18208806.73645182,0.9116384772655768,0.7132410234084343,0.4363358959189717
28.819390296380654,18487757.88878832,0.9317637799876828,0.723584941371095,0.43330310652170134
29.06337320034041,18641754.660331655,0.9456072257390187,0.7301728464692546,0.43280162687618867
29.340293367052546,19061556.184460416,0.9669425867383191,0.748112474417018,0.4354896851306098
29.416198683323312,19385159.655123416,0.9872669509196297,0.7605626743787354,0.4377966017998438
29.277335609660618,19493251.332069207,1.0031742159485737,0.7630097519162706,0.43903793406384783
29.01753331102717,19873228.612481788,1.0296916830359717,0.7757166455709359,0.44165123601081946
28.571913054512038,20423559.41475814,1.0646700482332856,0.7941617903350603,0.44452491067308986
28.362271087358426,21166984.3052719,1.097032576356443,0.8184093383329287,0.44859715676759104
28.420729551045355,22179278.189660713,1.1284753186721406,0.8513679898162807,0.4539833874613321
28.486773384200323,23151573.29213598,1.1631984540275173,0.8898540812953891,0.45919205589838885
28.667336428500022,24097007.91836749,1.1993931267110964,0.9350088585732683,0.4643477109418132
28.705518972457675,25202400.145096805,1.2091639555059062,0.952663911071603,0.46832830228157285
28.564207654201205,26411248.16527862,1.1898651348983684,0.9391931569565051,0.47067594888828557
28.454822562316807,22448251.590820104,1.1533793042986111,0.9119646697500989,0.4718692512366571
28.310756619828055,23490985.937316895,1.0915061416171985,0.8611583106272583,0.4713870577056678
28.194597060352088,21961010.602564216,1.0423099162782394,0.8288739666196493,0.47164257889262634
28.13244376196344,21399309.49805753,1.0082458966937367,0.8185533263150987,0.47270027773848095
28.041850930745575,20524819.03343051,0.9633472409163977,0.8010834717214841,0.4728196676949932
27.94372444238923,19565849.91954139,0.9166502377143002,0.7867978784412726,0.4725118639527882
27.800565734977077,19179947.469147325,0.8961971386028624,0.7954509284355699,0.4699541192676713
27.59849347672378,19368252.577256344,0.9028511974211917,0.8269547816215467,0.46476467044808956
27.372171608714194,19997664.61824471,0.9306210281403277,0.8804133937285596,0.4581458912889042
27.107685657634804,21250232.625240963,0.987670394632702,0.9617055315059094,0.4495156133710923
26.94150010663946,22128161.529886957,1.024139408503039,1.019676500076876,0.44514170739250525
26.888818418945473,22595261.788535547,1.037909696461671,1.0521581331902703,0.44565729254378755
26.87226548791657,23306990.833913364,1.0609137644861986,1.089620594850457,0.44756648378563213
26.930218365022075,24038433.617973454,1.0816083908932903,1.1198731356158957,0.4526033668696819
26.948358719924997,24169497.73672241,1.0811343497964225,1.1272711048568604,0.4570438058126014
26.91578472110026,23690425.097887397,1.0598340938495383,1.1117057081015347,0.46054118076758077
26.921661348169717,22719878.99045832,1.0174491460904258,1.0704630796785968,0.4664407302661237
26.938620952161923,21080080.21271304,0.9483227707274648,0.9982490447348185,0.47392336710720634
26.920250193744756,20192001.63661889,0.9174607479016126,0.9619024728540604,0.4788106954223637
26.870693290823038,20133376.8875939,0.9282711854030496,0.9645168628617541,0.4811286567433468
26.785110462728166,19960146.651207514,0.9430632327526426,0.9662569652263178,0.48207450689189535
26.651078343978426,20010211.134790625,0.9778902869283758,0.9833073098894757,0.48057557460195566
26.785010477160625,22608711.702605717,1.068393547604055,1.0873494622977176,0.4897733992884879
27.211222259808167,27926239.087215707,1.2169730138500918,1.2839514185171126,0.5107461847882203
27.539979179439264,31536479.332900222,1.3859255532877823,1.4685111883419524,0.5274149783171288
27.833290176049744,33749411.91632919,1.583483330822371,1.6543055911046136,0.5423796374585476
29.0508345353188,48452609.75594507,1.777109019082095,2.042714187929021,0.6038005240718913
28.837709251239307,38318429.738761574,1.5950578425541664,1.7493344795452355,0.6207684098376591
29.26562773376294,36931566.00372514,1.4448267993331279,1.6263655865248476,0.6682898204284838
29.47702408748632,30372748.229020543,1.1475861561983676,1.3142668360400918,0.715876672370796
29.77290824983091,26617209.575031824,0.9761976373210516,1.1338623788877917,0.7449877150660463
30.168443122493166,26258572.486633807,0.9540533651482567,1.1116771147647406,0.7532012673934423
30.50185284604162,24950290.92181034,0.9059057674143981,1.0526380413966618,0.7511102847634847
30.810189536808796,24182173.705866385,0.8954334213084784,1.02532183339663,0.7318163102507246
30.997978960645817,22627576.80398044,0.8453727484641727,0.9602485169698162,0.7210476165303302
31.031807134254887,19806711.04559471,0.7359667218125473,0.8358341967323812,0.7203804559105161
30.978663029023153,17538899.10624609,0.6556967227174346,0.7403085502872132,0.7109589609212471
30.8012862224936,15433862.339065341,0.5836407831719965,0.6540922247618565,0.6986467660649477
30.729316235799605,14533839.958336588,0.5561833867077386,0.6182438032454315,0.6897230584069444
30.78240849037842,15212200.41807458,0.5890681884540013,0.6495990922786806,0.6829573856068993
30.813908740313067,16702611.18167011,0.65016626627375,0.7149985438864349,0.6798563458454836
30.88268575036247,19413777.473843638,0.7544016696274115,0.831256959472285,0.6819057660734831
31.001073609516823,20530639.74016989,0.8045207099180834,0.8796310994757764,0.6722374080222084
31.163649788571302,19798576.067650054,0.7907290805581908,0.8489539699532918,0.6503287695475812
31.414850061050927,18961503.034940846,0.7739296791642121,0.8123878130487524,0.6300117742531376
31.762326204737867,17282218.78774415,0.7281892660197153,0.7385324689340932,0.6077449982587899
31.998036841578326,16382165.3518586,0.7211295073621754,0.7025648401403515,0.5604931826068745
32.11715728421731,16485656.193789588,0.761567282754182,0.7143400018515602,0.5323772118688036
32.23087608798631,16225046.351563279,0.7950493889239678,0.7111051181448291,0.4842231002970102
32.289833772296625,16008780.349392738,0.838790300659492,0.7116820312228572,0.4305324873101907
32.419718594336814,16652172.958930386,0.9129181895144576,0.7500014927674805,0.39644100078634403
32.63630912574259,18098467.151754204,1.0144414940108186,0.8231271520894891,0.38383869022659967
32.839291463185596,21039395.457841538,1.1475813279559288,0.9296901077698132,0.37951484933121715
33.06035379467841,24195443.74595137,1.317508549335294,1.078266130231151,0.3909111764281052
33.17333203052556,25277928.028018538,1.36615752151323,1.1203203819920653,0.39484359841888017
33.155876880025936,23513104.566270184,1.2812548286034267,1.044935624639476,0.3895482191672595
33.09195062777896,20892727.90291694,1.1426097220166012,0.9305739347764954,0.39284423377978867
32.94348802737796,16479148.240693787,0.9073003865323576,0.7377805626191198,0.39939351821197294
32.80727874344514,16117673.352019632,0.8653875332354707,0.7185761954465316,0.4088313551611795
32.69411873416068,20398760.65444416,1.044088522557812,0.8979242438494152,0.42299703576424563
32.52298102085743,25419499.028456576,1.2678037397453188,1.122022259889507,0.43814708485150217
32.31710395134002,32712766.443326667,1.6134373276974152,1.4582128017997653,0.45459724605216545
32.20799243147807,36129507.8542563,1.7173632185855423,1.5706223976030556,0.4664247902330515
32.20018552322162,34842518.3672589,1.53796877558116,1.4210572946866804,0.47223384250620887
32.249353527572985,25795521.737269856,1.3133259630824718,1.2263555255815592,0.47497078644427393
32.391509353460556,21520141.787599918,0.9456616966377825,0.8958595715011712,0.4724945884695144
32.41545574695194,16175417.162413927,0.7234379423437715,0.6974316042799439,0.4715448437164522
32.30775709011299,15411270.77528788,0.6855043573316437,0.6660553071382692,0.47235711058530677
32.202811154615006,13724326.887450635,0.6112086633171571,0.5964770656531327,0.46949306297823656
32.049154969908905,12707143.257275969,0.5764799599057677,0.5585503187595645,0.4643208280929201
32.122185332928474,13121982.926007034,0.6041541717797546,0.5832674288169049,0.4660642321209479
32.458010393999885,14670499.354452915,0.6797288772853033,0.6576454943039862,0.4749370900872596
32.88559356418143,18300495.44798844,0.855379574630857,0.8245601989590453,0.48746848853886476
33.48286980167801,24226625.16095987,1.1381091554120508,1.0929341432433497,0.5060754958541611
33.87881228912473,27089824.61514481,1.270571317354003,1.2284218247739094,0.5195259785880905
34.03332450777034,26713259.52836758,1.2442514018910524,1.2234300753205731,0.527077757450546
34.19141481970063,25923823.700119436,1.192033333658782,1.2012591680754408,0.5362891687685166
34.25485857123837,23417034.028450888,1.0508147679309632,1.1048913016508295,0.5444728414510361
34.24109696259882,22300582.495979745,0.985551178992338,1.0640474867590843,0.5526714114227992
34.16284257021259,22935833.609648835,1.0141458829118135,1.0938264375215085,0.5615472549594762
34.03086550177556,22746816.00271632,1.004619229147495,1.08448098590636,0.5684715925016894
33.85390276145041,22486912.13956615,0.9970033415417239,1.0671204481532162,0.5737207004210108
33.849362801283974,22770981.45875867,1.0278887324830774,1.0861363700848883,0.5808297997740065
34.04821512854744,23385447.563579675,1.0876455469831379,1.133725331081393,0.5896128234260147
34.346047004967375,24436956.479397338,1.189628650771676,1.212020172577506,0.5984870827184294
34.811210164210166,26021944.280292433,1.3418341913842766,1.3306831947683453,0.6081887195157265
35.34044637347232,29203087.163710374,1.4026068566412375,1.4157863834972513,0.6363179196342027
35.93422260131987,34164883.4267132,1.3652325312607239,1.4654707529226538,0.6846532664263191
36.192667075784556,30250953.016732965,1.2651018462269255,1.385729248830577,0.7251891588001134
36.828057530188445,24765353.92889505,1.062628487446024,1.145515597613628,0.7610321818846926
37.139602218613874,22028776.46672209,0.9524909522012898,1.0424588931305663,0.7892460924045712
37.34916638714229,23668564.222190343,0.9417769615927305,1.0630112012638449,0.8035200966517766
37.3990303885466,22820942.229539834,0.8980739618197486,1.0191170295590102,0.80516883131583
37.24581788489769,21256497.921974022,0.8646270725458776,0.9658196165007884,0.7900469558146631
37.05060694579066,20602382.872617252,0.8428368186416075,0.9349764569216195,0.7862607600782762
36.799240492609,20183859.68180698,0.8206646151794357,0.9078426162178691,0.7944178098469085
36.358984086943536,20175289.71578677,0.8294946405419501,0.903349715313054,0.7956602582569279
35.7513259341991,20748041.56824241,0.8680737695441598,0.9242310819176015,0.7960932995176486
35.356272892430084,20346755.31397359,0.8611970115082455,0.903559951773234,0.7933606512423319
35.18728057620232,18926984.03405289,0.8086655814695168,0.8404588686577407,0.7854356534934818
35.06995109352704,17309487.44682919,0.7463585334560329,0.7684812108800706,0.7778462437821632
35.101677443380375,15124636.34346971,0.6566852280830173,0.6719172539652127,0.7696248974879181
35.14304332356592,13804298.129138941,0.611284724792349,0.6161301773478978,0.7620660102033902
35.186904136355196,13513417.095582392,0.617561794633811,0.60826739567958,0.7562096662152122
35.38749317179277,13268239.21870069,0.6269768393667708,0.6044138207846782,0.7507451824784354
35.72195208223006,13446551.35187047,0.6580592429595262,0.6217527258100369,0.7464497192973705
35.83862603412595,14041356.781814992,0.7116608150765894,0.6544626883748745,0.7324758388116345
35.73125190203547,14998812.46045278,0.7851509871230377,0.699744948257021,0.7078301270695364
35.55845167613266,16645618.094677057,0.8938262660985733,0.775081541241713,0.6930218623263924
35.233207025582104,19000106.911444046,1.038852330805137,0.8798318466549764,0.6865860075285577
35.08962835737527,19985465.418843143,1.108770841949574,0.9290470131621885,0.67867748890523
35.15671943853012,19487619.56310707,1.096947317348366,0.9183968459646022,0.6731593635801713
35.20020424062324,18533985.67960629,1.0584626986725059,0.8887877070948064,0.6609331064845468
35.30230396950334,16583065.242372243,0.9639660004214866,0.8180828744330022,0.6404341688063908
35.309998676841445,15761068.422739323,0.9294134456866464,0.7890226640472681,0.6317116547975011
35.18999584895672,16261199.487476626,0.9651587315196055,0.8087830332072129,0.6335603573229667
35.08008752617999,16595217.313976211,0.9900333427763134,0.81838632384456,0.6342698962079096
34.93629309032485,17292119.362046145,1.0327904116886604,0.8380644108037695,0.6375040599763405
34.869470459699784,17137561.38615466,1.032036194437854,0.8319827489532207,0.6360034336266513
34.90309845804432,15899339.211488197,0.9755395934013039,0.791764716591902,0.6277674158106721
34.94834320187081,15819398.453820208,0.9738216123892183,0.7981140807892194,0.618496920337557
35.03855026885682,16679496.675661523,1.0153697913597772,0.8454309779940387,0.6057683013713585
35.07476719836435,17634850.306761548,1.0729730691778911,0.8941627038123677,0.5986354492900843
35.04196795786068,19092745.836771227,1.1677291663617901,0.9593153349968827,0.5981564300365991
35.01633642985139,37652153.05179241,2.0115135049005093,1.6795331352451495,0.597762737964634
34.97089892984038,16780700.27714327,0.943308749521736,0.8793169333664709,0.599811976890819
35.002000132559075,18523705.01098572,0.9933846615455013,0.9466953935083845,0.5945429298407097
35.1248692736749,21703962.514593862,1.1568046316216904,1.0666932976396333,0.5805001382552819
35.27160960067092,20578428.272897694,1.0987657152362522,1.0147014248001602,0.564209480892147
35.46972470787336,17295728.962553747,0.9399547227496454,0.8731242797244199,0.54288071058896
35.72465532117465,16280833.396180252,0.890114873171824,0.8290693933664307,0.5325920928534498
36.03428719093603,16628213.225930398,0.8994487814900802,0.8482493204410323,0.5351723116919909
36.42074809506423,17046106.92165599,0.9180554795193377,0.8721415849037581,0.5405693751752666
36.88790242492169,18226181.479142595,0.9768314557552765,0.9314854510731992,0.553176962947831
37.17230367614178,18451608.62824752,0.9881222964531969,0.9478331124634486,0.5565872606528555
37.25515369422037,17535855.545528866,0.9442272339416522,0.9126348769573133,0.5488794172211675
37.26670542617026,16719391.375850242,0.9050309044319536,0.8829806709247144,0.5416622570926595
37.135863785746665,15573355.838488938,0.849118861734677,0.8392616035559667,0.5306310237994675
36.96740596665498,15161633.70069671,0.8272779490960174,0.8302147174676542,0.5271446809377571
36.76727087059733,15688802.166584175,0.8489798706234936,0.8653068708091343,0.533087928053792
36.42020245475705,16307949.06999899,0.8730403269159472,0.9058194109704256,0.5395145261814245
35.94386868569112,17327520.153734166,0.9138947822675784,0.9659464351627775,0.549569376391622
35.666530400228815,17857077.843045644,0.9477838034712295,1.0017423025845351,0.5519371729717529
35.59996933203559,17752537.164536964,0.9693686249286823,1.0063447632145561,0.5448220254997782
35.59582732829089,17719235.368413486,1.0024630544635669,1.0134079993103013,0.5361944500949681
35.73852035409063,17511808.603042144,1.0404673264259485,1.0107981493776188,0.5228186667103777
35.7184429477348,18871664.133037575,1.1248644543322588,1.086986245712452,0.5256054890928822
35.510764737057656,22029493.74111074,1.2626000785221543,1.2532906593163395,0.5470168215315553
35.33781332851736,26675191.719621472,1.4393996325823741,1.4813984921880636,0.5839654124184023
35.12527756969223,33385997.533732638,1.6690973041415977,1.7991294913479179,0.6432591518812287
35.03851349400597,30439061.815286312,1.5855408203541927,1.6840383017427671,0.6811021574459589
35.1134323820776,24317045.514473435,1.262833693223926,1.3356858926227244,0.6961157649880061
35.21459709990876,20718684.608474612,1.0862391998318999,1.1388002684685952,0.7165587454904148
35.391551268350526,20663367.555078305,1.0355211924333185,1.101409039815069,0.732571625850584
35.412781908749245,18286911.198096655,0.905010176752255,0.9624375468912788,0.7444310640079779
35.246345325797826,15465137.496056437,0.7735607685377537,0.8167780080399661,0.7544121739898743
35.04463232820717,14658527.438329749,0.7321961865430571,0.77316489300862,0.7548544657362524
34.74239529873967,15590793.032556847,0.7765893926504616,0.8239869247311865,0.745891137145467
34.65857533425222,15323532.445742173,0.767501095605151,0.8126227600202852,0.7397187578727794
34.83010073582435,14173747.666275471,0.7173120991879526,0.753500839586932,0.7356227905193254
35.048933666442224,13895821.674532142,0.7136843911498225,0.7441465729190043,0.7274039846122052
35.40125858304585,14013509.595862819,0.7334138827944295,0.7585081295133345,0.7174468543254756
35.64466974712182,14198540.730033956,0.7489700024374992,0.7731726633292564,0.7111045074286868
35.74666492515671,14652607.131415647,0.7694642754364189,0.7989145858322316,0.7085146962183567
35.89649855378511,15291713.124141302,0.795930115016536,0.8333633327681648,0.7088901361997753
36.03102638928244,16108180.00781085,0.824874297792878,0.8746486982001237,0.7138408506414844
36.07200029213741,16297161.430360438,0.8418859628726549,0.8840052987681333,0.7087234832992086
36.02698814248101,15757131.235835152,0.8441987252118676,0.8562064384187708,0.692734339078587
35.881068449558015,14881416.303992731,0.8364131727508148,0.8089193115645126,0.6545136553689618
35.612149866452754,13426296.523743434,0.813218762223635,0.7300126250128783,0.588396933264509
35.42100857000988,12790695.259334492,0.8184548388674555,0.6994283631809107,0.547779610124978
35.3118704587335,13085354.73695772,0.854769367783938,0.7231955758443871,0.5317010491168418
35.16502440212285,13414794.275176518,0.8957460253741291,0.7516217621707616,0.5070007174727088
35.02590730936599,14131516.87920043,0.9522389344301858,0.8049150727028779,0.48444689357600423
35.08952019468916,15478573.072468355,1.0447090869488698,0.8865415390765987,0.47398912570029067
35.368436204588484,17435725.48363523,1.1741588357881727,0.9947101904555138,0.47343951371105863
35.80729784737646,20186239.8066752,1.3401857674498816,1.144990728367341,0.4855896230848861
36.464411772205764,23821885.879906494,1.5495635521178202,1.3398669304045208,0.5127674948830843
36.81905806524981,24526072.577687413,1.555736629016732,1.3759377023604389,0.5278670962796144
36.83593001292734,22008810.124022305,1.3371230520087845,1.2379718298476234,0.5301091693741019
36.81946760722411,18180558.502547078,1.0904605032328414,1.0257224949691575,0.5348005100352865
36.63736830269457,12005342.494633455,0.7547852944553739,0.6837829352680791,0.5355696990628208
36.450637124907,9010196.138468316,0.5761505131843824,0.5197960606940522,0.5409219600116867
36.28423303905198,9696168.69851702,0.5993516359138983,0.5611313255797157,0.5523602318554807
35.94820554695604,10512806.875800578,0.6634656740066526,0.6119840851332243,0.5606483612101257
35.47635156942528,12884401.532640424,0.8437484090178704,0.7516271302252433,0.5677874645258153
35.2521915903504,14654015.85988937,0.9620750431941802,0.855225510491085,0.5751300314598238
35.282299719353205,15438263.435268242,0.9999155903799071,0.9014313599880389,0.5814327982276343
35.40394543290175,17464322.42529493,1.1121043896349183,1.0165974913361606,0.5873292214972147
35.71335052175145,20202770.580272283,1.2574663369910493,1.1701551565946253,0.5926471729018599
35.92658472358389,21722192.12129944,1.3276752831414322,1.253590842664672,0.5987557852008536
36.0239193192956,22129448.61741826,1.3307126422985749,1.2727904360931543,0.6058184582619933
36.22615053848742,21964733.240540158,1.2885414883916344,1.2573718666293445,0.6128556281167284
36.46947025036472,20778025.217783786,1.1756695288926617,1.1818709126493019,0.620236105290611
36.63008966863164,20023699.934585225,1.1123140728415712,1.1348526882397472,0.6219999693392748
36.71995295235404,19751363.73456013,1.1028431304917883,1.1194958008085378,0.6174766196876414
36.75148287196503,18863966.393083014,1.0665773117244879,1.0706303343178427,0.609765226915482
36.69508318974143,17664472.75008027,1.030279998666469,1.0070531267961087,0.5971461320592598
36.711623661255224,16825726.23678424,0.9960861894709038,0.9664721322317699,0.5891966197772122
36.80482008354596,16284075.484075058,0.9570310467759809,0.9453398540580552,0.5867609153229546
36.869713992780554,15925695.238713298,0.9321192508950547,0.9389064748908142,0.5837117548229562
36.94142151187902,15905394.232947318,0.9211651932154374,0.9561104501628018,0.5825095181570188
37.02243758209756,15481965.219345566,0.8907710591411682,0.9434560967844676,0.5790490063370645
37.10375226072929,14632524.407771077,0.8424082073942682,0.8990382932332424,0.5726295952284584
37.210194553610634,13852141.139061684,0.792842048870431,0.856722296576115,0.5672727040233778
37.341497243264676,12977760.329144666,0.7352529483983014,0.8043003900461261,0.5619533771916225
37.45890251218697,13676223.428810164,0.7706217543062842,0.8457727063642865,0.5619334457385778
37.5648244813596,16164036.067046138,0.9102274401964207,0.9943012123870416,0.5682666779222164
37.678876387252984,18902278.862543736,1.0734005065619536,1.1548414037285246,0.5777587925614311
37.79356091722291,22316469.776626766,1.2863054916490537,1.3537518790293968,0.5921120307286846
37.25499633851781,28316317.608527303,1.562970526610653,1.6811558183868196,0.618529979227554
35.997218848585796,36919008.51643163,1.8976340931536955,2.1352860035402825,0.6578766836738763
35.63221563490263,25286077.45667284,1.3421100381760525,1.4467383482245357,0.6872115585504258
36.10437694826183,21546634.890276637,1.1263093724478044,1.2380694327323098,0.7067666943845239
36.07213623580999,16856244.66571305,0.888260573242726,0.9581117328865747,0.7226235144635618
35.815195577842886,19936719.119391702,1.0257096926538825,1.1190822714854414,0.729139868393274
36.0662713529824,19963013.32811364,1.0337340287029126,1.1187610784727549,0.7206784503547579
36.68112313488264,19606221.649241723,1.0421666179047253,1.1072005188055918,0.6951590468938823
36.901327319507295,19774564.900859054,1.0526760767191752,1.1135824215429115,0.6945162555368544
36.78511894533916,19447171.24915435,1.0160288800186816,1.080987871478259,0.7200379213833331
36.67767298003985,19767185.66559919,1.012546080245046,1.086321591568551,0.747906230187394
36.42818070012527,20647877.26125802,1.0288565118291735,1.1201315619240906,0.7880809171777252
36.36068859044387,20183205.36866308,0.9915802327635781,1.0880380100333131,0.811322538621568
36.52212171328698,18401474.008086383,0.9058223390791619,0.9939070927353549,0.8136745369771201
36.64842278480623,16064422.933328561,0.7927131709327934,0.8712371049292236,0.8170555142462804
36.82320902376904,12727519.068469036,0.6361238849484333,0.6987505317246134,0.8137146301188315
36.90116787466791,11028661.268330323,0.5579299747893629,0.6131087745301937,0.8108550114730588
36.843060076866514,11200989.842788508,0.5676443251382702,0.6258253282409052,0.8107688534088549
36.78383431178753,11616956.945367467,0.5938337393397688,0.6541908256797402,0.803590472633459
36.67805361925128,12962107.398463797,0.6680438462585123,0.7336453256435361,0.7912773277537414
36.671864235115045,13408012.731538286,0.7082205463160443,0.7616233765332291,0.7616958660320436
36.790474879658404,12711273.018565103,0.7042931651675904,0.7250905694369014,0.7120493602963619
36.925386995021256,12323167.424453547,0.72232847845541,0.7029315394580381,0.6717061548404445
37.11874835128856,11772489.721169854,0.7417988080487694,0.6686685349290951,0.6387778362546552
37.25861578030894,11496159.98024476,0.7603343901374967,0.6529212991508384,0.608240154095788
37.32820528169089,11666635.65965147,0.7840677230515738,0.6652865616401092,0.5866150157266725
37.41774170636425,11700740.56222492,0.798096165146398,0.6699042820348029,0.5776984952004044
37.49745195023718,11737789.087458804,0.8027737795218125,0.6759347323956082,0.5841036345309811
37.586763901401106,13027264.898505872,0.9027338992499206,0.7527552502448459,0.5782163884659124
37.695253965850895,15621449.634309301,1.1050469184768144,0.9031056194856986,0.5600504072214296
37.80396985983839,19045516.727491114,1.3602643038539934,1.101761166722975,0.5496409219164237
37.920507067820175,23637592.3398267,1.6967192951498973,1.367586118802685,0.5414259328412733
37.80150279207969,26569211.995806497,1.8746680273619039,1.5311939940223107,0.5466550344901978
37.573359908966985,27611186.459131114,1.8720359722038915,1.5789530512934693,0.5689391998479262
37.8959728084263,28414157.316205177,1.8275620610924788,1.6085129592440102,0.5994944494024135
38.841385959829175,28238816.993195403,1.6769357990749145,1.5754652795153798,0.642378399404642
39.2870753517185,27368397.643908802,1.5469898475898756,1.5142568546871225,0.6687226902975607
39.3496575435176,25863252.152596056,1.4520343896087078,1.4298924140127585,0.6755701820361716
39.68161094596553,22839162.22382017,1.2725230119902078,1.2628778804346708,0.6804816907885444
40.104788179909896,18285040.27813881,1.0369603281779765,1.0175714593989829,0.6756605020624766
40.29801779998025,17738481.396782294,0.9595682033603244,0.9697859290108435,0.6820661091070637
40.31517601463254,21517699.682611104,1.0457512882242872,1.133924858684268,0.7022030950675866
40.21666689775276,23074413.91655605,1.1237881610036329,1.2248199845604968,0.7192986369276703
39.94107630461913,23470176.94702896,1.2405366159056488,1.2989642439142022,0.7385801524088065
39.870727371183726,37615048.0560206,1.5829400477005995,1.8753462604775037,0.7541198431774582
40.02938254911126,25746137.590232708,1.2084802289477552,1.3526024260506897,0.7636954060506408
40.18687110491835,24101965.624509666,1.0658140338470985,1.2342473410219936,0.7741505458053367
40.4375603303535,17969143.285355892,0.7696759978473404,0.9100267055802095,0.7834985609981937
40.5864360974549,14584636.342968708,0.6084292868105842,0.7348181819415294,0.7835518635497719
40.60372208332457,14646165.703083944,0.6149916268670127,0.7455286571588177,0.7741536558236103
40.66028367512593,14269975.247714302,0.6092598359108174,0.7390891385402268,0.7575662999752346
40.70631940954805,14809092.889778223,0.6547012022732861,0.7872016276281948,0.7315433028304034
40.64448720147323,14664779.77700961,0.6676133599230768,0.7921167089249598,0.7056762536855592
40.4829623247423,13385939.022913061,0.6265310597314682,0.7293559629475829,0.6802990924717551
40.22888793736014,12847550.505704429,0.6238025123515966,0.7047428868252894,0.6521629525834041
39.85804367810851,12598750.019012202,0.6361121976869557,0.6910657742854776,0.6164600109216513
39.66025580290991,12152437.046616802,0.6354224077903619,0.6702657400330709,0.5922568717058972
39.65392428922843,11706953.68647126,0.6304875818604947,0.6535466192151068,0.5778773180518947
39.67849992362938,11154883.067219207,0.6167845579634583,0.6286078605782249,0.5691607374175554
39.80820161374047,10440803.474162513,0.589897011187759,0.5942517564887934,0.5698543812228615
39.9167668376258,10628799.69907905,0.6193776188486645,0.6124137396794832,0.5611542283898573
39.98930324327289,11775758.772169178,0.7089996588287978,0.6858480009317348,0.542016796607287
40.10982023078458,13435544.6226833,0.8315694384346025,0.7870266748655274,0.5259797093393235
40.2464391252715,15890857.260259764,1.0057626454419892,0.9320194595764275,0.5087347006905625
40.26355352562138,18127229.39832412,1.2116999669759176,1.063706465629926,0.5119725392134514
40.151923170307604,20078844.151897263,1.4505258942510586,1.1777719822902224,0.5392212322402624
39.09219559342367,23675833.803726997,1.7221362491278467,1.323063026029198,0.5995098838622951
38.851778564663604,24481761.43481224,1.5848598488483356,1.3735941805247434,0.6554005903054676
38.349989617714385,25262849.65229998,1.584060200355449,1.3980233916172502,0.6958580605242829
38.25315710495363,24312412.542839367,1.5239961398589505,1.3450786518580118,0.7010914227381513
38.18614007518219,21875620.183795966,1.3538157323884445,1.211007294091502,0.7032907692249645
38.268268805376465,17576829.23388889,1.0894330195866126,0.9796603114361441,0.6896619427032076
38.248550176804116,16452279.57854053,1.0061834276355666,0.8951196014789288,0.6918278951012494
38.09454289535602,18796437.299436152,1.1182038908501755,0.9698865414572958,0.7138732117777269
38.03079743975178,18960816.727280937,1.1112051388896311,0.9733146816637448,0.729707352975513
37.996951325041934,17928525.95132262,1.038928129757559,0.9565727712936136,0.7472635052734724
37.886630476121454,18145594.72126466,1.034468214990901,0.9684891656123872,0.7568948389621933
37.716005910700865,18852310.8287785,1.054593500825536,0.9790974965734981,0.7549963015748701
37.49144086394579,19288238.83096992,1.0568818217519098,0.9938674695890748,0.7522218403284744
37.19017352470464,19673727.361248925,1.052146698111636,1.0123328989777154,0.7452687218979396
37.11776754215046,19662801.141659245,1.0305243034088578,1.0101122334735215,0.7470711864211
37.295223479230174,19097092.499841873,0.9832685699089617,0.9845870470316622,0.7599020245341751
37.55768398238685,18140810.807242643,0.9132842250608816,0.9417901989963975,0.7729842346944903
37.984892853121536,16633544.608862739,0.8136103832415639,0.8739830756910067,0.7899839451236577
38.29580142085582,15934098.627955541,0.7762051620162109,0.8484381296767857,0.7907390392387293
38.461646174044034,16129663.173125569,0.8069770644230592,0.8692394174590524,0.7723441765504286
38.68548643950311,16395702.305423006,0.8537818886888111,0.8964783534305536,0.7068474267617568
38.89658653644155,17071158.524462454,0.9401178700451935,0.9469061443364002,0.6679125311285407
39.225690061291154,17118359.97166167,0.9686859465857824,0.9578545210047886,0.6341796344696556
39.70159458070234,16396341.92751992,0.9285058659615248,0.9214108235851155,0.6374822525059142
40.20567713243091,15677080.65355072,0.8856294843625321,0.8811248724121143,0.6447126485744539
40.7756023936295,14683920.106427394,0.8143588435353745,0.8201438173122908,0.668010768793591
40.98933553942041,14384649.37248889,0.797511887500879,0.8083942583312598,0.6709280243699056
40.79294032685949,14931335.061287217,0.8469948015857635,0.8553241030135191,0.6488063492621412
40.41534559732985,15638251.502065444,0.9020211911704383,0.9136709084734046,0.6402092391434426
39.73260616478634,16780511.025755264,0.9851925359133269,1.0028139766265183,0.6367754713050777
39.329147326175594,17146161.86583332,1.0181311492418892,1.03576786072303,0.6346715375298707
39.25622218568367,16581849.24086293,0.9891426589568337,1.001798036335307,0.6393460365654525
39.12141843963932,15899845.075247493,0.95431996869341,0.958786397480577,0.6476018016343519
39.071943244899465,14768711.816440817,0.8918033941207096,0.883040112263517,0.6607564404720196
38.927022426902504,14349879.331850955,0.8777085075102354,0.8555590446661274,0.6672391495275426
38.64419933375843,14794844.73979874,0.9226120227748885,0.8869235375929758,0.665963481986388
38.43028615183168,15184196.000629269,0.9679120474602704,0.9141365217720417,0.664409146167099
38.23837776401732,15820508.835806683,1.0339716415746918,0.9583975936863917,0.6595386785613383
37.9734948244552,17872063.710787132,1.1452698650651882,1.0681202610118856,0.6575830786984761
37.65521593316202,21380539.719160553,1.2999750103033731,1.2431798137562815,0.6595011895705705
37.29555968402137,22749893.07326423,1.3549862314969408,1.311883731315175,0.659764659283614
36.87810778148285,21975644.848693054,1.3023381051300704,1.2710548921418223,0.6599608449247217
36.62314378414925,33426091.554553382,1.7950868721650926,1.8374554526759024,0.6548890191560901
36.54825257340548,23138094.37755852,1.302180022452274,1.295927533083103,0.6434112880405906
36.53710008992808,20711961.283554666,1.1500005758424945,1.1431399799903819,0.6291712623579646
36.64882729265713,13857681.944166884,0.7848349943454683,0.7560104358113848,0.610507996041313
36.707105798015036,11207704.7558181,0.6399593885364262,0.6050935223940894,0.5969369419139099
36.69566571540441,13388730.11992172,0.7461045801574163,0.7247302705075068,0.5894607948074129
36.751304398610046,16156315.227072638,0.8911449321286412,0.8819240899312929,0.5800294211320393
36.83204221071602,21289093.716471005,1.1669379219307332,1.175717628051958,0.5709809997681832
36.75906036460776,23976044.06671623,1.300386830738567,1.3276969284995668,0.5662148468476877
36.52766585447689,23573636.8562735,1.2576331925159345,1.3018610071438812,0.5652520315490479
36.189742729828104,23879614.593361057,1.247012472528311,1.3149669760294371,0.5679929612695267
35.69582307855915,23649051.57853725,1.198215875150775,1.2951887249129181,0.5753564674433497
35.46244925065983,23526593.818167966,1.1645499051915629,1.2838598676733461,0.5751828715401305
35.518633200395676,23905132.00649069,1.168331711742297,1.3034654900697344,0.5666946096103154
35.61968987707834,23476931.88584729,1.1274079842389901,1.2765005457241947,0.5565192512242495
35.871642630666756,22455173.222753964,1.0577815801275623,1.2161111132059736,0.5415241252240829
36.06831849538262,22781154.63842682,1.0558393180592305,1.2243480890947136,0.532853615319272
36.181607181326946,24427225.991574682,1.1185926389568357,1.298489268671,0.5316929894683939
36.39982233086439,26618882.896664653,1.2118713605378226,1.3991439576565678,0.5300468988788254
36.673312147629375,29815432.293696016,1.3582491504160825,1.5499590745918128,0.5307528881199779
36.91626760564414,31508529.763401847,1.420913169448999,1.622748269355963,0.5449539838128935
37.14311143495617,31483242.842298884,1.3889253206522327,1.6066201622809568,0.5732254441549492
37.35852795827244,31321739.681864604,1.346613200697651,1.5824107694763856,0.6006110260893887
37.5448514762331,30381239.11627504,1.2590485951696224,1.5173302582243802,0.6291581198342265
37.56780968239749,29595012.608363867,1.1875612154968311,1.4575446046519795,0.6536823884978163
37.40548490025216,29126807.6408345,1.1417136990460304,1.411297148510226,0.6706456091792897
37.32652177635983,27734337.56766132,1.0628133530663586,1.3289393029097323,0.6828128578898207
37.30756431062556,25615556.947334852,0.9658834612445091,1.221514203704324,0.6870895358599169
37.26614420891674,23581122.87935147,0.8786610133871445,1.1159296787720057,0.6887091336268469
37.254862048226336,21486156.026576262,0.7965320564253476,1.0076947318452663,0.6870588866582904
37.31925733858525,19033627.676202103,0.7172071906260158,0.8913928855010129,0.6758914505479594
37.46979122184557,16347020.86523562,0.6462971036625964,0.7719672166516605,0.6555411714644634
37.59866883315602,14575658.84399136,0.5954472101677896,0.6907153037686555,0.6456516871884262
37.71596520716035,13818218.660043065,0.5682011922382072,0.652979984288829,0.6466535969739463
37.90021383763724,13609516.71120157,0.5643293158789393,0.6434948173210385,0.6487549922484324
38.135463792897376,14286285.73357189,0.5893563857755114,0.6755566777203424,0.6567236075394015
38.437773856327105,15382072.638416363,0.6441085328727316,0.726182189411247,0.6606156743128531
38.82221022760361,16914860.12980245,0.7319202856007185,0.7965492255773458,0.6593977337567081
39.27598966768849,19439716.86056373,0.8593344698234643,0.9114154460178757,0.6618590479931749
39.8101636545227,22908572.82597912,1.0294124056390872,1.0681603826756383,0.6657426411983635
40.18604306101402,24750308.011019833,1.1250815654701507,1.1478430492724878,0.6651072048724402
40.382466621362,24829511.952627495,1.1380276636414397,1.1437306688424063,0.6604738817377375
40.52461869139316,24374416.750037238,1.1280026232608755,1.1121248729542486,0.6530873041057544
40.54681558685084,22710201.369548604,1.0636893006226966,1.0214694554520123,0.6416010517403296
40.58091993297535,21864414.466231525,1.0484314699316921,0.9776645352138673,0.6392219578666066
40.63721323965029,21999461.33291959,1.091397284185059,0.9891091788311506,0.64691489860801
40.600801062464846,21656568.944449946,1.1154135406190058,0.9769738740914842,0.6570633107967615
40.49971808606935,21316371.652637977,1.145337255167329,0.9662131748508199,0.6730792016284639
40.75081937631844,23988240.84987112,1.2641950740081955,1.0859396698450787,0.7075591680528932
41.38121955757501,29853998.595900595,1.4734663118838263,1.3419316346403758,0.7616519219039606
41.98719836673849,40396038.63902749,1.753562490415416,1.692794897044077,0.8253898600535464
42.660980230648384,51535422.579255074,2.127762987676422,2.174958625949328,0.9020954144028251
41.227808983113135,54622375.11289613,2.1703799163689124,2.2726096828387856,1.0089440194753438
40.6831243174647,46864733.234245546,1.8454424552351614,1.9420764013138918,1.0728400432191232
40.909951939355906,35275436.05330703,1.3711934809537383,1.4543809258715723,1.1250002277065891
41.07714815646225,16367943.128923664,0.631146888426649,0.6693812934502921,1.1319234945950198
41.142150079234554,10246863.501258576,0.3409102858965121,0.3863423678021419,1.1525885776970133
40.73149967733855,18833446.24952513,0.5673202097288894,0.6816827064336247,1.1793607156850499
40.70252737202753,19969481.48537741,0.6792191350571058,0.7826446583368742,1.1715794400197752
40.88030242541478,17953638.533388257,0.8452982061017853,0.8712065837456477,1.1357215201015893
40.970915292656365,53201118.780422986,1.613898910792235,1.9207998493280698,1.1211918392514861
41.06784858751694,26631575.459611893,1.000701349810657,1.1072723448599697,1.1250035963538894
41.261583534758536,27963877.313172188,0.9645115542232978,1.098694646640704,1.1243138183717802
41.524192061976294,21467850.362149402,0.7369279641533661,0.8406358518806755,1.1292354067100285
41.76491968253526,18423038.86397972,0.6298586565361334,0.7208954835418927,1.1232659896309838
41.98819809748078,20241927.22056065,0.6957914116873625,0.7971243065162007,1.1039244493952025
42.20948361238445,21241658.506688826,0.728803634357496,0.840139226672626,1.0871002193511348
42.4061320181168,23165850.606590617,0.7898520229656776,0.9195953660968699,1.068846153057089
42.340171153111946,25920836.679945257,0.8915650096747264,1.0282777197507802,1.0557353450247158
41.97873444145082,28961013.311142743,1.0146127453861773,1.1434823732972392,1.0505397812834705
40.83783527463494,33784177.63331662,1.203487645924182,1.3265929305158242,1.0635768299491581
39.9648235033483,40287235.50137298,1.4580941939149055,1.5721575406768082,1.099153159560488
39.508839098656544,42367613.890105,1.5398443646804354,1.6453330359336882,1.0433947669720247
39.94518735699023,39733754.828692965,1.435726884674293,1.5350254606458837,1.0585797535796988
40.58989823547265,35228810.491027854,1.25978408501218,1.349160915750449,1.044080384633594
41.7336990359581,27261194.75931075,0.9493492457795296,1.0263415604797173,1.0503210890701151
42.25404277090542,23053906.141086992,0.7974234131079246,0.8659740212213549,1.0564646710175083
42.03104483641038,23227446.442189775,0.829841927433474,0.8936478121581514,1.068340078493111
41.85081291613427,22935852.186031736,0.8517874721806986,0.9124978757894828,1.0910978804117377
41.424122859552355,23988752.34880932,0.9373150607918838,0.9980848876851807,1.1250624630096682
41.122905065195276,25340452.875006653,0.9553889260228079,1.011971231028712,1.1602859542585007
41.035662394946335,26583519.45079541,0.881253680741039,0.9289121825921167,1.1976434924877302
40.74676818736558,25331027.210464947,0.8380633800044094,0.8769046521948302,1.2228854109305245
40.35502717869633,20894592.933070745,0.7909957939725608,0.8193371068211157,1.2322662920190832
40.242462855713796,19531346.718386106,0.7569595755534132,0.7779128685019638,1.2487880018013733
40.39213906894085,20803900.190687653,0.751269849286086,0.7687571370477772,1.2687218913425387
40.69633130346087,20591546.168892935,0.7389866350944536,0.7532373547821426,1.2822910595421673
41.24608462986436,19945609.609282427,0.7283932616479499,0.7409825059468412,1.2926477334371618
41.56934616886937,18923940.401231185,0.6967021450444063,0.7019950898273031,1.2765552883080364
41.63843166855837,16955149.955312934,0.6371875874057193,0.6285753789825039,1.2305035220184004
41.75949378723479,14550566.57864866,0.5679008265725596,0.543311695189467,1.1668778005192044
41.81992213995909,11501541.863255065,0.48084776749675967,0.4361592521224817,1.0785726425606417
41.75312550747362,10585516.243620692,0.48200947340845846,0.40734818575203063,1.0117529251619999
41.57269856393624,12086640.770209702,0.5824936760570641,0.4674536142859074,0.9704335189740858
41.21918621729559,14433868.924234742,0.7249279612400613,0.5599080535044731,0.938656367222858
40.67034755360721,18397679.385733753,0.9391269182013472,0.7125963571260188,0.9297019608226772
40.51851758774808,20006883.610202715,1.0369921751069247,0.7773403203975112,0.9163472124709832
40.795915721112436,18864173.197387118,1.0005712172094723,0.7393973509776994,0.899069003582591
41.19451866595049,17536657.718823496,0.9457946292325365,0.6938526127771009,0.888900716952829
41.866263262102706,14982564.221344324,0.8229220019792092,0.6017690087502013,0.88021843471486
42.120515799306524,13564981.611117827,0.7636523099410035,0.5560130490036879,0.8467150453373558
41.88785195569482,13635391.084412472,0.7848929350475514,0.5699521257169528,0.7855946111050157
41.62707726400154,13187703.213864809,0.7807648459265086,0.5663819950283933,0.7514441560021152
41.158926029468105,12831370.699936591,0.7846971000463613,0.5692595843943566,0.7406437487105261
40.97930935899538,12940778.97164725,0.8193605850417699,0.5865779510439149,0.7146116478239096
41.1626404304946,13355042.818913901,0.877208287536791,0.6117641918554444,0.6825079100178468
41.32418670024644,14378052.632232549,0.9531209352926465,0.6600547323417342,0.6653801703546632
41.59776094903036,16082468.302298212,1.050169544941158,0.7326150924569497,0.6596213961874426
41.708347157665635,16533703.557215208,1.1560609092828693,0.7554269280933429,0.6495086942335545
41.59937031323552,15651980.956760153,1.0507268435748909,0.7255112060313759,0.637696654670157
41.51182592658808,14436974.973683095,0.9752178550196466,0.6797040715619255,0.632088464931063
41.36720208572444,12406319.313691232,0.8255236158684569,0.5993721245241631,0.6304317149255373
41.335946134303235,11536076.752660474,0.7666513986346708,0.5683175940407793,0.6250652563558278
41.45587806317415,12031511.24803873,0.8138133898676553,0.5947433011805647,0.6162567083098901
41.58108077679599,12544493.37560109,0.8656361631764222,0.6228505298778475,0.6066245114026041
41.762343854268714,13585888.932843795,0.9619001170298546,0.6742432922674008,0.5943364506788381
41.68843974202162,15033021.910466399,1.0655179786401534,0.7523195635556165,0.5873351391498963
41.317075920415476,16795603.14869873,1.1676010214525505,0.8544632363166333,0.5861405487511795
40.83820772666273,19466381.034865376,1.3274581748421967,0.997416163428955,0.5853689556724723
40.16223044833404,23043933.52872485,1.537542851473818,1.1833572750755277,0.5869082532648225
39.79003068617041,24200639.98705212,1.5863190382564163,1.2674210532236765,0.586841761700841
39.7734426552697,22755424.60613323,1.463950187602353,1.2405186808483224,0.5843555758209984
39.79495682600294,22679172.14128561,1.4486357819849038,1.1747065430663481,0.582774091489237
39.98794902816693,18481406.142475482,1.1287971915988493,1.0316492045044232,0.580962589198266
40.14443822042873,17382612.194957808,1.0339199323271473,0.976567885083726,0.5806486674157325
40.23233344021545,18101044.41336993,1.0614158424998346,1.0244157821063973,0.5822588184879103
40.46601889614466,18648323.350065753,1.08097989923328,1.0626791080859015,0.5840064891883372
40.79700659091952,19863243.96409547,1.1504028942381221,1.1329249715098364,0.5863838304982024
41.007798002622,20192452.007477775,1.1610965447160537,1.1581304258457663,0.5894436486788246
41.10706043938582,19337281.828354623,1.0935433881314784,1.1231757182291455,0.592990138972298
41.16527351579134,18719462.20137784,1.0468182096510048,1.0984506974031079,0.5973885983115753
41.13134505887227,17917497.971405026,0.9921612741969235,1.0628664216012884,0.6026024169244272
41.07183797717439,17505119.12606404,0.9546402202223999,1.0465557503157226,0.6066857620978541
40.98464896141436,17686378.96481521,0.9473486700393459,1.059657999757947,0.6095110113768815
40.79192937968819,17856357.629276227,0.9360431813537825,1.0711023274655078,0.6119606098734243
40.500802892569524,18210845.66820281,0.9303811742807092,1.090962620077189,0.6135046534215355
40.26078567950299,18545266.620479275,0.9416356138278118,1.1115875819437613,0.6080533042024031
40.069378899087454,18789792.961709924,0.9674637482112334,1.1296788464510223,0.594919367313249
39.85349726475821,19704286.340662695,1.0271663400408615,1.1827847098104782,0.5773412654701163
39.646495007379144,21278710.027295105,1.1250028599590787,1.2712043165996476,0.5535263954719593
39.69314403213484,22034777.051688816,1.168171237566053,1.3100564340184093,0.5479549418362254
40.01702951556376,22024708.88361471,1.1548591757290483,1.301164134984873,0.5630018346073608
40.53104484188368,30260255.167549442,1.4264654168572017,1.7072974404780321,0.6057878364877702
41.30992584824371,24452291.520655036,1.2461378989938516,1.3853945080479428,0.6432489227960285
41.698466868521116,25128517.057197027,1.2522406938644286,1.4023157057140208,0.6711858209242622
41.64848192860792,24221975.4088881,1.185989895155666,1.3459485014052175,0.6724170873778748
41.5436014718937,21449361.96758128,1.0481203722291812,1.1907894926270395,0.6740985924084969
41.215329504034884,16918215.31391605,0.836430923647299,0.9460967695624148,0.6665265532955159
41.08712793373797,14883787.425612073,0.7376337497187306,0.8332143334505293,0.6654214961210201
41.21196760478358,15394796.089585584,0.7579942159295507,0.8540887199008835,0.6737004378571428
41.244671649192924,16249492.329783184,0.799025052030844,0.897216351149968,0.6757801296690386
41.29105145164259,18448579.038870513,0.9064776379229724,1.0147951505643504,0.675687169446228
41.3301373989353,18965685.3667154,0.934438110075945,1.04029973280585,0.6744135509560856
41.325652063241506,17444168.377041314,0.8666201985413274,0.9551461242568801,0.6701172959783419
41.369470801521544,16139470.28482881,0.8107300503662912,0.8813897332687708,0.6652827750450563
41.44934068776357,14276764.756165735,0.7297067975798304,0.7766463834458964,0.6595788788880356
41.5481503335155,13254884.220579341,0.687357054641223,0.7202278423205777,0.6603566612237936
41.68127409403451,13392680.524772432,0.6985992587517948,0.7295351088105552,0.668796654079448
41.8488604965043,13402955.063524831,0.7034345257834731,0.7328381796191008,0.680050041326656
42.05432592186677,13692126.046904681,0.7204035326564006,0.7529940902334252,0.6963394937097582
42.30384620583529,14202968.827510405,0.763610865159292,0.7815843005215745,0.6999989505824489
42.60075442974527,14814691.842406875,0.828925125073086,0.8114416922415877,0.6891707505476319
42.94895287083401,15896270.15845925,0.9252564314443724,0.8657417890791052,0.6506492231176384
43.35263509231086,17419421.806472383,1.0559781734748823,0.9414704815208947,0.6258343182011116
43.51607213084559,18007771.280240964,1.1150612857904107,0.9692712840867759,0.6050129529447884
43.41246472181125,17601544.018690564,1.0958273357343713,0.9464626873533079,0.6070043496043529
43.1859889761916,16841048.318615537,1.0521595974479556,0.9039401554704966,0.6100352337058619
42.75337195433131,15370402.30300327,0.9561844858290606,0.8237449783493219,0.6217752679097172
42.53183126601384,14842865.984144714,0.9265576636827927,0.7976732884001355,0.623750824171687
42.55606101155963,15402648.298016865,0.9744150461192159,0.8334814554146933,0.6131878022780716
42.551345347366514,15943237.025960682,1.0182270237231679,0.8716251509413724,0.6053414186343627
42.62249175933344,16880742.410624977,1.087981474470236,0.9353434275550448,0.5953663576120026
42.60578661499026,17676702.717068598,1.1395012663223498,0.9826046562186265,0.5950074069673958
42.46862725071226,18209011.101250008,1.1629662594503123,1.005977047373734,0.6068651028991592
42.3749408813942,18810730.838990424,1.1800449595864748,1.0446911727959287,0.6215490823053983
42.2818673403777,19314478.887326967,1.1763443473008857,1.087815729632459,0.6426502458900785
42.238652836821,20091457.02087544,1.233029460849268,1.0817840549502302,0.6545196685100195
42.270442243077774,18406320.060289577,1.107068182022036,1.0255195188824182,0.6550780093245746
42.32227489496276,16876350.05411792,1.0113744403310772,0.9357154170107774,0.6549012318386186
42.41468814394883,14307400.033526825,0.8513783741650759,0.7979350758012455,0.6496639929194111
42.45187855078829,13452133.79277723,0.7956053119429957,0.7546542330052544,0.646487654785141
42.421425314187985,14521763.3979544,0.8560584903665026,0.8169412916425978,0.6465117419070434
42.388504515716036,16009295.366779087,0.9461947999691012,0.903885679706599,0.6425725731901897
42.32679013311579,18597913.234953534,1.1069128811948183,1.0528057277241147,0.636382941237281
42.23617405633042,19994999.097510427,1.1858686836449568,1.131202386153338,0.6291587306018819
42.119356436748205,19940861.78182048,1.1669634832245876,1.1245158879614088,0.6200432752548873
41.95320241772805,20113879.664292123,1.1581252889186888,1.1279327496034868,0.6096282241629167
41.735629329573484,19926507.695992064,1.1203946250872021,1.1074662131067654,0.5979060222597947
41.689793075494144,19292479.64634906,1.076523050477912,1.072323153874979,0.5889270114953159
41.83110504201701,18327054.16231476,1.0361912174811423,1.0301199584324716,0.5832304807941618
42.05197955812428,16315610.035601716,0.944861086635902,0.9341635046241695,0.5788376715517556
42.41268426068373,13199080.93296924,0.807035201010038,0.7850127784612263,0.5769892084619892
42.45318173288857,16115445.354832413,0.933315671208461,0.9494414574719892,0.5761501286310712
42.13099807505793,25570420.96532081,1.3433757331546077,1.4527628496818505,0.5763393048948173
41.78958741893572,27415452.12224507,1.435579691378035,1.5592983807132634,0.5795116142494592
41.31370125306094,22483800.91670458,1.2466247229306862,1.3107526596400576,0.5855051892609034
40.59903093406527,62180710.57052715,2.920118517692071,3.3825417149073975,0.5926716910645792
40.415558155110965,36838218.01230918,1.7660450632967588,2.017751627591891,0.6012988067645664
39.91682282033756,40699880.388321355,1.8372685179529786,2.1710892182748642,0.612250417100244
39.42025890921277,35388675.07610408,1.4795601452929146,1.822194488473788,0.6253093269861362
39.18452519212389,31295890.374837015,1.2347167679350661,1.5720132321041693,0.6325408534104928
39.2150767511707,29016205.133297537,1.1370865544472424,1.4562669671416844,0.6332601497169338
39.42868443860281,24460422.533513788,0.9526540670920808,1.2280653835639794,0.6311033147255154
39.90710924564919,18698656.564701337,0.7529285297799334,0.9581388809318424,0.6238164891290175
40.05335181949525,17060913.75414385,0.6841848255042915,0.8685337756209736,0.623976861854037
39.829478681973114,19585513.701995537,0.7381469057671366,0.9547778374028288,0.6325828501512838
39.597080793075556,24302109.375343155,0.9015380754366683,1.1657396872483439,0.6415686923624747
39.20790467101431,32575292.038623873,1.2126256162191664,1.559195511770601,0.6541007828708598
38.83218662856162,37362959.85769147,1.3532863878385046,1.7453445864000503,0.6785845737803721
38.50266194680377,38167146.68636581,1.3084926575513003,1.702455694566787,0.7154727320311621
38.4806448608518,34221146.98130339,1.2671550755462397,1.6705804367958177,0.7369774757640186
38.852674535262565,34300773.19763034,1.1525995427863962,1.5552604834565018,0.7430021009399281
38.87001751083041,35495685.11572285,1.135796815306854,1.5596422184232135,0.7609553358095017
38.57982767252269,42273304.417175435,1.2429580375015776,1.7171544544502229,0.7858230555217306
38.43748786857247,46558622.48241224,1.3304675776659851,1.8547938362178225,0.8124179145022145
38.76031714980593,49655037.1590614,1.4429624800240044,2.0265037229063636,0.8450364038332453
38.67642687365259,45956494.06653752,1.4075650400215396,1.9245455357147103,0.8194447009774242
38.40706095328505,33567885.196277514,1.1928263944179096,1.5009785174361563,0.7828409200088947
