Date,Price,SMA_20,SMA_50,EMA_20,EMA_50,Volume,Relative Volume_20,Relative Volume_50,20-Day Average Swing,PE Ratio
2016-01-19,26.496212005615234,26.82494592666626,26.606392974853517,26.6518077523356,26.66419159014569,20364300,1.3207743577420694,1.4899273352862186,0.41311925782437536,6.0657193209342335
2016-01-20,26.230484008789062,26.807631301879884,26.592000427246095,26.611436594211554,26.6446421530949,28290200,1.8549479024942939,2.0206061804256428,0.42925663677386827,6.0048867972466935
2016-01-21,27.086729049682617,26.823212718963624,26.599632835388185,26.656952546697884,26.66445320681312,31354100,1.9234599839211184,2.185709878019179,0.4739840790564376,6.200905084196597
2016-01-22,27.77762222290039,26.86050500869751,26.626683197021485,26.76421604479751,26.714059539339775,23075700,1.3657820278007373,1.5814272943809395,0.4930989651564877,6.359069733113222
2016-01-25,27.77172088623047,26.879710483551026,26.655948791503906,26.86060226546401,26.760941573947473,24298800,1.3903890191608501,1.6332325877045524,0.506085442684045,6.357718753137274
2016-01-26,28.49214744567871,26.941937351226805,26.697056350708007,27.016622218510786,26.837289061327056,22620900,1.2298438943289707,1.4909565417300945,0.5319055044097224,6.5226444149652085
2016-01-27,28.952741622924805,27.026026821136476,26.75309253692627,27.201695728263417,26.930128590586712,33795700,1.709413338661177,2.16265960602847,0.5603505541438667,6.628087223146218
2016-01-28,28.94093132019043,27.096109676361085,26.81589244842529,27.36789065661954,27.017965162170025,20085200,0.9849908698606339,1.273124231600955,0.5755813251313165,6.625383516613873
2016-01-29,29.507827758789062,27.207370471954345,26.880580101013184,27.572310092630435,27.12624454380843,29082600,1.35920006916906,1.8001437262738684,0.5873084905876691,6.755161866811546
2016-02-01,29.974336624145508,27.3579984664917,26.95413131713867,27.801699838079877,27.249575722111405,28536600,1.2825936828555358,1.7280987945952873,0.6102440393420503,6.861958711484287
2016-02-02,29.472400665283203,27.49373779296875,27.014143867492677,27.96120760788407,27.34543907146342,21607000,0.9629472326575798,1.2958715871443205,0.6179342851558769,6.747051620504735
2016-02-03,29.89164924621582,27.632064533233642,27.078108024597167,28.145470370855005,27.45482118730132,20309800,0.8957997340802668,1.2022258504425785,0.6265315544617185,6.8430292725969775
2016-02-04,29.77946281433105,27.777035236358643,27.1441450881958,28.301403521069506,27.554312578864618,19594300,0.8632673556751117,1.14984692611082,0.6347981837211181,6.8173466804103695
2016-02-05,30.09833526611328,27.94533109664917,27.221226272583007,28.472853060332348,27.662804454897092,25790300,1.1201743264590438,1.4864045991209394,0.6412938422837199,6.890345446848351
2016-02-08,29.96251106262207,28.11982707977295,27.29325782775879,28.61496011220076,27.760542026179277,27058100,1.1491281025930031,1.5313529462899946,0.6460182763576698,6.859251511791047
2016-02-09,29.61412239074707,28.26922664642334,27.361471557617186,28.710260928268994,27.839061340835457,22633900,0.9443768979205591,1.2587110261660006,0.6684571149053136,6.779495662247764
2016-02-10,29.51372337341309,28.41833076477051,27.42406032562256,28.78688482525531,27.90977909387306,18633100,0.7717958250017345,1.0197455121149472,0.6678665938356213,6.756511536852161
2016-02-11,29.165328979492188,28.57304468154907,27.477114791870118,28.8229712972396,27.962639312455245,30521000,1.2354666901446223,1.6502544185033525,0.6572373849936343,6.67675437737354
2016-02-12,29.59049415588379,28.7277587890625,27.53715572357178,28.896149755454744,28.030976842592633,20990900,0.8453226545617679,1.1223314492447232,0.6483797523556095,6.774086502602627
2016-02-16,29.667261123657227,28.899302101135255,27.60643222808838,28.969662593141674,28.099478872636972,16360000,0.6746356977541352,0.8708179844566442,0.6398176579350782,6.7916605950628695
2016-02-17,29.714500427246094,29.0602165222168,27.680853576660155,29.040663897389067,28.16691214157603,15228900,0.6347132362272804,0.8122098193499954,0.6380464254840363,6.802474984547137
2016-02-18,30.080615997314453,29.252723121643065,27.74918025970459,29.13978825931741,28.24661423615269,19678500,0.8351522337993368,1.0433790327181522,0.6398181136691795,6.88628901375961
2016-02-19,30.03338432312012,29.40005588531494,27.81247917175293,29.224955850323916,28.32084921393218,15607000,0.6852564486750297,0.8253892635615417,0.6058633923188046,6.8754763708557896
2016-02-22,30.15738677978516,29.51904411315918,27.88245796203613,29.313818461506152,28.396974408840716,12456000,0.5599604035706917,0.6596670778464349,0.5801764864529444,6.903863979510077
2016-02-23,29.897560119628903,29.6253360748291,27.951206893920897,29.369446698697885,28.45903558075027,11594600,0.5365580062584396,0.6152683293936052,0.5645281233686505,6.844382435798485
2016-02-24,30.00975608825684,29.70121650695801,28.022666625976562,29.430462081403245,28.52303312524416,11244900,0.5344427535191788,0.5961784647077767,0.5485841697967777,6.870067211210652
2016-02-25,30.181005477905277,29.76262969970703,28.103384590148927,29.501977968814366,28.591316660223942,12358700,0.6189076133143234,0.6581068279375499,0.5273257467602978,6.909270955929656
2016-02-26,30.127857208251957,29.821975994110108,28.17568962097168,29.561612346514657,28.654474654699843,13011500,0.6633482684196211,0.6956184511277183,0.5104963109398375,6.897103839888991
2016-02-29,29.95661735534668,29.84441547393799,28.243403015136717,29.59924719142109,28.707897075811193,15986300,0.8431561697820736,0.8553483577041866,0.5019336625554333,6.857902278395546
2016-03-01,30.387683868408203,29.865082836151124,28.308537864685057,29.674364064837395,28.776688359146814,12003300,0.6619440750372034,0.6469487076224962,0.4845132720813886,6.956585383600581
2016-03-02,30.777421951293945,29.93033390045166,28.386250762939454,29.77945221543791,28.858481131102245,14791100,0.8313058061745859,0.797821413703449,0.48156073971279234,7.045807262522855
2016-03-03,30.6416015625,29.967831516265868,28.46754726409912,29.8615864400462,28.931256352361665,15404500,0.8778820955534868,0.8457156974430063,0.4641406726393734,7.014714200755775
2016-03-04,30.594358444213867,30.00857629776001,28.543932418823243,29.931393291905625,28.999024940859847,13957600,0.8084093664189473,0.7632655226287535,0.4508546419820746,7.003898937981283
2016-03-07,30.83055877685547,30.04518747329712,28.619908065795897,30.017049239994122,29.07354263007683,14907500,0.8915238404508722,0.8119018299992212,0.4526260944219061,7.057971758692848
2016-03-08,30.978199005126957,30.095971870422364,28.691719818115235,30.108607757551322,29.150921611763053,14306500,0.8894980598478344,0.7777964436601149,0.44140601809308,7.091770710217833
2016-03-09,30.907323837280277,30.160631942749024,28.764914093017577,30.18469132679007,29.22217708034624,15466600,0.9835409853787735,0.8307620778108007,0.42871053930978853,7.075545414507981
2016-03-10,30.895523071289062,30.22972192764282,28.83740550994873,30.252401964938684,29.28997129485059,15102100,0.9712664099492728,0.8035464780081288,0.4278246996652241,7.0728438912011935
2016-03-11,31.0195255279541,30.322431755065917,28.907010536193848,30.325473436498505,29.35995187107163,15223900,1.0297537476275058,0.8035652265526213,0.419262262131517,7.101231499855481
2016-03-14,31.02543067932129,30.394178581237792,28.981866912841795,30.392146007276054,29.427255994558504,11729400,0.819038129117876,0.6173167630652856,0.4098140967381383,7.102583353121654
2016-03-15,31.10220718383789,30.465925884246825,29.064675521850585,30.45978003750285,29.494862079919173,11295700,0.8029511513229213,0.5946133631321712,0.4033185583918728,7.120159628807455
2016-03-16,31.42107391357422,30.551254558563233,29.157944717407226,30.551343050439733,29.57252070302659,11866400,0.853722102174846,0.6285965225470809,0.4169003890619676,7.193157085310101
2016-03-17,31.669095993041992,30.630678558349608,29.248824348449705,30.657807510132436,29.656954860613816,16401500,1.1940734237033204,0.8681264960580075,0.4015472117883133,7.249936232424681
2016-03-18,31.438793182373047,30.700949001312257,29.339999237060546,30.732194556499103,29.72863804934568,23209400,1.644205548717313,1.2231233951031006,0.39711833063872903,7.197213518398842
2016-03-21,31.556888580322266,30.77092409133911,29.436488647460937,30.810743970278942,29.802113876250413,10679000,0.7613161023096487,0.5679247946105485,0.40272813840240573,7.224248837141845
2016-03-22,31.42107391357422,30.847099781036377,29.53545829772949,30.86887540283512,29.86711522084966,10852000,0.775702748305116,0.580672053525421,0.3923941073533962,7.193157085310101
2016-03-23,31.243921279907227,30.908808040618897,29.627814102172852,30.904596710483997,29.922342465445404,9716100,0.6983240323844796,0.5224134348985788,0.3838316735442886,7.152601923970036
2016-03-24,31.62775611877441,30.981145572662353,29.729736404418944,30.973473662805695,29.99068970850754,15096400,1.0744508673811453,0.8117236109172428,0.39682286873448475,7.240472386271249
2016-03-28,31.53327178955078,31.051416301727294,29.838980827331543,31.026791011243223,30.05245803038639,8527100,0.61673846314078,0.4638660373640881,0.4000705823090982,7.218842297367378
2016-03-29,31.917104721069336,31.149440670013426,29.947398681640625,31.111587456928632,30.127060858159442,10770500,0.793972575676375,0.5908316834333659,0.40272787961485346,7.30671232302348
2016-03-30,31.91120338439941,31.225616645812988,30.06089485168457,31.187745144528655,30.198386196926858,14528300,1.0611120119080486,0.8089219666999182,0.4006612927501168,7.30536134304753
2016-03-31,31.9348258972168,31.28348684310913,30.1696671295166,31.25889889593098,30.2677516667777,12428600,0.9156548572194773,0.6981825323253356,0.3808791229225902,7.259530539239323
2016-04-01,31.89348602294922,31.346081066131593,30.282927169799805,31.31933822715114,30.33264733993409,13807100,1.0232343739636278,0.7884500077091317,0.39209886052423376,7.250133021911384
2016-04-04,32.135597229003906,31.423143005371095,30.38390453338623,31.397080044901838,30.404566567555776,11402700,0.8531225871325708,0.6663307752290233,0.39564189745125855,7.305170544267165
2016-04-05,31.94072723388672,31.478651428222655,30.467166633605956,31.448857694199226,30.465802361626963,12979100,0.9781211236060053,0.7675063302966044,0.38353655086398303,7.260872050663731
2016-04-06,31.93773651123047,31.526628303527833,30.550486946105956,31.495418986265573,30.524439951427457,12993600,0.9840822037636964,0.7787763544856477,0.37394577779866756,7.260192189670366
2016-04-07,31.03069305419922,31.532796764373778,30.601257858276366,31.451158165535716,30.544595082856514,23076300,1.6987528212799226,1.3823322078019167,0.3978160133102193,7.05400006268246
2016-04-08,31.138103485107425,31.5449257850647,30.64496509552002,31.421342697726875,30.56820996338336,12197900,0.9076460017635175,0.7500958689167514,0.3953394043319525,7.0784169580781215
2016-04-11,30.79796028137207,31.533847522735595,30.682105674743653,31.36197161717083,30.577346177125996,14975900,1.1153861908964633,0.9267493097911693,0.40624922879317393,7.001094476872839
2016-04-12,31.000850677490234,31.532618522644043,30.711966133117677,31.32757845141706,30.594177928139054,12335000,0.9166280867924557,0.7794801148840574,0.4082014545777534,7.047216194632589
2016-04-13,30.60700035095215,31.507858180999754,30.724619407653808,31.258950710382916,30.594687273072903,19752900,1.4231411282159168,1.2622487247727903,0.43073518252983584,6.957684832144659
2016-04-14,30.64876365661621,31.469242668151857,30.74814666748047,31.200836695910134,30.5968342593822,10083300,0.7311701020293845,0.6539740371665159,0.4110496282225327,6.967178605302016
2016-04-15,30.64279556274414,31.41792764663696,30.763169593811035,31.147689125545856,30.598658165382677,11862000,0.874542711922888,0.7778592228253878,0.40438031225721077,6.965821918409005
2016-04-18,30.86956787109375,31.389466381073,30.78497169494629,31.121201028193045,30.60940378724097,14322900,1.0917397871157342,0.9457731377951493,0.40785265020691275,7.017372551664884
2016-04-19,31.07843399047852,31.36554365158081,30.804573669433594,31.11712792705901,30.627999495627208,11393400,0.8660853185334458,0.7669131634107825,0.40415165072305703,7.064852690656915
2016-04-20,30.881498336791992,31.3385648727417,30.82295341491699,31.094686764839583,30.638045666384986,15412500,1.1516407284421821,1.0539709728358941,0.41023131105896393,7.020084624696455
2016-04-21,29.85510635375977,31.269124126434328,30.827773094177246,30.976630303094122,30.607030596742497,32172200,2.2178722635675108,2.1717379614492582,0.4661542070960321,6.786761794942051
2016-04-22,30.16541862487793,31.196007251739502,30.840806999206542,30.89937134668632,30.589543701527482,17823300,1.2172531096697703,1.2044529748197,0.45571236351294375,6.857303009606364
2016-04-25,30.290735244750977,31.133880424499512,30.86331512451172,30.841405527558425,30.577716042294544,12439500,0.8383627007956005,0.8616875013161351,0.46005485656698647,6.885790399265874
2016-04-26,30.09976577758789,31.043013477325438,30.8735005569458,30.770772645544373,30.55880440009019,10064300,0.6799035841146182,0.7078723695771376,0.4585076812305754,6.842378586613608
2016-04-27,30.84569931030273,30.989738273620606,30.89706932067871,30.777908566355435,30.57015232105529,17012400,1.1397260420808422,1.1954697456011374,0.47960284688966154,7.011946671262474
2016-04-28,30.445884704589844,30.915291213989256,30.911697006225587,30.746287053834095,30.565238668958376,13055600,0.8728116782250681,0.9202341988846612,0.49253867766967563,6.92105948905117
2016-04-29,30.398141860961918,30.840524005889893,30.918047523498537,30.713130186314753,30.558633660500117,13684800,0.9152500203986361,0.9728034722020811,0.4755415934813659,6.9102064274919
2016-05-02,30.62489891052246,30.76498908996582,30.92987781524658,30.704727165825062,30.56125217772544,11103800,0.7433737686227555,0.7944155245783884,0.4724525098601447,6.961753592069241
2016-05-03,30.242982864379883,30.68010187149048,30.931589736938477,30.66075131994585,30.548679317426483,12900700,0.8638987913774185,0.9223868589455302,0.4851523884204953,6.874935169782517
2016-05-04,30.33846664428711,30.60013837814331,30.94040786743164,30.63005741619763,30.540377501650163,9033800,0.6130792918281996,0.6482813991074846,0.4941036419236632,6.896640859316241
2016-05-05,30.33846664428711,30.565527057647706,30.946982078552246,30.602286764074325,30.53240575138711,10788800,0.7640387373191934,0.774730437065503,0.4541221737023703,6.896640859316241
2016-05-06,30.50555419921875,30.533899593353272,30.953473052978516,30.593074108109732,30.531345892693174,9782300,0.6987372115797391,0.7050637622755318,0.4526304064834806,6.9346237564723765
2016-05-09,30.481693267822266,30.518086242675782,30.960549774169923,30.58246637701045,30.52938655226815,8719800,0.6370786061247892,0.6323959202565266,0.4383085658890691,6.929199610409236
2016-05-10,30.75618934631348,30.505853176116943,30.976541213989258,30.59901146689785,30.538334214420022,7903500,0.5869404905392188,0.5799943024283367,0.4350261752712443,6.991598969376215
2016-05-11,30.523460388183597,30.501676177978517,30.979256744384767,30.591816108286032,30.537747561046352,8508900,0.65943135873596,0.6276402470463532,0.4162287096973795,6.938694250736227
2016-05-12,30.71441650390625,30.504958820343017,30.977996635437012,30.603492362547723,30.544714159932415,9917100,0.7690607580565612,0.7368109787220763,0.4221961760790881,6.982103028294771
2016-05-13,30.398141860961918,30.492726135253907,30.97312744140625,30.583935132356387,30.53893562029147,9561300,0.7481429056000977,0.7165980669772202,0.4296554811751447,6.9102064274919
2016-05-16,30.571199417114254,30.47780771255493,30.972664260864256,30.58272220487518,30.540207338805526,7903400,0.6343491127347386,0.5977668867973192,0.428760403962494,6.949546445125861
2016-05-17,30.37427520751953,30.442599773406982,30.96353858947754,30.56287007701362,30.533668224819845,10466800,0.8432304229364347,0.7970012018828075,0.43592116703874345,6.904780980674307
2016-05-18,30.06992721557617,30.402021217346192,30.945373153686525,30.51592306748868,30.515396470465312,10443100,0.8585061002427602,0.7999028758848789,0.4481543001646761,6.83559558573337
2016-05-19,29.61640167236328,30.390085983276368,30.919554710388184,30.430254247058425,30.47998193503678,16022400,1.410822433823672,1.2262125900465433,0.4180192501989632,6.732498655069784
2016-05-20,29.63430595397949,30.363530349731445,30.89433036804199,30.354449554743525,30.446673735526282,15345800,1.3661470474467647,1.1739937038354582,0.4099628217107549,6.736568715748816
2016-05-23,29.323999404907227,30.315193557739256,30.860419845581056,30.25631133633274,30.40246309712661,13263100,1.1764236299442483,1.0177149980578926,0.41175297344381806,6.666028801838955
2016-05-24,29.586559295654297,30.28953323364258,30.831642417907716,30.1925253636555,30.370338277175613,11827300,1.0409307675822583,0.9074056911237766,0.4045915492243887,6.725714787019911
2016-05-25,29.747682571411133,30.234632396697997,30.80455192565918,30.150159344957213,30.345826134534818,9490400,0.8638524831526283,0.730138268049619,0.381914919699099,6.7623418644526705
2016-05-26,29.93267822265625,30.20897207260132,30.774784011840822,30.12944684009605,30.329564165988646,11044000,1.014555527945061,0.8507400992078196,0.3735605644835873,6.804395689457473
2016-05-27,30.207183837890625,30.199424171447752,30.74554576873779,30.13685036920077,30.32474783852441,10649500,0.9921472285185382,0.8276857643333537,0.38221357530006317,6.866797216348537
2016-05-31,30.37427520751953,30.186892986297607,30.724255409240723,30.159462273777244,30.32669673592651,15834500,1.4433938830435744,1.2449387142172008,0.3840040528551764,6.904780980674307
2016-06-01,30.093809127807617,30.179434299468994,30.69499382019043,30.153209589402678,30.317533859880935,10670800,0.9826841381622146,0.8389695490251701,0.37803658539608503,6.841024501229501
2016-06-02,30.296693801879883,30.17734565734863,30.672506217956542,30.16687476002159,30.316714021285286,8721100,0.8042924617698013,0.6879836873767288,0.3738593947846775,6.887144918234799
2016-06-03,30.38620948791504,30.17973279953003,30.6553519821167,30.187763792134337,30.319447603372335,9500700,0.8814254661237486,0.7497389916832452,0.3732626388200975,6.9074939208755115
2016-06-06,30.260887145996094,30.167499446868895,30.628014602661132,30.19472792421316,30.31714442046714,10075600,0.9334916391461306,0.8014576353642983,0.37057728522277633,6.87900523046155
2016-06-07,30.881498336791992,30.187489700317382,30.614979133605956,30.2601346568518,30.3393379240535,15210900,1.368131527134802,1.1972118656274129,0.39951939716713697,7.020084624696455
2016-06-08,30.744251251220703,30.186892795562745,30.591522064208984,30.306241016187894,30.35525959719855,10546200,0.9374279175957287,0.8303581889118026,0.4007130051766854,6.988885162005374
2016-06-09,31.000850677490234,30.210762310028077,30.5733150100708,30.372394339352656,30.380642327644324,9790700,0.8653435252140335,0.7766678682078548,0.4010114382154054,7.047216194632589
2016-06-10,31.430513381958008,30.246567153930663,30.563228759765625,30.473167611948817,30.421915966829346,15629000,1.3473473318143456,1.2335399098976798,0.41891383389336934,7.144888545648217
2016-06-13,31.37083625793457,30.2952018737793,30.55277576446533,30.558659887314686,30.459217291035607,12394200,1.0555913971626223,0.9804155774874144,0.4177203189788502,7.131322543887742
2016-06-14,31.621477127075195,30.347715759277342,30.542493362426757,30.659880601847018,30.504900554786655,10735900,0.9034595349698311,0.8501362717154589,0.42040556314599337,7.188299057546031
2016-06-15,31.531957626342773,30.405599880218507,30.53431797027588,30.742935575143843,30.545265971881754,10289000,0.8664997502991778,0.8182338999020569,0.4135430196151425,7.167949187735684
2016-06-16,31.901931762695312,30.497200107574464,30.533601875305177,30.85331618677923,30.598581074434794,11914500,0.997214545296281,0.9491309769680099,0.41175286129983135,7.2520529354819345
2016-06-17,32.0928955078125,30.621024799346923,30.554845924377442,30.971371381833304,30.657300709381055,18836300,1.5582031645844492,1.5107398288550562,0.3968342107553925,7.295463447379748
2016-06-20,32.080955505371094,30.743357276916505,30.573702964782715,31.077046077776952,30.713239290643358,14344300,1.1915453880914406,1.1465176374109898,0.4096642155320726,7.292749206424092
2016-06-21,32.28385543823242,30.891350078582764,30.603420867919922,31.191980319814228,30.77494758832434,11893000,0.9935759670406465,0.9552969541345008,0.41921223030956867,7.338873092107927
2016-06-22,32.24208450317383,31.02412633895874,30.628245544433593,31.291990255605317,30.832586027826334,12959200,1.0775546314843316,1.0398959526291733,0.41712408472074164,7.329377584611302
2016-06-23,32.624000549316406,31.167942237854003,30.66858554840088,31.418848394385336,30.902959175484217,12329900,1.0132666692142354,1.001327317632697,0.4183177294502354,7.416196006898026
2016-06-24,32.48077392578125,31.295347023010255,30.70522575378418,31.519984170510547,30.964937155835358,43842700,3.1750745922771646,3.375437994620573,0.4362201159177809,7.383637255805032
2016-06-27,32.665775299072266,31.418276596069337,30.745685348510744,31.629107146098725,31.03174324899849,22570200,1.5668924188973743,1.7094870311904014,0.4448726275754682,7.425692381564286
2016-06-28,32.71350860595703,31.53523826599121,30.782564163208008,31.73238348499672,31.097796056608832,17780600,1.226101143724822,1.3397013968138485,0.44725965718456634,7.43654327519947
2016-06-29,32.856727600097656,31.673384189605713,30.81813003540039,31.839463885717564,31.166875475921394,18184100,1.2222628879162731,1.3562252514865143,0.4389052717389637,7.469100291953196
2016-06-30,33.32219696044922,31.82465934753418,30.866944007873535,31.980676570009045,31.251517625887452,22143300,1.4241424341810134,1.6350978830188714,0.45322701189555004,9.426021368564161
2016-07-01,33.554927825927734,31.983095264434816,30.940940437316893,32.1306052711425,31.341970378425707,16092300,1.0134905982109315,1.217186976916992,0.4624765906132334,9.491855146382854
2016-07-05,33.733943939208984,32.156748104095456,31.012310943603516,32.28330420121176,31.43589591773672,20703200,1.261661326763958,1.5591529520068996,0.4708307550344594,9.542494355769593
2016-07-06,33.91175079345703,32.30826072692871,31.084731254577637,32.438394361401166,31.533110236694647,15761500,0.958903401197481,1.1810850740940455,0.4558787994046451,9.592791495829372
2016-07-07,33.38132095336914,32.440114212036136,31.15036235809326,32.52819689844721,31.605676563943703,13574100,0.8182886836584601,1.0118502037401358,0.4756223949021612,9.442746076761507
2016-07-08,33.694759368896484,32.57480964660645,31.207343559265137,32.63929809112111,31.687696373900245,15946200,0.943775736224323,1.1905654286116176,0.48756613403979293,9.531410014676416
2016-07-11,33.71284103393555,32.68892602920532,31.27268268585205,32.74154028032419,31.767202282984584,12434700,0.7429707357469859,0.9292535167881713,0.47222849003848244,9.536524868335066
2016-07-12,33.43556594848633,32.79216251373291,31.33343116760254,32.80763796544721,31.832698332722146,14897600,0.8835207509594268,1.1112932897954457,0.47210777275520127,9.45809063773746
2016-07-13,33.755035400390625,32.89884042739868,31.396033897399903,32.89786629559938,31.908161616049384,11405600,0.6750827088184957,0.8504230417700157,0.46902758884070633,9.548460605954968
2016-07-14,33.658599853515625,33.00517253875732,31.464346237182617,32.97031711282919,31.976874066415267,11098500,0.6553358932284025,0.8297550605825489,0.4700672572211412,9.521181386442166
2016-07-15,33.658599853515625,33.09300594329834,31.530748901367186,33.03586785183029,32.04288669150994,13949700,0.8187716986503183,1.0353087201141877,0.4573819594790171,9.521181386442166
2016-07-18,33.71284103393555,33.174003219604494,31.598236389160157,33.10034148981673,32.10843481347086,9623300,0.5805317101715058,0.715452838608001,0.44164057131267886,9.536524868335066
2016-07-19,33.57421112060547,33.248666000366214,31.65960952758789,33.145471931854665,32.165966595099356,10270100,0.6272586741945119,0.7629863544896667,0.4325266664015933,9.497309911202363
2016-07-20,33.52598190307617,33.3107723236084,31.720495300292967,33.18171097746699,32.21934541919955,12008700,0.7331867004705785,0.8878118989432047,0.4129518082225562,9.483667064196812
2016-07-21,33.37529373168945,33.36743278503418,31.772877388000488,33.20014743058798,32.264713382847404,9802100,0.6042875496580958,0.7226476738531605,0.41367797611408647,9.441041125541958
2016-07-22,33.81532287597656,33.426998901367185,31.838714637756347,33.25873556921555,32.32556884114162,10973200,0.6793253424964952,0.8060567230869154,0.41929910767361916,9.56551443448267
2016-07-25,33.67667388916016,33.48679389953613,31.897959785461424,33.29853921933126,32.37859290184544,10848700,0.7480115848817362,0.7958221446404382,0.4006408302729817,9.526294081934719
2016-07-26,33.03774642944336,33.505392456054686,31.950751876831056,33.27370181043336,32.40446059708485,18753900,1.3103097487034125,1.3574125150424314,0.4181180492625991,9.345557382748849
2016-07-27,33.34516143798828,33.53697509765625,32.00623111724853,33.2805074893317,32.44137624318087,17074600,1.1959289135808175,1.219671610279969,0.42886225454234117,9.432517448527257
2016-07-28,33.06787872314453,33.547532653808595,32.06010318756103,33.26025713042219,32.46596123125079,10672300,0.7676985803154727,0.7621192260308387,0.43503503698817914,9.354081059763548
2016-07-29,33.39940643310547,33.55139312744141,32.12669277191162,33.273509445096686,32.502590205875826,15508900,1.1428847247891667,1.099550166298375,0.4272384106274199,9.447862009503208
2016-08-01,32.85090255737305,33.51619186401367,32.191382789611815,33.233261169709294,32.51625785992805,17434600,1.2784706397816248,1.2336082358098897,0.4500531047126074,9.292703894942795
2016-08-02,32.54949951171875,33.45696964263916,32.2496866607666,33.16814101126951,32.517562219387216,18428200,1.362697413542897,1.298248778061609,0.45479101147504614,9.207444464051735
2016-08-03,32.48922348022461,33.38584327697754,32.31299114227295,33.1034821983076,32.51645026948241,10429400,0.7867255248658793,0.7376864003118974,0.44544806168536155,9.190393872773182
2016-08-04,32.50730514526367,33.342142486572264,32.371406059265134,33.046703430968535,32.51609144282349,11309800,0.8604858445292941,0.8005444081373557,0.4198305704048234,9.195508726431832
2016-08-05,32.33250427246094,33.27402973175049,32.42310249328613,32.97868446307704,32.508888197735494,13460100,1.0338653680717709,0.9474253239417387,0.4089807210644203,9.146061903815728
2016-08-08,32.3023567199707,33.203505516052246,32.470496063232424,32.9142722967117,32.50078487288542,9830400,0.7626977609175587,0.6931232980214427,0.4014461132175072,9.137533910468825
2016-08-09,32.344566345214844,33.148955535888675,32.513243713378905,32.86001458677462,32.494655712040384,7906200,0.6305078825447599,0.5596163957085742,0.39722664265488133,9.14947396442093
2016-08-10,32.43497085571289,33.08295230865478,32.554457626342774,32.81953423125267,32.4923140487571,8875700,0.7150372353966673,0.6344899703446693,0.38878780476308206,9.17504715363113
2016-08-11,32.465110778808594,33.023277854919435,32.60188365936279,32.785779616596315,32.49124678062636,7824800,0.6387990760239313,0.5616504864125199,0.38185597768857454,9.183572988811932
2016-08-12,32.338531494140625,32.957274436950684,32.64272041320801,32.74318455715741,32.48525539343863,7655000,0.6414177384892539,0.5503047559702136,0.38125307776992157,9.147766855035277
2016-08-15,32.314414978027344,32.887353134155276,32.681284523010255,32.702349359008494,32.4785530259657,8250900,0.6953466578121471,0.5942107286475842,0.3836640908815614,9.140944891990976
2016-08-16,31.80207061767578,32.79874610900879,32.71210819244385,32.61660852624125,32.45201386734505,13933100,1.1563669440610571,0.9978852118669924,0.39662310866873546,8.996015405664812
2016-08-17,32.049198150634766,32.72490692138672,32.7354621887207,32.562569442702255,32.436211201759725,12930100,1.0690362212796918,0.9290859273527967,0.4086780769880066,9.06592164291552
2016-08-18,31.86838150024414,32.64956130981445,32.75794479370117,32.49645630516158,32.4139352837533,11204900,0.9210586885256682,0.8043611190834064,0.4153078981315499,9.014773106329015
2016-08-19,31.615209579467773,32.539555644989015,32.77023197174072,32.41252804538366,32.38260177853143,11991000,0.9815710867516964,0.8580818125298407,0.41289634813582643,8.943157061985032
2016-08-22,31.67547416687012,32.43949565887451,32.775131187438966,32.342332437763886,32.35486198821665,8183900,0.6773131262471147,0.591951416570647,0.4147040649875267,8.960204416014433
2016-08-23,31.72370338439941,32.37379350662231,32.78218852996826,32.28341538495445,32.3301026988315,7775100,0.6741055752799344,0.5661655928955469,0.37853792496753724,8.973847263019984
2016-08-24,31.66342544555664,32.28970670700073,32.783027496337894,32.22436872396145,32.30395040293447,8900700,0.8000445832477547,0.6498661965023301,0.36497571664426615,8.956796132199909
2016-08-25,31.796037673950195,32.226114654541014,32.78830909729004,32.1835752905658,32.28402633513468,8680100,0.7872645999395047,0.635252011376442,0.35834473852553295,8.994308835820688
2016-08-26,31.386157989501957,32.12545223236084,32.77799362182617,32.10763078559942,32.24880575448792,15105300,1.3725271944438513,1.1003404613776877,0.36587895649767077,8.878364059768401
2016-08-29,31.64535522460937,32.06517486572265,32.76904281616211,32.063604541641496,32.22513453354668,11960400,1.1144868663140373,0.8800673184833563,0.34086431431025144,8.951684515790408
2016-08-30,31.506711959838867,32.013035488128665,32.75755794525146,32.010567152839414,32.19695367096555,9161900,0.8922387431781263,0.6793297325449207,0.3315214769007332,8.912465781867029
2016-08-31,31.542871475219727,31.96571788787842,32.742738265991214,31.966024707307014,32.171296891010506,10390500,1.0120786110546978,0.772147490760314,0.3257951004533924,8.922694410101279
2016-09-01,31.6815185546875,31.92442855834961,32.731526947021486,31.93892888322335,32.15208522273619,9988800,0.9792513954048083,0.7455876287151556,0.33664495533914585,8.961914223107708
2016-09-02,31.874406814575195,31.901523685455324,32.71653507232666,31.932783924299418,32.141193327050665,13275300,1.3026231932337737,0.9895032291736079,0.3354393939571919,9.01647751800704
2016-09-06,32.25414276123047,31.89911298751831,32.712002449035644,31.963389527839464,32.14562371175966,17235600,1.631932691156009,1.3377539121439455,0.3556320870963905,9.123895379795476
2016-09-07,32.37470245361328,31.900619792938233,32.70618099212646,32.002562187463376,32.15460913094961,10612300,0.992103223683411,0.8392602634468833,0.3574405485567585,9.157998720518679
2016-09-08,32.308387756347656,31.89429063796997,32.698078575134275,32.03168843213679,32.16064091593383,9005300,0.8413612687735034,0.7221965592349864,0.3592488952897984,9.139239940771427
2016-09-09,31.2354679107666,31.83280849456787,32.66565338134765,31.955857906250163,32.12435239247023,18258500,1.626601846692208,1.464099198704687,0.4068671800203921,8.83573758157202
2016-09-12,31.687536239624023,31.800258731842042,32.632960166931156,31.93030346179682,32.10721906793087,15678600,1.348567427726287,1.270395188143043,0.4270599804265725,8.963616476619633
2016-09-13,31.012435913085938,31.73515977859497,32.58211032867432,31.84288750473725,32.06427849864634,17602400,1.4555028283344456,1.4227937337067873,0.46021221472362495,8.772647372408839
2016-09-14,31.036550521850582,31.696883773803712,32.528162460327145,31.766093506335704,32.0239683186013,11941800,0.9956374475003387,0.9791179231267231,0.4505684396748698,8.779468795911614
2016-09-15,31.3319149017334,31.661019611358643,32.476565742492674,31.724743163024957,31.99682436111279,13007400,1.084131592041667,1.0713256767791144,0.456294823467198,8.863020038333975
2016-09-16,31.27162742614746,31.631181907653808,32.434371871948244,31.681589283307904,31.968380626524596,19932300,1.6030016824348017,1.624663673109417,0.44755601227328085,8.845966209806273
2016-09-19,30.86174774169922,31.593508815765382,32.377711639404296,31.603509136464393,31.924976456996777,14578500,1.1603635383904547,1.190935606397273,0.45328227078397365,8.730021433753985
2016-09-20,30.903947830200195,31.554932498931883,32.32153377532959,31.53688425013527,31.884930089459058,14006300,1.0895727723105395,1.1412614457776349,0.45780297480998283,8.741958789998462
2016-09-21,31.265602111816406,31.532027435302734,32.27813449859619,31.51104785600326,31.860639204059005,14434700,1.0945466029867676,1.1770562625831846,0.46985827748035935,8.844261798128247
2016-09-22,31.5549259185791,31.526602458953857,32.234132308959964,31.515226719106657,31.848648781342998,12751900,0.9530286661940847,1.0375567235211853,0.471967719249372,8.92610431254038
2016-09-23,31.6815185546875,31.520876502990724,32.194590682983396,31.531064036784237,31.842093779522678,13014800,0.957172579801767,1.0556556026203048,0.4782967646331716,8.961914223107708
2016-09-26,31.43437385559082,31.523287296295166,32.1501061630249,31.521855448097458,31.82610271135806,10559000,0.7897641066836003,0.8611979549831382,0.4611184687772889,8.892003129983276
2016-09-27,31.639328002929688,31.52298593521118,32.108635902404785,31.533043310464286,31.818777310046418,8259000,0.6264057439108606,0.6751111002847744,0.46232370723550015,8.949979564570858
2016-09-28,31.3801326751709,31.516656970977785,32.0647543334961,31.51848039281511,31.801573522249463,13279100,0.9916728930470281,1.0801529431038053,0.46594052020942767,8.876659648090376
2016-09-29,31.416296005249023,31.510328197479247,32.022560615539554,31.50874854637892,31.78646288066889,10804700,0.8056406101862494,0.8806043403711371,0.4737765784835835,8.886889355407677
2016-09-30,31.3319149017334,31.492848014831544,31.98169303894043,31.4919072468868,31.768635520814218,13077600,0.9640156408544899,1.0601896109589894,0.47196834815850597,9.129444789879674
2016-10-03,31.27162742614746,31.462709045410158,31.93081912994385,31.470928216337864,31.749142959906358,9120300,0.682759139557142,0.7416027231536855,0.4695573277564703,9.111878318707731
2016-10-04,30.89790916442871,31.394897365570067,31.87524383544922,31.416354973293405,31.715757873363728,13753300,1.0431898324394393,1.1130700039640065,0.4674476430678943,9.002984870987357
2016-10-05,30.646743774414062,31.30849943161011,31.82742378234863,31.343058668631553,31.673831686755594,17190900,1.2721918888877377,1.394807563144801,0.47615789713292517,8.929800689029156
2016-10-06,30.64064598083496,31.22511234283447,31.773333473205568,31.27616222216922,31.633310825497286,11724000,0.858979445377985,0.959574604961207,0.47936073779269767,8.92802392338955
2016-10-07,30.43336296081543,31.185007095336914,31.720643157958985,31.195895625843825,31.58624983440944,13816800,1.029056348297828,1.1250729186786141,0.4431068547718766,8.86762611836924
2016-10-10,30.59797096252441,31.130528831481932,31.664614448547365,31.13895041980956,31.547490467195736,10687700,0.8110798068622708,0.8771640411740277,0.42947338398648804,8.915589342713737
2016-10-11,30.42116355895996,31.100965213775634,31.616019668579103,31.070589766391144,31.503317134900342,11737900,0.9110517778002003,0.9724495681435467,0.4037467809171124,8.86407147556945
2016-10-12,30.66502952575684,31.082389163970948,31.57833026885986,31.031964981566695,31.470440501251765,8880100,0.6975280058660817,0.747515632833884,0.40454931416249396,8.935128762906828
2016-10-13,30.658935546875,31.048740196228028,31.54172451019287,30.996438368737138,31.438614350251306,11156900,0.8827855667182823,0.9380248955064363,0.39299812981746846,8.933353108787795
2016-10-14,30.6528377532959,31.017800712585448,31.504635162353516,30.9637145005984,31.40779732357722,8853200,0.7326178891929097,0.7474270365428097,0.3925116336553149,8.931576343148189
2016-10-17,30.744287490844727,31.011927700042726,31.47287082672119,30.942816690144813,31.381775498122682,10724600,0.9018604666807942,0.9096204709813038,0.3806419394585481,8.958222825899703
2016-10-18,30.646743774414062,30.999067497253417,31.43975856781006,30.914619269597985,31.35294877474443,10873900,0.9266196393359364,0.9206538751553417,0.37751928583487365,8.929800689029156
2016-10-19,30.713802337646484,30.971477508544922,31.40714328765869,30.895493847506728,31.32788257954554,10364900,0.8988312912510309,0.8739202154156123,0.3655875954593341,8.949340109222245
2016-10-20,29.95784950256348,30.89162368774414,31.357600860595703,30.806194386080854,31.274152437257584,27098200,2.212306548086779,2.216678612440434,0.3920152204927906,8.729071744097153
2016-10-21,29.38477325439453,30.776786422729494,31.295994110107422,30.670820944964163,31.20005469068337,24785000,1.9306936670365507,1.9727170486210879,0.40809687227802466,8.56208967535164
2016-10-24,29.3908748626709,30.674611473083495,31.237040977478028,30.54892131807607,31.129102372474378,19414700,1.4619348892406254,1.5168819893673642,0.41620729587510874,8.563867552511823
2016-10-25,29.165313720703125,30.55091075897217,31.174058952331542,30.41714916594236,31.052086787737714,16441200,1.2010300052961265,1.2683282817334716,0.4115570057610881,8.498143896654993
2016-10-26,29.03729248046875,30.43376874923706,31.118763389587404,30.28573424351363,30.97307104205061,15049200,1.0922824509508262,1.158949118427947,0.4053891615530933,8.460841266148137
2016-10-27,29.592060089111328,30.342556953430176,31.069620628356933,30.21967003833124,30.918910981068823,22330700,1.5557067323484548,1.695158299896821,0.41902123498721977,8.622488591892525
2016-10-28,29.3908748626709,30.245504951477052,31.02007049560547,30.140737164457516,30.85898505270369,10660100,0.7489612300273024,0.8098947237905028,0.4210598638356794,8.563867552511823
2016-10-31,29.323806762695312,30.148113918304443,30.974242439270018,30.062934269050423,30.798779141389666,12459400,0.8652279995986148,0.9459222259608785,0.41240562044795065,8.544325353517296
2016-11-01,29.055570602416992,30.05599699020386,30.921844367980956,29.966994872226888,30.730414922620078,13229400,0.9203739545316038,0.9967447236812425,0.4099854293835408,8.466167116984655
2016-11-02,28.61663055419922,29.954491329193115,30.859702911376953,29.83838874669886,30.647517806861227,16488200,1.1499005670277265,1.2261740057238608,0.4130335953638461,8.338269446228198
2016-11-03,28.57396697998047,29.85115737915039,30.79791374206543,29.71796762605767,30.566198684701423,12605100,0.8763973229246478,0.9322639612169435,0.4108998598472855,8.325838200114113
2016-11-04,28.701988220214844,29.764588642120362,30.736032752990724,29.621207682643096,30.4930894521214,14410200,0.9998383351153476,1.0568104363605801,0.40449824997357575,8.363140830620969
2016-11-07,28.933650970458984,29.68137264251709,30.686982612609864,29.55572609100592,30.431932639073825,14705200,1.0062815613472698,1.0790783028152664,0.40023088784811967,8.43064236363798
2016-11-08,29.04948616027832,29.61278877258301,30.635065231323242,29.50751276426956,30.377717039198437,9482400,0.6539302085495595,0.6983652079437938,0.39504906689933783,8.464394241667062
2016-11-09,29.17751121520996,29.538412857055665,30.588481216430665,29.476084045311268,30.330648465481215,20871900,1.382224894736633,1.5111210411436387,0.42644524939548417,8.501697983694495
2016-11-10,28.46422004699707,29.428677082061768,30.526908187866212,29.37971604547117,30.257452686076768,24311700,1.5428202635366506,1.725381849769563,0.4547936473761366,8.2938603089232
2016-11-11,28.46422004699707,29.319246196746825,30.462562217712403,29.292525950377865,30.187127522256336,16425500,1.0179049767376287,1.1551509302040022,0.4563178472981745,8.2938603089232
2016-11-14,28.15330696105957,29.189697170257567,30.38814022064209,29.184028903775523,30.107367330317263,21820200,1.3072755327533325,1.5163181298006456,0.46546246762531407,8.203266935954462
2016-11-15,28.87877082824707,29.101298522949218,30.32063278198242,29.154956706106,30.059185611077098,18672200,1.0931388591129347,1.2949733490237592,0.484665620757626,8.414651472881518
2016-11-16,29.220176696777344,29.02661724090576,30.257542266845704,29.161168133789012,30.026282339985393,17328400,0.9942026266470332,1.1906847832375682,0.4938103639922911,8.514129785568867
2016-11-17,29.165313720703125,28.986990451812744,30.194680786132814,29.161562951590355,29.99251791750968,12436300,0.7448514196216538,0.8505240691274186,0.45967054660557805,8.498143896654993
2016-11-18,29.305530548095703,28.9830283164978,30.156082038879394,29.175274151257582,29.965576510195042,12820600,0.7964030604796954,0.8833770821091577,0.442599983470085,8.539000058441065
2016-11-21,29.451847076416016,28.98607692718506,30.111368255615233,29.201614429844188,29.94542973616197,10773300,0.6876840762769962,0.7473641112330978,0.4316265152078936,8.58163354162703
2016-11-22,30.171218872070312,29.036372184753418,30.094543914794922,29.29395771005648,29.954284432391972,22030000,1.3815810103163901,1.5189317641796038,0.45601185762334673,8.791242980195344
2016-11-23,30.62235450744629,29.115625286102294,30.086259994506836,29.420471690760614,29.980483885165057,21456700,1.3191236253813583,1.4602442154274504,0.4831410531617106,8.922694182231016
2016-11-25,30.89059829711914,29.180552196502685,30.07743366241455,29.560483748509395,30.0161754661695,8087100,0.5199471893977605,0.5540815097469043,0.46942418460476815,9.000854641804807
2016-11-28,31.16493797302246,29.269255352020263,30.07529987335205,29.713288912749075,30.061225970369257,15982400,1.0102776202748327,1.100981034832895,0.4718626971335077,9.080791311257917
2016-11-29,31.067392349243164,29.356434631347657,30.07941276550293,29.842251144796393,30.10068431200219,11532800,0.7311512741639765,0.7978087929143555,0.47582540918850214,9.052368618627082
2016-11-30,30.42116355895996,29.424714279174804,30.069757080078126,29.89738566043112,30.11325238162174,20698900,1.2819073317538818,1.418758464166494,0.48222696452930014,8.86407147556945
2016-12-01,30.40289306640625,29.514027404785157,30.052502899169923,29.945529222905023,30.12461106215288,12982800,0.8128635144006409,0.8916508383556285,0.4758257495562166,8.858747847774081
2016-12-02,30.366315841674805,29.603644847869873,30.028730697631836,29.9856041389784,30.134089859195164,10650700,0.6709539803067476,0.7336009296902465,0.4831415145640987,8.848090032737877
2016-12-05,30.32973289489746,29.685032081604003,30.001694984436035,30.018378306208835,30.141762273718015,13074700,0.8271362588796617,0.9004873556277309,0.4810080501895211,8.83743055042081
2016-12-06,30.70160484313965,29.773429775238036,29.98703960418701,30.083447500202325,30.163717265376555,13581500,0.8622624397617803,0.9315137305597134,0.4913713354093579,8.945786022182743
2016-12-07,31.32344055175781,29.887127494812013,29.980721855163573,30.201542076541077,30.20919736842208,16280600,1.011788329004286,1.1044835495002057,0.5120991085495389,9.126975546921658
2016-12-08,31.171031951904297,29.98680353164673,29.97653984069824,30.29387444562338,30.24691697608503,11502900,0.7363050581326315,0.7822473264086762,0.4752156304829402,9.08256696537695
2016-12-09,31.390499114990234,30.133117485046387,29.976023902893065,30.398314890325082,30.29176402488694,10101500,0.6774095013028137,0.687603652770604,0.45052516718473845,9.146514967114747
2016-12-12,31.55511283874512,30.28766212463379,29.9804878616333,30.508486123508032,30.34130784843551,16186400,1.0863355704697986,1.0971560325280492,0.4675950940955776,9.19447985874011
2016-12-13,31.9208984375,30.47604169845581,29.99347328186035,30.643001581983558,30.403253457732667,12211500,0.8468702072496639,0.8242728457531471,0.46058413996350184,9.30106189942416
2016-12-14,31.475854873657227,30.605895900726317,30.005032196044922,30.72232094309539,30.445316832681492,19920400,1.3755306165077623,1.3335191654051373,0.462413617316998,9.17138579574723
2016-12-15,31.585594177246094,30.724166774749754,30.023809204101564,30.804537441585982,30.490034177909372,13963600,0.9755385299504288,0.9388132264850267,0.46911972720998973,9.203361463896993
2016-12-16,31.86602210998535,30.859202194213868,30.048316726684572,30.905631219528832,30.543995169090046,21262500,1.441032541750974,1.411436281542987,0.4724724205079733,9.285072120188273
2016-12-19,32.256202697753906,31.006735801696777,30.08477352142334,31.034257074597953,30.61114137548658,13407000,0.9068363774839163,0.8904610086737424,0.48497009458409435,9.398762334951327
2016-12-20,32.38422775268555,31.153354835510253,30.120498657226562,31.162825710606356,30.680674983597935,10366900,0.702172067343333,0.6888383456823101,0.48832306330948433,9.43606607697876
2016-12-21,32.29277420043945,31.25943260192871,30.157930870056152,31.270439852495265,30.743895267435438,9656700,0.6826751914759448,0.6434280019877126,0.4627184038445941,9.409418482706668
2016-12-22,32.70732879638672,31.363681316375732,30.19877685546875,31.407286418580217,30.820893487696612,11101500,0.8146323422578557,0.7375121191414075,0.4523544677912998,9.530210758185563
2016-12-23,32.725624084472656,31.455432605743407,30.2401106262207,31.532842386760493,30.895589576000525,7201200,0.5301500184969439,0.4809289999946572,0.442600192615018,9.535541610864671
2016-12-27,32.70124053955078,31.532247734069824,30.2810786819458,31.64411840131198,30.966400119742566,6255400,0.4776217408981845,0.41921878966574816,0.4316267212596676,9.528436771347392
2016-12-28,32.57931137084961,31.607843685150147,30.3177791595459,31.733184398410827,31.029652143859618,6849500,0.5325041728829082,0.46143030122078443,0.43406535025293386,9.49290923919928
2016-12-29,32.76219940185547,31.724895477294922,30.36008827209473,31.831185827310343,31.097595795399698,7150800,0.5868331828117326,0.4841566460838479,0.4157754491903134,9.546198870140586
2016-12-30,32.542728424072266,31.831887245178223,30.396666793823243,31.898951788906732,31.154268161512007,12440800,1.0232347354339277,0.8399636003170051,0.41242246542347943,9.482249756882213
2017-01-03,33.274295806884766,31.97728624343872,30.462995719909667,32.029936933476094,31.237407202921094,22891700,1.7925656726065955,1.5544047431830597,0.4297969315981847,10.35718539399186
2017-01-04,33.23772048950195,32.12268562316895,30.540054664611816,32.14496393881191,31.31585149794238,18316100,1.4054253141683148,1.2547327953000524,0.4340644090558291,10.345800709995046
2017-01-05,33.31087875366211,32.253149318695066,30.61845474243164,32.25600344498814,31.394088471049386,13840600,1.0609579789933294,0.9554381957690834,0.4237011197870661,10.368572452766312
2017-01-06,32.81672286987305,32.32781343460083,30.691482925415038,32.30940529497718,31.44987847333792,15615000,1.200036888742017,1.079158766197057,0.4207223268035989,10.214758105149789
2017-01-09,32.45934295654297,32.39222898483276,30.759923934936523,32.323685072269164,31.489465600801257,14097200,1.072698101441848,0.9755466983849211,0.4270144198998221,10.103517583639412
2017-01-10,32.50863265991211,32.448135662078855,30.81825538635254,32.341299128235164,31.529433212893164,11787400,0.8912219843929924,0.827784409472729,0.4404931546706495,10.118859834570037
2017-01-11,32.32379531860352,32.486569786071776,30.876913795471193,32.339632098746435,31.56058487503348,16142800,1.2207263650064692,1.1249845986076583,0.4275546521047108,10.061326096732992
2017-01-12,32.45934295654297,32.513492012023924,30.939624519348143,32.351033132822295,31.595830515029952,11052100,0.8394450537598473,0.771729699300464,0.42806154900266247,10.103517583639412
2017-01-13,32.37924575805664,32.5586615562439,31.006098022460936,32.35372004951128,31.626552869885977,9458700,0.7481447060103023,0.6639644886012656,0.4050548678228868,10.078585980606341
2017-01-17,32.49631881713867,32.60419778823852,31.083691787719726,32.36730088452341,31.66066153943615,11383500,0.9096706294695406,0.8048460876356381,0.3902456679307754,10.115026943462224
2017-01-18,32.19439697265625,32.62061653137207,31.156100387573243,32.35083384529797,31.681592459264262,12930900,1.0689088217278415,0.9138307024897291,0.39532859632339734,10.021048680602837
2017-01-19,32.262168884277344,32.62091484069824,31.22730400085449,32.342389563296,31.704360286077186,13286100,1.0988198485763874,0.9404269560039785,0.37779880598330673,10.042143830361638
2017-01-20,32.48398971557617,32.62590293884277,31.298310775756836,32.35587529208459,31.73493414901258,15473700,1.253277728213915,1.094081058030975,0.386912502900163,10.111189302799135
2017-01-23,32.29298400878906,32.62591342926025,31.363180732727052,32.34988564605644,31.75681856714873,15695500,1.240895677559241,1.1000980980088544,0.3895268685498884,10.051735557241724
2017-01-24,30.88197326660156,32.534645652771,31.397269973754884,32.21008446706073,31.72251074275733,43484700,3.047775445000363,2.954199904617103,0.43915220716646886,9.612534681750132
2017-01-25,30.666316986083984,32.431680297851564,31.44131191253662,32.06305899268199,31.68109118772546,30398600,1.9704094394737208,2.0482357476990987,0.46913699709971174,9.54540802964418
2017-01-26,30.26581573486328,32.30990905761719,31.477343826293946,31.89189296812782,31.625589942355404,37877100,2.226932899984949,2.4804278083270956,0.49606684887631636,9.420745264923545
2017-01-27,30.561573028564453,32.20902214050293,31.525509147644044,31.765195831026542,31.58386361030093,18369300,1.0446224913461357,1.2083975051725595,0.5008379182506589,9.512804707451387
2017-01-30,30.419849395751957,32.091904640197754,31.55633071899414,31.637067599095626,31.53821580635023,12148700,0.6811899952479811,0.8061030454580622,0.5071496757216039,9.468690838046964
2017-01-31,30.19803047180176,31.97466974258423,31.57588779449463,31.500016444115253,31.48565931109451,16844200,0.932954004484706,1.1183823247230071,0.5064111547026983,9.399645959303877
2017-02-01,29.816015243530277,31.801755714416505,31.588901824951172,31.33963537739287,31.420182824627354,26004100,1.4279873796801428,1.69600355426297,0.5015944708978101,9.280737280800237
2017-02-02,29.74823760986328,31.62728157043457,31.597755966186522,31.188073685247193,31.354616106510502,17787200,0.9781856117537135,1.1526249576688712,0.5082205616349519,9.259640349958206
2017-02-03,29.933080673217773,31.458391666412354,31.60738063812256,31.068550541244388,31.298869423607627,15166400,0.8310283307105253,0.9772311029391676,0.5025393349966574,9.317175868878481
2017-02-06,29.594202041625977,31.297265625,31.59584030151367,30.928136398423582,31.23201949731295,16151400,0.8837017931846508,1.0486426740706325,0.49539211392404214,9.211694183140379
2017-02-07,29.600360870361328,31.15431652069092,31.57540042877197,30.801681586227172,31.1680326775362,12771900,0.7013398430539383,0.8386840463604426,0.48799813557378985,9.213611222388694
2017-02-08,29.80369758605957,31.019069766998292,31.553662414550782,30.706635490973117,31.114529174353258,13962800,0.762182998048253,0.9098649330047529,0.4692054670657594,9.276903202303604
2017-02-09,30.07480812072754,30.90662040710449,31.531859817504884,30.646461455711634,31.073755677966286,13577300,0.7463659646609544,0.8875263500012289,0.47136265852106296,9.361290925671724
2017-02-10,30.17955207824707,30.792630863189697,31.51410301208496,30.601993895953107,31.038688769542762,12317400,0.6747605724075877,0.8043436411180542,0.4655091764497595,9.393894247864518
2017-02-13,29.91460418701172,30.66939878463745,31.503971824645998,30.53652820938726,30.99460689971577,18305300,0.979060326082451,1.1991105306971195,0.4781402793059602,9.311424751133533
2017-02-14,29.74208068847656,30.531686878204347,31.490755577087402,30.4608665407291,30.94548809469946,20847200,1.0874914384410217,1.3516937668498128,0.48337755165877516,9.257723904404298
2017-02-15,29.625009536743164,30.40321750640869,31.47592945098877,30.38126111177806,30.893704490093672,19297100,0.9901889851859834,1.2373149743766778,0.47844834433358246,9.221283535242826
2017-02-16,29.859140396118164,30.283066082000733,31.466517601013184,30.331535329334258,30.853133249982328,18706900,0.9467370873723515,1.1908705757969906,0.48368576965347215,9.294160711399316
2017-02-17,30.308942794799805,30.174313735961913,31.458664360046388,30.329383659378596,30.83179239769905,23190700,1.1511780231410078,1.4584634108423387,0.4938522299421898,9.434169289217033
2017-02-21,30.456825256347656,30.082505798339845,31.441332054138183,30.34152095432803,30.81708777074084,19206000,0.9451439085681779,1.203437447444384,0.4926202711628285,9.480200197869774
2017-02-22,30.604698181152344,30.06864204406738,31.430005378723145,30.36658545212082,30.808758749170853,13653400,0.7251203585929263,0.8532151702749619,0.42022111085962843,9.526228138050467
2017-02-23,30.99903678894043,30.085278034210205,31.42217613220215,30.426818912770305,30.81622064862585,16212000,0.8947108746113372,1.0054262754376817,0.40635753427010285,9.648972676133969
2017-02-24,31.1777286529541,30.130873680114746,31.41462844848633,30.498334126121144,30.83039746148034,14357900,0.8473807030983495,0.8924638800731033,0.38818099316379406,9.704593530583566
2017-02-27,30.77106094360352,30.1413480758667,31.3916316986084,30.52430810873851,30.828070534736568,14029500,0.8387403022801038,0.8700846064950193,0.39403454166010404,9.578011351836976
2017-02-28,30.58004570007324,30.149357891082765,31.37371551513672,30.52961645077039,30.818344052663942,17699200,1.040860318758768,1.1007054161507526,0.3928021879731549,9.518554637807515
2017-03-01,30.69097137451172,30.17400493621826,31.35582305908203,30.544983586364804,30.81334903681192,16095600,0.9486434374091065,0.9983309050513847,0.39495874715736223,9.553082123581541
2017-03-02,30.795713424682617,30.22298984527588,31.334416885375976,30.568862618585552,30.812657443000024,10773400,0.6648018596235953,0.6770303621101297,0.37339321823921023,9.585684852079925
2017-03-03,30.86349296569824,30.278752613067628,31.306562690734864,30.5969226516439,30.814650996176038,11071600,0.6976587385355064,0.6978183564624273,0.36261045432261324,9.606782376616364
2017-03-06,30.826520919799805,30.32342462539673,31.27540855407715,30.618789153373033,30.81511648410973,10827300,0.6917211381171102,0.6820248502887644,0.3616866031033757,9.595274204182372
2017-03-07,30.462984085083008,30.36686372756958,31.23881275177002,30.60395057544065,30.801307349536934,12896900,0.8325968352424181,0.8090887145019533,0.36076239628345486,9.482117237118091
2017-03-08,30.290462493896484,30.401368808746337,31.190475425720216,30.57409456767454,30.78127418883245,14206500,0.912914398812469,0.887787952255362,0.3663076024057057,9.428416984083267
2017-03-09,30.364391326904297,30.429403495788574,31.143250770568848,30.554122830458326,30.764925818481206,10590000,0.6879723719650284,0.6589956831115648,0.3613780723783318,9.451428579395975
2017-03-10,30.407529830932617,30.446039581298827,31.097376556396483,30.540161592408257,30.750910270757398,11181600,0.7321023159734896,0.6915698442495847,0.3561407608158353,9.464856165855922
2017-03-13,30.48147773742676,30.461135864257812,31.055419883728028,30.53457265383859,30.74034427544083,10488800,0.6908778215032494,0.6458136329430465,0.355216442183773,9.487873698112725
2017-03-14,30.4136905670166,30.486090183258057,31.00844970703125,30.523060074141256,30.727534310228958,8496600,0.5783379539472385,0.5222848545506202,0.33919643524614235,9.466773798798647
2017-03-15,30.8942985534668,30.543701076507567,30.97548110961914,30.558416119791307,30.73407409225388,12660800,0.8864809002043819,0.7780472297676564,0.3524440549092159,9.616371135024403
2017-03-16,30.83267974853516,30.60408458709717,30.926648788452148,30.58453646538596,30.73794098515549,10861200,0.7836196848624073,0.6774732714551291,0.3502874271507551,9.59719124343069
2017-03-17,31.04833602905273,30.663544368743896,30.882861099243165,30.628707852401842,30.750113353185935,21071300,1.5074061872809807,1.309831747666505,0.34350962559277975,9.66431789553664
2017-03-20,30.955909729003903,30.6958927154541,30.83576171875,30.659869935887752,30.758183807811918,9456000,0.7114171314902895,0.591024527517892,0.32194409424961384,9.635548651840478
2017-03-21,30.90662002563477,30.71838245391846,30.797559661865236,30.683369944435086,30.764004841862988,15196500,1.1608086435997023,0.9503178232009248,0.3222520967059168,9.620206400909856
2017-03-22,30.629344940185547,30.719614791870118,30.760959701538084,30.678224705935133,30.75872405626152,14950400,1.1363806522498405,0.9339312832372253,0.3407370845922843,9.533899857210189
2017-03-23,30.586204528808597,30.698973178863525,30.722511138916015,30.66946087954213,30.751958578265484,9644900,0.7518748343441588,0.6041209682571697,0.3293381461963426,9.520471677055834
2017-03-24,30.61086654663086,30.670630073547365,30.688252563476563,30.66388046688391,30.746425552442247,9310700,0.7403876126799539,0.5882223614082361,0.3188634117290709,9.52814814577083
2017-03-27,30.27813148498535,30.645983600616454,30.64462833404541,30.627142468607854,30.728061063344402,13270900,1.0584956662048526,0.836072065910519,0.3200956705467496,9.424578749725768
2017-03-28,30.376712799072266,30.635816955566405,30.604577674865723,30.603292023890177,30.714282688603866,12856300,1.0456216631226483,0.8064994712332442,0.321944195140088,9.455263845281426
2017-03-29,30.271982192993164,30.61486749649048,30.560090942382814,30.571738706661893,30.696937557297417,11160800,0.9263131685150795,0.7003332996159989,0.3136260100708707,9.422664678949499
2017-03-30,30.22884750366211,30.586524200439452,30.52077995300293,30.539082401614294,30.67858107054187,11623000,0.9612851761687621,0.7305351630464227,0.31116131099359523,9.409238279878371
2017-03-31,30.037830352783203,30.5452410697937,30.47629318237305,30.49134411124943,30.65345357291742,19299100,1.5436217454457035,1.2038977664721169,0.3114693371223389,10.007712778334145
2017-04-03,30.302780151367188,30.51905403137207,30.432668991088867,30.47338563887969,30.63970166430713,14307400,1.1286567214807575,0.8938109554282738,0.3222520996002897,10.09598618069925
2017-04-04,30.38288116455078,30.515048885345458,30.3944669342041,30.464766165134083,30.6296302653162,8952800,0.7174131840939542,0.5640506304869845,0.31424194304678554,10.122673458834193
2017-04-05,30.204200744628903,30.51073579788208,30.38091148376465,30.43995041080026,30.612946743808966,14327600,1.1475543107173336,0.937106421320368,0.314242194146208,10.063142450745767
2017-04-06,30.196720123291016,30.502352237701416,30.37151954650879,30.416785621513668,30.596624121001106,18456100,1.4330783374642042,1.2262910703291658,0.31624878931924466,10.060650129933185
2017-04-07,30.340118408203125,30.49898166656494,30.373005599975585,30.409483982150757,30.586565067378192,17269600,1.309986164041071,1.179763183868609,0.32388526132568174,10.108426178717385
2017-04-10,30.265300750732425,30.488172817230225,30.367080154418947,30.3957522458252,30.573966459430473,10859400,0.8225839805417083,0.7495447609931368,0.3249676447297768,10.083499157760123
2017-04-11,30.365066528320312,30.48574161529541,30.36598449707031,30.392829796539022,30.56577430071182,13096200,0.9750326656268264,0.902753881175801,0.3272896176871306,10.1167381512387
2017-04-12,30.502243041992188,30.46613883972168,30.37206874847412,30.4032501056298,30.563282877469568,10455800,0.7848933662630524,0.7271487601236677,0.31549494512156356,10.162441290667815
2017-04-13,30.31517601013184,30.440263652801512,30.382051963806152,30.39486209653476,30.553553191400884,9487000,0.7158600696165807,0.6752873583672495,0.3140837940116358,10.10011611261179
2017-04-17,30.433650970458984,30.409529399871825,30.395760231018066,30.398556275003735,30.5488511412008,10507100,0.8257455373071222,0.7557307538275992,0.31641709524342243,10.139588450009446
2017-04-18,30.689292907714844,30.396198558807374,30.41088447570801,30.42624547811908,30.55435866406712,19691300,1.4876914690795544,1.4071516314806702,0.33155415765613494,10.22476074947669
2017-04-19,30.514705657958984,30.376602840423583,30.42929454803467,30.43467025715145,30.552803643511485,18837300,1.4038634882437528,1.3409766670786039,0.33641790524967485,10.166593464097039
2017-04-20,30.18425178527832,30.354348182678223,30.440972366333007,30.410820878877814,30.538350623138435,30398200,2.1421401176485095,2.1109899226206936,0.34796061365575637,10.056496050088244
2017-04-21,29.46096611022949,30.29808626174927,30.434117736816408,30.320358519958926,30.496100232319318,31278300,2.048048600582298,2.1210970845265154,0.3736941594256381,9.815518748879752
2017-04-24,29.336261749267575,30.234356021881105,30.419346809387207,30.22663501798832,30.45061635186543,23161900,1.4508100787951999,1.5505380380849454,0.37599774772790795,9.773970960239389
2017-04-25,29.118038177490234,30.17635135650635,30.39811653137207,30.12105436651231,30.398358363960853,30033500,1.7873960709840275,1.9639625123706064,0.3716301392027857,9.701265348610303
2017-04-26,29.5295524597168,30.133993339538574,30.390415496826172,30.064720851579402,30.364287531481793,29343800,1.6646782747906514,1.8915536243378808,0.3790504864429353,9.838369683122407
2017-04-27,29.09933090209961,30.075360774993896,30.377560501098632,29.972778951628946,30.314681371380683,16838500,0.9401103611456411,1.0910785754117147,0.3913339424951321,9.695032640163129
2017-04-28,28.62546730041504,29.995191764831542,30.35756965637207,29.84446355627524,30.248437659520786,25922800,1.391739639652457,1.6654108906107696,0.4051759119941346,9.537155364538703
2017-05-01,28.606761932373047,29.923638343811035,30.332522087097168,29.7265872111417,30.184058197948826,14455200,0.7862928559034247,0.9337758893938868,0.40281058341388876,9.530923291563434
2017-05-02,28.62546730041504,29.839772701263428,30.298852577209473,29.621718648215353,30.12293696685945,13397800,0.7305828008927661,0.8765603045592023,0.39307700761618597,9.537155364538703
2017-05-03,28.775108337402344,29.759384059906004,30.265218238830567,29.54108909480459,30.070080926038383,19568100,1.037035074214563,1.27965012263469,0.39261522414278555,9.587011312868947
2017-05-04,28.606761932373047,29.679512119293214,30.22525951385498,29.452105555525396,30.01269585063115,20767700,1.0821425147254378,1.3455773483605464,0.38907268330923656,9.530923291563434
2017-05-05,29.111801147460938,29.62526617050171,30.18751480102539,29.41969561190021,29.97736663662892,17133000,0.8958372821092673,1.1087552121137445,0.4021661652432728,9.699187355479975
2017-05-08,29.074392318725582,29.561979866027833,30.14544807434082,29.38680958397882,29.941955869476104,15561700,0.8173277667277845,1.005502521881506,0.39561931418644536,9.68672384500134
2017-05-09,28.94344139099121,29.495886898040773,30.108895683288573,29.344584041789528,29.902798428760622,14349000,0.7467910468346084,0.9267625701336891,0.396866938801416,9.643094885871124
2017-05-10,28.918516159057617,29.423559379577636,30.075665092468263,29.304006148196013,29.8641991144187,12669600,0.6601197944237654,0.823645924306175,0.39281407285957376,9.634790539012675
2017-05-11,28.69404602050781,29.33314952850342,30.035726585388183,29.245914707463804,29.818310746774987,12435800,0.6446131740400625,0.8123120159183317,0.3865792981423152,9.560003756893732
2017-05-12,28.58182144165039,29.246481800079344,29.99144874572754,29.182667729767285,29.76982095891561,14470900,0.7405375599858247,0.9407016482772124,0.38657861350577266,9.522613860929741
2017-05-15,28.295000076293945,29.139549255371094,29.940078887939453,29.098127953246017,29.711984833050664,20379700,1.0172198692219327,1.308970872978243,0.3931251632198835,9.427053502226572
2017-05-16,28.25135040283203,29.017652130126955,29.8885754776001,29.01748247225421,29.654705039273782,14813500,0.7485037882472247,0.9466113378138815,0.37597858579232407,9.412510727673801
2017-05-17,27.73384475708008,28.878609085083006,29.833992691040038,28.895231261285243,29.579377169655633,21333500,1.0711941001098384,1.3487097689867875,0.38190203608220175,9.240093219384226
2017-05-18,28.083011627197266,28.773547077178954,29.789843673706056,28.817877010419725,29.520696156453504,15648700,0.8159650435521675,0.9875143832532928,0.36912038298364835,9.356425248255908
2017-05-19,28.3199405670166,28.71649580001831,29.7489546585083,28.770454492000383,29.473607693070917,12787800,0.7005622170938649,0.8047444669806066,0.3504144949461594,9.435362932860263
2017-05-22,28.357351303100582,28.66755027770996,29.70795108795166,28.731111331152785,29.429832924735276,9290100,0.5290479204625731,0.5860270944723542,0.34667345457864673,9.4478270788108
2017-05-23,28.357351303100582,28.62951593399048,29.665468559265136,28.69551513800496,29.38777481459232,8066300,0.4900048142124055,0.5103886744245053,0.330773935847675,9.4478270788108
2017-05-24,28.083011627197266,28.5571888923645,29.61885498046875,28.637181470308988,29.33660762220067,15846000,1.0037509220528436,0.9934037639006627,0.3223566274000353,9.356425248255908
2017-05-25,28.25135040283203,28.514789867401124,29.565996017456055,28.600435654358805,29.294048508708286,11206400,0.7227520093284954,0.7038254303915368,0.3111334986816566,9.412510727673801
2017-05-26,28.2575798034668,28.49639549255371,29.514494018554686,28.567782716178616,29.253402670844245,5999900,0.4135285358399094,0.3791429003297587,0.2930518200647027,9.414586178916508
2017-05-30,28.806285858154297,28.506371688842773,29.469653015136718,28.590497301128682,29.235868675584417,16442300,1.125538132538904,1.0451284883275986,0.3179924220479055,9.597398736632968
2017-05-31,29.080638885498047,28.529130268096925,29.432147598266603,28.637177452021003,29.229781231966886,22811100,1.5127672125342073,1.4257448985982373,0.3307748449719691,9.688805015491198
2017-06-01,28.999568939208984,28.540353298187256,29.394006576538086,28.67169092699129,29.220753297679273,14219400,0.9600165275641692,0.889831240326901,0.33669828969447035,9.661794917628363
2017-06-02,28.95591735839844,28.557811069488526,29.360538024902343,28.698760110934828,29.210367573201562,18552800,1.262020117850128,1.1557985668018032,0.350727220108541,9.647251507603688
2017-06-05,28.912282943725582,28.54783515930176,29.327059593200683,28.71909561881966,29.198677978408707,8538200,0.5982845793274326,0.5326455143102864,0.33732135097149724,9.632713816826156
2017-06-06,28.95591735839844,28.5419114112854,29.293960609436034,28.741650070208117,29.189157952936476,11610500,0.8249858333792232,0.7222349328437525,0.3410623894469909,9.647251507603688
2017-06-07,28.993331909179688,28.544405937194824,29.26826461791992,28.765619769157787,29.181478499342568,8648100,0.6271952122525026,0.5410697064655706,0.337008952546773,9.659716924498033
2017-06-08,28.80005645751953,28.53848295211792,29.236731491088868,28.768899453763666,29.166520770532568,11717800,0.8527655313246401,0.7341718665651498,0.3444911619485927,9.595323285390261
2017-06-09,29.130510330200195,28.56030616760254,29.213902053833007,28.80333858485286,29.165108596249524,11698800,0.853672151890421,0.7324876178111175,0.3560258515681978,9.705420699399054
2017-06-12,29.423561096191406,28.60239315032959,29.197796325683594,28.86240739545653,29.17524398945475,18929100,1.3591656494578876,1.174447570800592,0.36943145438948816,9.803056509344932
2017-06-13,28.96839714050293,28.636063003540038,29.176407661437988,28.872501656889522,29.1671323475115,15194600,1.1117122831893629,0.947568373893695,0.37629013512080806,9.651409400280059
2017-06-14,29.111801147460938,28.679085540771485,29.152588081359863,28.89529208456299,29.164962496321493,9817600,0.7316765973937897,0.6156947474545271,0.3753547876472492,9.699187355479975
2017-06-15,29.080638885498047,28.746425247192384,29.126543235778808,28.912944160842518,29.16165568774989,10984100,0.8514489383340775,0.6870993025855442,0.3591434454907114,9.688805015491198
2017-06-16,29.074392318725582,28.7959942817688,29.10394706726074,28.928320175879,29.158233594544697,22573900,1.7041098413647433,1.3976681239859834,0.3544670495507747,9.68672384500134
2017-06-19,29.036985397338867,28.831846523284913,29.0807523727417,28.938669244589466,29.153478762878194,9773500,0.7462951544457193,0.6117053369671182,0.343867332419601,9.674260969994616
2017-06-20,28.6441707611084,28.8461874961853,29.046833419799803,28.910621769972224,29.133505898435114,16756100,1.2440192808474069,1.0494079297840309,0.36101383887420757,9.543386802042066
2017-06-21,28.31370735168457,28.8440052986145,29.007801551818847,28.853772777754354,29.10135693329883,15027200,1.0875586309116714,0.9362420602409264,0.38439556195058894,9.433286210673746
2017-06-22,28.3199405670166,28.85585174560547,28.966899032592774,28.802931614826953,29.07071315192239,10511300,0.7757053451738608,0.657003389993232,0.3772250596089142,9.435362932860263
2017-06-23,28.30124282836914,28.858346366882323,28.922879028320313,28.7551517304024,29.040537842934164,10069700,0.7462464242837451,0.6297053428994699,0.37067809063151264,9.429133401772615
2017-06-26,28.52570533752441,28.871752643585204,28.887089614868163,28.733299692985447,29.020348331515287,10105500,0.7376772746782996,0.6314556190833255,0.3828365692714556,9.503917642003934
2017-06-27,27.958309173583984,28.82935380935669,28.837582778930663,28.65949107209007,28.978699734306264,20187200,1.453746761652201,1.2463464143153509,0.3787835711597477,9.31487809508745
2017-06-28,27.958309173583984,28.773237323760988,28.782963104248047,28.59271184366092,28.938684415632956,18703600,1.3671272828275813,1.1561598353450764,0.3725480030495524,9.31487809508745
2017-06-29,27.690200805664062,28.70776891708374,28.72647300720215,28.506758411470738,28.889724271048426,17913000,1.2918994665226173,1.1085557881489427,0.36943049193938277,9.225552351247169
2017-06-30,27.8460750579834,28.65227680206299,28.67970947265625,28.443836187329087,28.848796848505025,13368900,0.9825424514209636,0.8451553127534253,0.3544662113652297,7.145533293274198
2017-07-03,28.05806541442871,28.609565925598144,28.651651458740233,28.407096113719525,28.817787770894927,9732000,0.7121257854732047,0.6324675788878527,0.3591432835683504,7.199931773012503
2017-07-05,27.83983421325684,28.553761768341065,28.62172290802002,28.353071170818314,28.779436648891483,14853400,1.074132917566695,0.9758376157433261,0.3607021614563223,7.143931840872776
2017-07-06,27.49114227294922,28.47865228652954,28.589184989929198,28.27098270435459,28.72891529816237,16854300,1.1837065212963653,1.1268054037560582,0.3681055948557427,7.05445460347482
2017-07-07,27.465869903564453,28.411942958831787,28.547911338806152,28.194305294755527,28.679384103718398,12198500,0.8552779416677797,0.8346738795006942,0.36296512377254153,7.0479695043553665
2017-07-10,27.289003372192383,28.319867610931396,28.511704788208007,28.108086064035223,28.624859366505735,12272500,0.8587392329599127,0.8450173754438536,0.3493826940582393,7.002584088789494
2017-07-11,27.09318733215332,28.203348922729493,28.481059188842774,28.01142904195123,28.564793793733717,13249500,0.9458982874668388,0.9284925813095869,0.33833122129449117,6.952336072487639
2017-07-12,27.30164337158203,28.120011234283446,28.454956817626954,27.943830406677975,28.51525848084458,11388900,0.8242651191084049,0.8015510067228403,0.32543771778420166,7.005827617232106
2017-07-13,27.47219657897949,28.038031005859374,28.431891403198243,27.89891289927812,28.474354090777602,12140500,0.8713373400759913,0.8559634931799299,0.32969501701076975,7.049592981621722
2017-07-14,27.516416549682617,27.959819889068605,28.40671756744385,27.86248467550712,28.436787911143753,11986800,0.8572216244860392,0.8542592450323215,0.33235663776473584,7.060940192035717
2017-07-17,27.57958602905273,27.88507957458496,28.38617404937744,27.835541947273367,28.403172149727684,10804200,0.8065947832111344,0.7810715258575868,0.3209444216167304,7.077150003185692
2017-07-18,27.390071868896484,27.802733898162842,28.35173946380615,27.793116225523185,28.363442725435128,15417100,1.1272273691398924,1.1173254401401689,0.3270845639732828,7.028519101411436
2017-07-19,27.446922302246094,27.742871475219726,28.31919006347656,27.760145375687273,28.32750074673846,13940800,1.0298867965229648,1.0127126647198128,0.31194753212198895,7.043107393060827
2017-07-20,27.933324813842773,27.723852348327636,28.298987731933593,27.776638655511608,28.31204286647298,19309100,1.4042634582126696,1.3926503580742362,0.31864474812021565,7.167922302641767
2017-07-21,27.93964195251465,27.70483741760254,28.279410247802733,27.792162779035706,28.29743890856898,11426600,0.828248262824906,0.8256129163992681,0.3213391992766185,7.169543332700909
2017-07-24,27.611162185668945,27.67033338546753,28.257752571105957,27.77492462728649,28.27052609503181,11895200,0.8565474553155454,0.8601428991860054,0.3337225866662704,7.085252706274187
2017-07-25,27.781719207763672,27.63313407897949,28.241750526428223,27.775571730189082,28.251357196893487,9818800,0.7077609854217297,0.7148073773642486,0.3298579408845118,7.12901904954669
2017-07-26,28.047033309936523,27.637570285797118,28.236791191101073,27.801425213974554,28.24334449520387,19045200,1.378494196379618,1.3891873415982001,0.3273999496848168,7.197100843706321
2017-07-27,30.20108985900879,27.74970932006836,28.275785980224608,28.029964703977814,28.320118825408592,44702500,2.957318424518834,3.1244369163937655,0.41890369804630756,7.749849579567334
2017-07-28,30.283212661743164,27.879359912872314,28.32677333831787,28.244559747574513,28.397102899553136,25296500,1.6336063167962163,1.7583329753622772,0.44280058731860256,7.770922970336178
2017-07-31,30.57379913330078,28.015746116638184,28.376589088439943,28.466392070024636,28.48246353844135,28456800,1.752324276792455,1.9433988035075258,0.4650692218448208,7.8454898636152635
2017-08-01,30.883316040039062,28.1570086479187,28.42785659790039,28.6965753052641,28.576614619341655,33498200,1.9221162546900723,2.2247580661443496,0.4861474268799144,7.9249144632159005
2017-08-02,30.453767776489254,28.28770532608032,28.469784927368163,28.863926969190306,28.65022847044917,19233400,1.0899105048685964,1.2607209524672267,0.499350443111353,7.814688824167237
2017-08-03,30.706451416015625,28.448470783233642,28.516766929626463,29.03940548793557,28.730864666295354,15190100,0.8648645263260979,0.9864758237083844,0.502508969956188,7.8795295370914715
2017-08-04,30.89594841003418,28.61997470855713,28.573025665283204,29.21621909956401,28.81576991307242,13841700,0.7844225115212075,0.9012542042512096,0.5145111112343755,7.9281560338927415
2017-08-07,30.864362716674805,28.79874267578125,28.62528591156006,29.373185158336465,28.89610688751231,10448700,0.5952138849630266,0.6810027432508794,0.5129319091114809,7.920050883597032
2017-08-08,30.700124740600582,28.979089546203614,28.674136810302734,29.499560356647336,28.966852687152937,10901200,0.6251722260247753,0.7059843265417778,0.5160903047080971,7.877906059825113
2017-08-09,30.46008682250977,29.13701171875,28.707212829589842,29.59103906768185,29.025410889716714,18887100,1.0603566972312244,1.2193067128589534,0.5183012269592769,7.816310343667824
2017-08-10,30.333744049072266,29.280089092254638,28.73227493286133,29.66177287543332,29.076718073427553,13005200,0.7283679991218274,0.8503513227549206,0.5138796306229315,7.783889742484985
2017-08-11,30.35902404785156,29.422219467163085,28.75946403503418,29.728177748996963,29.127004583161707,10420500,0.5861805838967269,0.6847512041054713,0.5176697382065354,7.790376799370209
2017-08-14,30.81382942199707,29.583931636810302,28.796622276306152,29.831573146425544,29.193154578020987,11064600,0.6219573787806778,0.7343027409031434,0.5315663129761761,7.907083622006783
2017-08-15,30.624330520629883,29.745644569396973,28.830863227844237,29.90707384873072,29.249279125751425,11164800,0.6351810710943344,0.7383783188930886,0.533460929141514,7.858456635764069
2017-08-16,30.58011054992676,29.902303981781007,28.863347091674804,29.971172582177964,29.30146859422513,9447000,0.5444122111537942,0.6265655017955973,0.5325133148858926,7.847109425350077
2017-08-17,30.251628875732425,30.018219184875488,28.88851303100586,29.997882705373627,29.338729782324453,10638000,0.6287566629558715,0.7037002541205957,0.5145101137316892,7.762818309481913
2017-08-18,30.125289916992188,30.127501583099367,28.915017700195314,30.010016725527773,29.369575278270272,16919100,0.9840273169347198,1.1115441312406635,0.5129309139540459,7.730398687181959
2017-08-21,30.409543991088867,30.26742067337036,28.940598373413085,30.048066941295495,29.410358365642807,10556800,0.6163903260443714,0.6945986088815297,0.5211429075031629,7.8033406348703584
2017-08-22,30.54220962524414,30.405445194244386,28.96297134399414,30.095128149290606,29.454744690171268,11005500,0.6403704844803765,0.7317512975113075,0.5274598107799342,7.837383734436668
2017-08-23,30.49798011779785,30.527992534637452,28.99356300354004,30.133495003434156,29.49565588396281,8909200,0.5341456753847348,0.5973620643575622,0.5157733022237541,7.82603407681546
2017-08-24,30.51694869995117,30.54378547668457,29.021665954589842,30.170014403102446,29.535706583147547,8898200,0.5976306204593552,0.5973610099457232,0.4191251239187956,7.830901571965871
2017-08-25,30.75066566467285,30.567158126831053,29.05506649017334,30.22531452325201,29.583352037917674,9846700,0.6975243400695916,0.6620475002457457,0.40048976610100906,7.890875279181135
2017-08-28,30.706451416015625,30.573790740966796,29.08770767211914,30.271137084467593,29.627395151310626,6329400,0.48649259392772015,0.43506377278527425,0.37995979052309464,7.8795295370914715
2017-08-29,30.64327621459961,30.561788749694824,29.119833488464355,30.306578906384924,29.66723362483823,6044100,0.5193612237611562,0.41759410082782306,0.3546925900843016,7.863318257617166
2017-08-30,30.39691925048828,30.558946323394775,29.154888458251953,30.31518274868048,29.69584874772843,10758400,0.9593880405553329,0.7495225959632623,0.338268554742667,7.80010102195929
2017-08-31,30.302173614501957,30.53873243331909,29.1946577835083,30.31394378352062,29.71962619373629,14237700,1.275071767956766,0.9930129140430803,0.331951632291573,7.77578850772082
2017-09-01,30.27057838439941,30.507463932037354,29.233670539855957,30.309813745509075,29.74123216221762,11455200,1.0369634113554338,0.7978960152424385,0.3171068844843701,7.767680910217893
2017-09-05,29.916831970214844,30.460087394714357,29.26598232269287,30.27238690976677,29.748118429265283,10005100,0.9075175809932071,0.6969540382736443,0.3278456998634665,7.676906652996049
2017-09-06,29.63257598876953,30.406709957122803,29.288119735717775,30.211452536338463,29.743587353124816,14081900,1.2591421909962914,0.975539026895335,0.34111125513543145,7.603964215866207
2017-09-07,29.1840763092041,30.34290943145752,29.312635078430176,30.113607181373286,29.721645743361115,16591100,1.4988899102668054,1.1551219683365788,0.35943032362576427,7.488875486640119
2017-09-08,29.12722396850586,30.2825834274292,29.336013374328612,30.01966592300496,29.698335085321364,14152000,1.2719452574606123,0.9915891491335507,0.36953713937626065,7.474286705549284
2017-09-11,29.247243881225582,30.2269944190979,29.367154235839845,29.94610191902597,29.68064523403286,11073700,0.9923626155745289,0.7834100469648441,0.3600617963884371,7.50508480834865
2017-09-12,29.55677032470703,30.1641414642334,29.401368141174316,29.909022719567023,29.67578739441254,11173200,1.0007922535605505,0.7929125264169341,0.35721965982638826,7.584511855156504
2017-09-13,29.847339630126957,30.125291919708253,29.437153625488282,29.90314813962035,29.682514933119787,12772700,1.1358811889993108,0.9025269227567762,0.3569041204069617,7.659074343462603
2017-09-14,29.803131103515625,30.086442947387695,29.476419563293458,29.893622707610373,29.68724497905264,11808500,1.0392222004651133,0.8380019495778092,0.36543206905028003,7.647730069697267
2017-09-15,30.232681274414062,30.08549556732178,29.531250343322753,29.925913999686912,29.708634637846234,24626500,2.0416174428485565,1.7285757403468873,0.37427569112038145,7.757956198187372
2017-09-18,30.37795639038086,30.098128890991212,29.58949207305908,29.96896565594348,29.73488254988951,18810200,1.5472979948267658,1.3081776437669161,0.38375100731442446,7.795234995133206
2017-09-19,31.16757583618164,30.13603048324585,29.667063522338868,30.083119006442356,29.79106660070082,30818000,2.3400391727629706,2.0893780300320466,0.4068076743124244,7.997857879228628
2017-09-20,31.256010055541992,30.171720504760742,29.75031997680664,30.194822915880415,29.848515363997766,18755900,1.3834452588017527,1.2621759987165522,0.4036491465001101,8.020550831732287
2017-09-21,30.91489601135254,30.192566299438475,29.822585029602052,30.26340130592538,29.890334213166817,14315800,1.0352975889364222,0.9595998528003131,0.4087027098960565,7.933018145187281
2017-09-22,31.52132797241211,30.242785263061524,29.903567657470703,30.383203845590785,29.954294753117104,20646400,1.4322733933975598,1.3683417736854537,0.43270738158545485,8.088633604774804
2017-09-25,31.52132797241211,30.281318378448486,29.983665885925294,30.491596619573766,30.015747036570144,13698600,0.937764414980572,0.9058204847970596,0.4295493616766663,8.088633604774804
2017-09-26,31.27497291564941,30.309744453430177,30.057573623657227,30.566203885866685,30.06512844385801,12007500,0.8063257032056609,0.7927348974346616,0.4371296960567529,8.02541685855837
2017-09-27,31.27497291564941,30.341329288482665,30.135271644592287,30.633705698226944,30.112573325349494,14270800,0.932551610930173,0.943586103256783,0.4428150395096043,8.02541685855837
2017-09-28,31.21179962158203,30.382073307037352,30.210569190979005,30.688762262356,30.155680239140903,8231800,0.5423997290571095,0.5484274832269852,0.44028842865258644,8.009206068525508
2017-09-29,31.262331008911133,30.430081176757813,30.277149314880372,30.743387857266015,30.19907830875033,13021700,0.861461130483738,0.8748745975228829,0.4513430674548687,8.022172840674314
2017-10-02,31.180206298828125,30.475562572479248,30.34196060180664,30.784989613605262,30.237553916380403,9525800,0.6342347476856537,0.6416382528428418,0.4560807866032578,8.005014350217127
2017-10-03,31.48973655700684,30.554207801818848,30.4195320892334,30.852108370119698,30.286659118189462,10218600,0.6798786563038609,0.6898619870963282,0.45734429198127824,8.08448124452822
2017-10-04,31.52132797241211,30.648645401000977,30.494324264526366,30.91584357033802,30.335077504834068,9887500,0.6671585590454724,0.6674473747699965,0.44976395798644103,8.092591830174742
2017-10-05,31.439210891723636,30.761402130126953,30.56216781616211,30.965688077136647,30.37837685351525,12230600,0.8375809547680535,0.8332828028541431,0.42481217650538416,8.071509596048092
2017-10-06,31.20267868041992,30.865174865722658,30.58219959259033,30.988258610782676,30.41070241548068,13239600,0.9095212023079454,0.9424308274735713,0.4205949775571126,8.01078377122101
2017-10-09,31.35610580444336,30.970617961883544,30.603657455444335,31.0232916768456,30.447777058323982,10702900,0.7361950952426481,0.7780260648072763,0.4273944301088676,8.050173707187097
2017-10-10,31.413637161254883,31.063461303710938,30.620454216003417,31.06046743726553,30.485653925241905,10843900,0.7467394406908574,0.8089913760007854,0.4209284275287599,8.06494395381247
2017-10-11,31.23463630676269,31.132826137542725,30.62748062133789,31.07705494864621,30.515025783442326,10335100,0.7177259938256022,0.7986347226171783,0.42849988716589704,8.018988375610764
2017-10-12,30.908615112304688,31.188100337982178,30.6365775680542,31.061013059470827,30.530460659135265,17087900,1.165315432506885,1.3248436779203059,0.4335137480502908,7.93528769976856
2017-10-13,30.59537696838379,31.206235122680663,30.63435607910156,31.016666765081585,30.533006396760978,20105100,1.3925431951174998,1.5469804983706963,0.42775890913343917,7.854868865682257
2017-10-16,30.74239730834961,31.2244571685791,30.63128505706787,30.990545864440442,30.541217805083754,10394700,0.7415828452918654,0.8040821788741905,0.42516247450806455,7.8926139633227566
2017-10-17,30.940580368041992,31.21310739517212,30.632809410095216,30.98578724573583,30.556879082108654,14842800,1.1229105434572917,1.1404123703102473,0.39633973045628396,7.9434942628821315
2017-10-18,31.10040283203125,31.205327033996582,30.640814971923827,30.996703015859204,30.578193739028706,20410400,1.5345155863805953,1.5456012339123557,0.4134926198856764,7.984526099088075
2017-10-19,31.458383560180664,31.232501411437987,30.660780906677246,31.04067259150887,30.612710987010903,29173900,2.077353817846762,2.1753365765897965,0.47414550223354174,8.076431869000988
2017-10-20,31.66294479370117,31.23958225250244,30.687364921569824,31.099936610765276,30.653896626596588,16259600,1.1761489072975109,1.2065329504389186,0.4592345254065021,8.128949661671632
2017-10-23,31.3177490234375,31.22940330505371,30.706539421081544,31.120680650067392,30.679930053989047,15660000,1.124797180968087,1.1530738696231304,0.4661627921777237,8.040326223195576
2017-10-24,31.285783767700195,31.22994384765625,30.715978507995604,31.13640475650861,30.703689023211506,11527900,0.8294330407604258,0.8482412086923993,0.46258475206980665,8.032119660082005
2017-10-25,31.0939998626709,31.220895195007323,30.725371894836425,31.132366195190734,30.718995330676762,19256800,1.3611133297473887,1.400270909460569,0.46856938186751745,7.982882240124399
2017-10-26,31.253816604614254,31.222996044158936,30.738846015930175,31.143932900850114,30.739968714015134,14420100,0.9974306999708451,1.0410378309946722,0.4802391434450934,8.02391260728748
2017-10-27,31.24103355407715,31.221931171417236,30.75863410949707,31.15318058210983,30.759618315628238,12423400,0.8611018116311195,0.8945828892246377,0.48182829908740354,8.020630765531578
2017-10-30,30.576196670532227,31.19173069000244,30.76765224456787,31.098229733388155,30.75242530992341,24587400,1.619679573871852,1.7511480170691955,0.5219530726148929,7.849944634005542
2017-10-31,30.60176658630371,31.147332191467285,30.77149669647217,31.050947528903922,30.746517124671755,15910000,1.028775982898135,1.1245567860888015,0.5161299745833604,7.856509296879254
2017-11-01,30.576196670532227,31.10007562637329,30.77217643737793,31.00573316143995,30.739837891163415,11046600,0.7116308868136084,0.7807546998583184,0.5135183793661084,7.849944634005542
2017-11-02,30.33967018127441,31.04509859085083,30.76901023864746,30.94229859190037,30.724145039766608,13126900,0.8432111255640667,0.922288050591261,0.5267559923529148,7.789220278221326
2017-11-03,30.314096450805664,31.000669479370117,30.76495319366455,30.882469816558014,30.70806470291644,8038200,0.5251089649117305,0.5654423832908969,0.5254774281480499,7.782654635985707
2017-11-06,29.10587882995605,30.888158130645753,30.732057456970214,30.71327067497688,30.64523388426323,36443300,2.1960806763605247,2.471116859953251,0.5938791600415039,7.472464276743285
2017-11-07,29.13145446777344,30.77404899597168,30.700557518005372,30.562621512386077,30.585869985481366,25789600,1.4871192657587928,1.7037561435928659,0.6089020271896441,7.4790304086598605
2017-11-08,29.06113052368164,30.665373706817626,30.668914604187012,30.419622370604703,30.52607628100417,17414800,0.984111071616871,1.1334571092691237,0.5967561063093998,7.4609758718738135
2017-11-09,28.81181526184082,30.560533714294433,30.637212524414064,30.266497884055763,30.458850358583692,21078700,1.1778764617493438,1.35373888748169,0.5941993749880534,7.396968205290834
2017-11-10,28.69035148620605,30.465282440185547,30.604976081848143,30.11638870330817,30.389497461528247,17075000,0.96229684335639,1.0926269978116745,0.5849300759866074,7.365784342757364
2017-11-13,28.60725212097168,30.35852518081665,30.57170955657959,29.972661409752313,30.31960548729247,16673900,0.9233543203788467,1.0598818396923235,0.5763000697726671,7.344449922939235
2017-11-14,28.268434524536133,30.224917888641357,30.538741607666015,29.81035408735077,30.239167410215146,20829900,1.134691774180545,1.3060854468652043,0.578856953394325,7.2574639775744485
2017-11-15,28.198118209838867,30.079803657531738,30.510052452087404,29.656807813302017,30.15912626500054,15726500,0.867758733662103,0.9840603067247115,0.5571218192874621,7.23941139951222
2017-11-16,28.62003326416016,29.93788614273071,30.498771591186525,29.55806738005041,30.098769676658534,13818000,0.7961819222106408,0.8676501374438693,0.5008666707191021,7.3477312750141826
2017-11-17,29.035554885864254,29.806516647338867,30.496938209533692,29.508304285366012,30.057074978931375,18933200,1.082577001213905,1.1817445643632347,0.5165287937728369,7.454409739957238
2017-11-20,29.534194946289062,29.717338943481444,30.502677230834962,29.51077006259678,30.036569879588935,18227400,1.034626034064089,1.1276211187102183,0.5213238158703577,7.582427521527969
2017-11-21,29.521398544311523,29.629119682312012,30.50196979522705,29.511782298950568,30.01636708210518,13598000,0.7673431659874775,0.838711332804703,0.51748835995433,7.579142252005388
2017-11-22,30.10952377319336,29.579895877838133,30.507213478088378,29.568710058402264,30.02002028568107,15825100,0.9017510669941251,0.9724151678356467,0.5318717049517186,7.730133905229336
2017-11-24,30.05198860168457,29.51980447769165,30.51219062805176,29.614736586333912,30.02127394513344,5097200,0.2983757976790587,0.3158157572062586,0.5171685809957853,7.715362679242054
2017-11-27,30.46752548217773,29.48112907409668,30.51688751220703,29.695954576414273,30.03877400542651,17548300,1.0120477063796902,1.096890367719521,0.5181281481317844,7.822045061632745
2017-11-28,31.209064483642575,29.512772464752196,30.533509674072267,29.840060281864588,30.084667749712665,20982500,1.222816624711415,1.3079995651326122,0.5056624303268057,8.012423223056098
2017-11-29,31.899473190307617,29.577657794952394,30.548147621154786,30.036194844573448,30.155836590583466,31034500,1.7322825415927543,1.9340954837223627,0.5440184349561873,8.189674507136802
2017-11-30,32.53235626220703,29.675465774536132,30.573674545288085,30.273924503395694,30.24903344053051,33268500,1.74853723561511,2.0364827824053178,0.5625577184551578,8.352157013634994
2017-12-01,32.76249694824219,29.796607112884523,30.61062656402588,30.510931402904887,30.347600636992098,23909000,1.2219929079536616,1.4465651806212902,0.5772608582161247,8.411241917584121
2017-12-04,33.06295394897461,29.934049987792967,30.64145908355713,30.753981169197242,30.454085080683058,19371000,0.962188968727741,1.173814323916035,0.595799704184083,8.488379399595479
2017-12-05,32.55154037475586,30.10633306503296,30.662063331604003,30.92517728401235,30.536338229532422,17574100,0.9158538644498133,1.059950108925629,0.5488135251423824,8.357082224673617
2017-12-06,32.39811706542969,30.26966619491577,30.68452621459961,31.06545726319495,30.609349164326535,17296600,0.9217916543870186,1.0365996396239172,0.5414618480572487,8.31769326806944
2017-12-07,32.231895446777344,30.428204441070555,30.703664665222167,31.17654661401232,30.672978430349414,11986700,0.6481853249700354,0.7203450435150497,0.5449776372877257,8.275018552261729
2017-12-08,32.66020584106445,30.620623970031737,30.732632789611817,31.31784749277919,30.750908917096382,13639900,0.7527220843049397,0.8144010567707376,0.5504114230669762,8.38498032800355
2017-12-11,33.13965606689453,30.843089199066164,30.770179290771484,31.491353071266367,30.844585275972353,13542500,0.7547032067293278,0.8080830140681927,0.5695894157444537,8.508071429492794
2017-12-12,34.00266647338867,31.11285991668701,30.826628494262696,31.730525776230397,30.96843159751633,22901200,1.254481867250454,1.3450480685593222,0.6053883651710666,8.729635412173433
2017-12-13,33.81089401245117,31.389982891082763,30.873051643371582,31.928656084441897,31.0799007118938,17705500,0.9782430631928278,1.030825258714987,0.6121007781365222,8.680400930301554
2017-12-14,33.45930480957031,31.653042221069335,30.911811180114746,32.074432153501746,31.173210676561887,18775400,1.0286915267758179,1.081918532895558,0.6245661004128358,8.590136081266591
2017-12-15,33.670257568359375,31.9055534362793,30.956432113647463,32.22641552634533,31.27113408413712,28935600,1.5223165879350429,1.6358978017856498,0.6175338915251347,8.644294794815186
2017-12-18,34.04102325439453,32.15582685470581,31.013199005126953,32.399235309969065,31.3797571889104,15874300,0.8419295702151165,0.8948008285629186,0.6041091972401235,8.739482896164954
2017-12-19,33.77253723144531,32.36774396896362,31.06152763366699,32.53002596915728,31.473591700429914,14239500,0.7632963768415038,0.7994631281844903,0.6028301682002656,8.670553446310032
2017-12-20,33.73417663574219,32.578382873535155,31.10793842315674,32.64470698502251,31.56224209009317,11643500,0.6274267420609785,0.6531267739626596,0.6101816151616472,8.660704982956602
2017-12-21,33.88759994506836,32.767286682128905,31.160997695922852,32.76307774312212,31.65343259425251,12778100,0.6942659395893388,0.7148115536988328,0.6021907765796746,8.700093939560778
2017-12-22,34.00266647338867,32.964820575714114,31.222878723144532,32.881133812671315,31.745559413083576,13657800,0.7251970918416787,0.7669656143019562,0.6114600971610944,8.729635412173433
2017-12-26,34.02185821533203,33.14253721237183,31.291408348083497,32.98977423197233,31.834826032818146,6595800,0.36071006693791835,0.3760992512455672,0.6009114138691956,8.734562581935874
2017-12-27,34.0601921081543,33.28509359359741,31.35776424407959,33.09171879160871,31.922095290710676,8361900,0.47363940328198306,0.47791199455715627,0.5721443014974434,8.744404189755944
2017-12-28,34.156089782714844,33.39792442321777,31.422074432373048,33.19308745742834,32.009702917883025,6726300,0.4091632419174702,0.38803175603479,0.5312311624873193,8.76902436877761
2017-12-29,33.83645248413086,33.46312923431397,31.476795425415037,33.2543603171143,32.081340155802536,9994700,0.6542973800478807,0.5835949030286652,0.5101348644129218,8.68696265508954
2018-01-02,34.22002029418945,33.53600540161133,31.532028160095216,33.3463279339786,32.16520996518191,16045300,1.0781476097252538,0.9514798808315227,0.49575142135714784,4.648538685855642
2018-01-03,33.516822814941406,33.55869884490967,31.56910572052002,33.36256554168934,32.21821439068142,16662400,1.1298951539158688,0.9876018695585996,0.5043815949033942,4.5530144676354745
2018-01-04,33.62549591064453,33.6123966217041,31.61526065826416,33.38760652920889,32.27340190128695,12062800,0.8335677054360737,0.7180395380089278,0.5027833111124306,4.567776910355985
2018-01-05,33.54879379272461,33.66993045806885,31.66052085876465,33.40295769716277,32.32341726959495,13348900,0.9351960798393992,0.7928759070119289,0.49798897687258475,4.55735749039736
2018-01-08,33.49126052856445,33.7328987121582,31.70846607208252,33.411367490629594,32.369215044470856,16212700,1.1192592717880072,0.9664700864432373,0.5034227012194353,4.54954201858078
2018-01-09,33.36841583251953,33.76830921173096,31.750758056640624,33.40727685652387,32.40839938911202,14677800,1.009678684194234,0.8747030152695502,0.5059841494142482,4.53285446793038
2018-01-10,33.42012405395508,33.78233261108399,31.794339866638182,33.408500399136365,32.44807486617617,12593400,0.8691310242590484,0.7503340736537374,0.4940491729144451,4.53987865043096
2018-01-11,33.691688537597656,33.766783714294434,31.856649703979492,33.43547069803744,32.49684402977489,15568200,1.1023299236457988,0.9376547128469332,0.4635609563060193,4.576768693074543
2018-01-12,33.530059814453125,33.752742004394534,31.91521556854248,33.444479185315124,32.53736229585154,17673700,1.2515539353201752,1.062209869163381,0.4493449919464627,4.554812616899732
2018-01-16,33.4007453918457,33.7498140335083,31.97170654296875,33.44031406212756,32.57122045648745,14739200,1.0588813826839072,0.8819284957707618,0.44317123561743443,4.537246201363978
2018-01-17,33.43954086303711,33.738278198242185,32.033703956604,33.44024042411895,32.60527223714486,11591500,0.8880749042895593,0.6948608174270362,0.4478976445380994,4.5425162814842945
2018-01-18,33.329612731933594,33.70270767211914,32.09401428222656,33.42970445343463,32.63367774675115,29442600,2.1442734056743213,1.7207986559317952,0.48630982293243114,4.527583351412793
2018-01-19,33.5623779296875,33.69219970703125,32.18314426422119,33.44234002260157,32.67009736177655,23761300,1.6725188719984205,1.4096469869910229,0.48243123199105575,4.5592027957374235
2018-01-22,34.56452560424805,33.733717155456546,32.29180568695068,33.54921483990123,32.74438866541914,27691300,1.8449446459308354,1.6390971123886011,0.5120931015418264,4.6953372046035105
2018-01-23,34.41581726074219,33.760128021240234,32.398899421691894,33.63174840379085,32.80993488485735,33000500,2.0599042283887328,1.9179697911548526,0.5383154655708207,4.675136267206232
2018-01-24,35.055904388427734,33.81278991699219,32.52378120422363,33.767382307089605,32.89801212030927,21080400,1.2860540516797236,1.225178118222563,0.5576144790527948,4.76208740720511
2018-01-25,35.101165771484375,33.8667552947998,32.6519974899292,33.89440930369863,32.98441030272505,18638700,1.0968018698716229,1.0813028194384933,0.5642839905094323,4.768235834012146
2018-01-26,35.379188537597656,33.932705116271975,32.78743621826172,34.035816849784254,33.07832317469835,13077600,0.7590253092594575,0.7618609970699088,0.5660499268224779,4.806003186945179
2018-01-29,34.997711181640625,33.97478618621826,32.92202175140381,34.12742583377057,33.153593292631136,17052600,0.9609383188566522,0.9978238468699733,0.5962571205515914,4.754182287024634
2018-01-30,34.8490104675293,34.025414085388185,33.05503959655762,34.19614817984284,33.2200802406778,15401500,0.85487330235367,0.901553506379626,0.6022690310563679,4.7339823860246275
2018-01-31,34.95893096923828,34.06235961914062,33.18181755065918,34.26879415978526,33.288270465338506,17827000,0.9846339768039081,1.0386594319214004,0.6064286275769704,4.748914279698859
2018-02-01,35.10763168334961,34.141900062561035,33.30325908660889,34.34868344774377,33.35961796409537,18646100,1.0242639275471466,1.0867464503458732,0.5872002851803441,4.769114180698866
2018-02-02,34.25417709350586,34.1733341217041,33.39765872955322,34.339682842578256,33.39469871427369,15574000,0.8473363638094772,0.9105121060576474,0.5985780213537015,4.653178636435516
2018-02-05,32.650733947753906,34.128431129455564,33.46024543762207,34.1788305668807,33.36552362538628,22239600,1.181418774537524,1.2872007117699722,0.6685981529391523,4.435362649492234
2018-02-06,32.86411666870117,34.0970739364624,33.51533729553223,34.05361971943503,33.345860607474286,34543900,1.7498516415924283,1.9569543574651702,0.7082962061248155,4.464349126551247
2018-02-07,32.98048400878906,34.07767734527588,33.57390720367432,33.951416318421124,33.33153211340626,16066600,0.811014975150785,0.8990190728620305,0.7257530690224646,4.480156775919022
2018-02-08,31.706787109375,33.992010498046874,33.598692436218265,33.73764210803578,33.26781662304381,23308900,1.1456110361314562,1.295913127580134,0.7742444132994072,4.307134397203893
2018-02-09,32.249874114990234,33.9199197769165,33.61950862884522,33.59594991822192,33.227897308997505,27707900,1.3223679673482556,1.5290511945934921,0.8191795568342768,4.380908782306072
2018-02-12,32.39859390258789,33.86334648132324,33.62949104309082,33.48191601197106,33.19537560678146,16903000,0.808187156312471,0.9475654301133076,0.8392224303557159,4.4011112742992555
2018-02-13,32.379188537597656,33.81226863861084,33.62642768859863,33.37689434774502,33.16336827073135,11871700,0.5715424646514055,0.6818736606432588,0.8550628123914745,4.398475197841827
2018-02-14,32.01066207885742,33.740824699401855,33.61139099121094,33.24677698880335,33.11816410633912,17559200,0.8333855409564057,1.0159566854094915,0.8579721647658424,4.348413582287898
2018-02-15,32.15936279296875,33.682312202453616,33.59331916809082,33.1432137320572,33.0805640548304,18902700,0.9201651679609205,1.0942831697584723,0.8230584488861149,4.368613483287905
2018-02-16,32.42445373535156,33.62541599273682,33.59077743530273,33.074760399037615,33.054834238377616,12264000,0.6141869985066001,0.7143586912417551,0.8233817938755605,4.404624142847498
2018-02-20,31.62919235229492,33.47864933013916,33.57539894104004,32.93708725172879,32.9989267134277,21330400,1.0855267594122386,1.2366508852178755,0.8172399612340977,4.2965937187646235
2018-02-21,31.008514404296875,33.30828418731689,33.55093132019043,32.75341364721147,32.92087132874853,20889900,1.0969117506905615,1.1987373774760013,0.7910543571540838,4.212279173421811
2018-02-22,30.950319290161133,33.103004932403564,33.51673358917236,32.581690375111435,32.84359477820868,21198300,1.1127611392648258,1.2059731863354102,0.781679378935811,4.204373794142017
2018-02-23,31.221866607666016,32.90903997421265,33.47837779998779,32.45218334964044,32.779997595044605,26371400,1.356775788625863,1.4786872869698735,0.7816792532895438,4.241261504891742
2018-02-26,31.739118576049805,32.727036476135254,33.43310684204101,32.384272418822285,32.73917880998257,20853900,1.0518656910272208,1.1720029004035544,0.7946106217500573,4.311526389736808
2018-02-27,31.060230255126957,32.53016242980957,33.378093566894535,32.258173165137016,32.67333769017901,23234700,1.1539610528770308,1.29774011015434,0.7884676695815227,4.219304392319661
2018-02-28,30.866268157958984,32.33102531433106,33.326232833862306,32.12561078350101,32.602472218321765,22159100,1.0823776054011665,1.2330035026289192,0.8056011896465101,4.192956064512617
2018-03-01,31.008514404296875,32.133504486083986,33.27299797058105,32.019220652148235,32.53996406874752,28950200,1.3766945530588444,1.6108559478511386,0.8120667106653962,4.212279173421811
2018-03-02,31.20246696472168,31.938246250152588,33.2162268447876,31.941434586679037,32.487513201919235,17449900,0.8321774584487122,0.9692532230492736,0.8065710965847709,4.238626205732267
2018-03-05,31.493417739868164,31.800208282470702,33.170644454956054,31.89876631555419,32.44852906614985,15348400,0.73235187951341,0.851476669936456,0.7910534447884459,4.278149733840102
2018-03-06,31.60979461669922,31.74816131591797,33.12815681457519,31.871245201377523,32.415637519110405,13526900,0.6591398032847595,0.7488611988488921,0.7231658326430963,4.293958678704465
2018-03-07,31.577472686767575,31.68382911682129,33.08195426940918,31.84326686665277,32.38276830999684,16738200,0.852608005444238,0.9225963175078005,0.6850193900916765,4.289567981668138
2018-03-08,31.687374114990234,31.61917362213135,33.03564842224121,31.828419937923005,32.35549794940669,17038500,0.8657616019219161,0.9356615638236123,0.6617435640582693,4.3044972843491935
2018-03-09,31.687374114990234,31.61820297241211,32.988958740234374,31.814987002405598,32.32929701472216,14927100,0.7749800506404821,0.8122824423227281,0.622950557255473,4.3044972843491935
2018-03-12,31.551612854003903,31.583289909362794,32.93878715515137,31.789903750176865,32.29879959665306,12526300,0.6770171531045784,0.6785635814991356,0.5796317647102137,4.286055113119895
2018-03-13,31.45463752746582,31.53609209060669,32.884758110046384,31.75797363372819,32.26569520178119,12840200,0.7016866995827652,0.6909908148086281,0.5692869872922479,4.272881726514327
2018-03-14,31.325313568115234,31.483398342132567,32.83453533172607,31.716767913193625,32.228817490655125,11930400,0.6518637186075718,0.6406954378858812,0.5579723018915803,4.255314015481984
2018-03-15,31.221866607666016,31.443958568573,32.77457225799561,31.66963445552433,32.18932922073201,9537400,0.5327890030079502,0.5157900190461686,0.5531232505742473,4.241261504891742
2018-03-16,31.39643669128418,31.40581226348877,32.73216453552246,31.643615620834794,32.158235396046294,26838100,1.4667499924170653,1.4356245826283975,0.5443948216568113,4.26497556993658
2018-03-19,31.23480987548828,31.346330070495604,32.68435081481934,31.604681740325603,32.12202263053255,12980800,0.708037006562575,0.6936881263516198,0.5353431730491411,4.243019752861088
2018-03-20,30.83393669128418,31.30656728744507,32.630053672790524,31.531277449940706,32.07150945644214,10765500,0.6046247007906652,0.5768963656091636,0.5230584010757358,4.188564071979703
2018-03-21,30.568857192993164,31.28458442687988,32.5716056060791,31.43961837785046,32.01258191669655,11062500,0.6389378701146883,0.5961021787837737,0.5136838509770649,4.152554967016014
2018-03-22,30.310230255126957,31.252579975128175,32.51044189453125,31.332057604257745,31.94582302800482,14270800,0.8410660017097377,0.7693186816978187,0.5081881117106569,4.117422395043824
2018-03-23,29.928773880004883,31.187925338745117,32.44061489105225,31.198411535281284,31.86672306141349,15955100,0.9701095052502934,0.8570106902483591,0.5243518523857871,4.065604345215773
2018-03-26,30.43307876586914,31.122623348236083,32.37544269561768,31.12552270009917,31.810501716488066,15435500,0.9542352826262473,0.8292191571087055,0.5249975026841687,4.134110463892858
2018-03-27,30.588253021240234,31.099024486541747,32.31660655975342,31.074354159255464,31.762570395104067,14544700,0.9239845806694246,0.7839997153933393,0.5227347171223202,4.155189747976856
2018-03-28,31.03437042236328,31.107429599761964,32.26927906036377,31.070546184313347,31.734013533426964,17728000,1.142288281525607,0.9525193190346544,0.5230580222453597,4.2157915237714185
2018-03-29,30.917984008789062,31.10290307998657,32.21884792327881,31.056016453311035,31.702012375596958,17305500,1.1585279722362993,0.9241440873362221,0.5253209188938005,4.199981283410468
2018-04-02,30.49126434326172,31.067342948913574,32.162080955505374,31.002230538068243,31.6545320606019,16511200,1.1088371118470735,0.894075316065956,0.5463335738160806,4.014220498069492
2018-04-03,30.71109390258789,31.02822675704956,32.10505527496338,30.974503239451067,31.61753448577668,14841300,0.9983922180663564,0.8114900867999625,0.5431008766804111,4.043161387932058
2018-04-04,30.98911666870117,30.997192859649658,32.03354709625244,30.975894994617743,31.592890649812205,12376400,0.8358098080893861,0.688241165790359,0.559264619031317,4.079763500396067
2018-04-05,31.189546585083008,30.97779655456543,31.969021682739257,30.996242765138245,31.57707323550865,13201300,0.902293308035156,0.7506425606763669,0.5566783640179173,4.1061503982861876
2018-04-06,30.69816398620605,30.92833604812622,31.881866874694825,30.967854310001847,31.542606206123292,16071600,1.1021166831304816,0.9190866777723832,0.566376586936791,4.041459145125922
2018-04-09,30.71780586242676,30.87985763549805,31.79419967651367,30.944040172137555,31.510261094604928,13475300,0.9286972786501901,0.7751900079283346,0.5608423787608678,4.044045027471045
2018-04-10,31.601638793945312,30.882358932495116,31.718648681640627,31.006668612309724,31.51384453379484,24309300,1.6099892410414036,1.3805939803233285,0.6088748068090629,4.160402953158527
2018-04-11,31.14989471435547,30.8671217918396,31.64169235229492,31.020309193456935,31.499571991855696,11695600,0.7775391467053677,0.6682926572832791,0.6101666793688034,4.100930170273686
2018-04-12,31.2546443939209,30.863588333129883,31.569805030822753,31.04262683159636,31.489966988014892,8837900,0.5936580375477172,0.5088188199921656,0.609158411051563,4.114720622061583
2018-04-13,31.202268600463867,30.862608432769775,31.494671783447266,31.05783080958374,31.478684698306758,7302000,0.4941991496688419,0.42555066325759905,0.6041772017505507,4.1078252706149865
2018-04-16,31.68018913269043,30.87679605484009,31.426122932434083,31.117103030832,31.486586832988642,8885500,0.6402676506850155,0.5237939387394236,0.6122613120871622,4.170744222591345
2018-04-17,31.981351852416992,30.914123153686525,31.380666427612304,31.19941244241152,31.505989382770544,11575500,0.838347205599845,0.685599571943741,0.620316774229347,4.210392744514572
2018-04-18,31.83076286315918,30.963964462280273,31.36426700592041,31.259541053911295,31.518725597688,8347700,0.6099161700447188,0.5026940988047398,0.6037059140835179,4.190567479131772
2018-04-19,31.706375122070312,31.02084035873413,31.341112174987792,31.30209667945025,31.52608440256588,11174200,0.8160984851251295,0.6923926776478403,0.6003857907774478,4.174191647209347
2018-04-20,31.35939598083496,31.07329864501953,31.30869041442871,31.307553755772606,31.519547601713565,18224700,1.3120814634214824,1.1262542878705144,0.6222954565163723,4.128511324954776
2018-04-23,31.85696029663086,31.16970796585083,31.311693878173827,31.359878188235296,31.53277947210271,14211600,1.0296216548308523,0.8882391007957251,0.6084052114728887,4.194016410381553
2018-04-24,32.5181884765625,31.273963451385498,31.317060165405273,31.47019345379027,31.571422962474333,20920400,1.486142096478756,1.318734573558894,0.6365873682543371,4.281068087999814
2018-04-25,32.7996940612793,31.38453550338745,31.3250821685791,31.596812559265416,31.619590456545897,19893200,1.3868259482265217,1.2492746706188222,0.6324356341779598,4.3181287187355455
2018-04-26,32.57709884643555,31.461671924591066,31.32904037475586,31.690173158043525,31.657139805169603,14121900,0.9970202847267794,0.8843429977598823,0.6136310394838018,4.288823726192806
2018-04-27,33.7620849609375,31.603876972198485,31.36406883239746,31.887498091652475,31.739686674024483,25986200,1.7801034926367332,1.6103145598185178,0.6393085674438043,4.444828918277032
2018-04-30,32.308677673339844,31.694747638702392,31.367055130004882,31.927610432765558,31.762000046546977,28938900,1.9014325348524346,1.7712559404208625,0.6754852461281201,4.2534856777922405
2018-05-01,31.96170234680176,31.757278060913087,31.357800102233888,31.930857281721387,31.769831509302175,16101400,1.0535820966816358,0.9809065176240781,0.6951319926817563,4.207805857748264
2018-05-02,31.261199951171875,31.770882225036623,31.350440254211424,31.867080393097623,31.749885173688956,18515900,1.1877157100241476,1.1318807085675078,0.7047409161220356,4.115583670966243
2018-05-03,31.32011604309082,31.77741069793701,31.356672286987305,31.814988550239832,31.733031482292734,16114100,1.0240833497244544,0.9908436384162588,0.6994486861635043,4.123340062475125
2018-05-04,31.54924774169922,31.81996488571167,31.368650856018068,31.789679901807393,31.725824276779175,10669300,0.6898984353732259,0.6646532643344341,0.6939673410759314,4.153505592869557
2018-05-07,31.24810028076172,31.846479606628417,31.369175529479982,31.73810089027923,31.70709000242533,12892100,0.8352039761931138,0.8168426425554228,0.6956040270343132,4.113859079788703
2018-05-08,30.78328514099121,31.80556192398071,31.35005886077881,31.64716605701371,31.67086236080005,16716900,1.110296388542964,1.0647636474255202,0.661232103432803,4.052665472305773
2018-05-09,30.364280700683597,31.76628122329712,31.33613986968994,31.524986499267985,31.61962386432434,23083300,1.4772711636999072,1.4705477631630248,0.6710517268978073,3.9975029118382976
2018-05-10,30.90111923217773,31.74860496520996,31.336836891174315,31.465570569068912,31.591447212083,15727500,0.9848081870418591,1.0102165637105416,0.6779257533682237,4.068178506428835
2018-05-11,31.83076286315918,31.780029678344725,31.35328186035156,31.5003507875537,31.60083213957628,22872800,1.3656499581608195,1.4807376187423027,0.7237532342232893,4.190567479131772
2018-05-14,31.74566078186035,31.783303260803223,31.364145736694336,31.52371364415433,31.60651169417571,10362600,0.6159960671742801,0.6770662162736073,0.7178611360753653,4.179363663004887
2018-05-15,31.287384033203125,31.74860486984253,31.360025062561036,31.50120606215898,31.593996883941372,12655400,0.7498827511975968,0.8297921028319571,0.7224438781865855,4.119030844478948
2018-05-16,31.333200454711918,31.723726749420166,31.354493179321288,31.485205528116403,31.58376957299111,9798800,0.578132356602667,0.6456464133771126,0.7204797780827414,4.125062644810291
2018-05-17,31.326648712158203,31.70474042892456,31.3494766998291,31.470104878977523,31.573686401977966,8907500,0.5290832441133364,0.5930381087653529,0.7139330287978257,4.124200098116225
2018-05-18,31.2546443939209,31.699502849578856,31.340822105407714,31.449584832781653,31.561174950681508,11384400,0.6902267591706172,0.7636932690558389,0.6864362670077899,4.114720622061583
2018-05-21,31.706375122070312,31.69197359085083,31.341202125549316,31.474041050809145,31.566869075049745,8588800,0.52976178360371,0.5810991493657828,0.6844719116419377,4.174191647209347
2018-05-22,31.95516014099121,31.663822174072266,31.349273071289062,31.51986191654077,31.582096175675016,18539800,1.1520026047718526,1.2442371200606475,0.6622128586415341,4.20694456658068
2018-05-23,31.811132431030277,31.614394092559813,31.356402969360353,31.54760196553977,31.591077989610582,14027800,0.8878202714257415,0.9399309367388247,0.6533746097733072,4.18798310341843
2018-05-24,31.843849182128903,31.577731609344482,31.366773681640623,31.575815986167303,31.60099058539568,13580400,0.8609796556753403,0.9079453441024871,0.6491190041103957,4.192290312572234
2018-05-25,31.765300750732425,31.47789239883423,31.377642364501952,31.593862154221124,31.60743412129128,7948000,0.53445280619664,0.532511473652474,0.599362656560938,4.181949294244713
2018-05-29,31.555810928344727,31.440249061584474,31.380829849243163,31.590238227947182,31.605409682352185,13035300,0.9260587357084932,0.8898153404320328,0.5453506939368283,4.154369646195403
2018-05-30,31.81766700744629,31.4330472946167,31.392486991882325,31.611898111709003,31.613733499022594,10459100,0.7582360143801757,0.7164252918519818,0.5162164351143315,4.188843390164826
2018-05-31,31.20881080627441,31.430427837371827,31.39998447418213,31.573508844524753,31.597854177738256,27288300,1.9173082098083205,1.82781487294991,0.5067234293839323,4.1086865617825685
2018-06-01,31.300466537475582,31.429445362091066,31.414616661071776,31.54750481528197,31.58619191733573,9967100,0.7157568332655907,0.6685937428517803,0.5031226395842662,4.120753175708816
2018-06-04,31.30702209472656,31.41733407974243,31.43455249786377,31.5246016990386,31.575244081154914,9012600,0.651085340899445,0.6088609720832995,0.49002902655342667,4.121616224613476
2018-06-05,31.40521049499512,31.425189590454103,31.464081230163575,31.513231108177315,31.568576097383907,10378000,0.7565948710770505,0.706426012596138,0.47922666245796747,4.1345428741808234
2018-06-06,31.69327545166016,31.47068910598755,31.489285163879394,31.530378188509015,31.573466268139864,12924800,0.9554735063611125,0.8828030581727381,0.4677701147835142,4.172467056031808
2018-06-07,32.08609390258789,31.556779766082762,31.519241981506347,31.583303494611766,31.593569312628123,19674300,1.4729949429741631,1.3344633435142774,0.4782450526591161,4.224182191881282
2018-06-08,32.19739532470703,31.62159357070923,31.54250247955322,31.641788430811317,31.617248764082312,15399300,1.154348248965256,1.0478097874781855,0.4736624170250314,4.238835190363244
2018-06-11,32.27595138549805,31.643852996826173,31.5696618270874,31.702184902686245,31.643080239432066,14143700,1.0960879740851532,0.9665341389777646,0.4327447263834948,4.2491772131119525
2018-06-12,31.95516014099121,31.654327964782716,31.598939743041992,31.72627778252481,31.65531866694424,15597900,1.184749761973755,1.0672415767907748,0.4445289460306762,4.20694456658068
2018-06-13,31.03205108642578,31.64156131744385,31.60535888671875,31.660160954324905,31.630876801041456,30809400,2.189214798413872,2.062966084739539,0.46286037574032174,4.08541588062414
2018-06-14,31.30702209472656,31.64025239944458,31.61171699523926,31.626528681982204,31.618176616480035,17568400,1.2148188202737635,1.1682394006366121,0.4680978526603893,4.121616224613476
2018-06-15,31.464147567749023,31.64712734222412,31.617209014892577,31.611063813959998,31.612136261627814,31398000,2.014465295417056,2.0385280370646184,0.47006195694291153,4.142302027847969
2018-06-18,31.071334838867188,31.637961864471436,31.6246724319458,31.55966105442735,31.590928362695948,15330400,0.971288498102774,0.996291397167019,0.48184632445320297,4.090587645314384
2018-06-19,31.752206802368164,31.640253448486327,31.64536045074463,31.57799874470743,31.597253007388996,25070000,1.5095471178006736,1.6050593622273897,0.5001775084821631,4.180225456383064
2018-06-20,31.48378562927246,31.61668472290039,31.643003387451174,31.569026067046956,31.59280330628637,11996800,0.7368824506402759,0.7803756038953732,0.49363051117801665,4.144887407982497
2018-06-21,31.83731842041016,31.617994022369384,31.656751861572264,31.594577719748216,31.602392134291257,14854600,0.9101068385756,0.9623167224767091,0.5021416033380518,4.191430528036432
2018-06-22,32.57709884643555,31.654656505584718,31.68320095062256,31.688151160385104,31.64061592692449,31911000,1.8511632493829167,2.0072649265128804,0.5273464108495037,4.288823726192806
2018-06-25,32.47235870361328,31.69000940322876,31.708602752685547,31.7628375930735,31.673233290716304,19301900,1.0840082679786556,1.1960713234496754,0.5384760551767478,4.275034529931394
2018-06-26,32.27595138549805,31.726016426086424,31.7205179977417,31.81170557330441,31.696869294433302,13597000,0.7624145388645255,0.8376673702160796,0.5391312035318876,4.2491772131119525
2018-06-27,32.282493591308594,31.74925775527954,31.726540832519532,31.856542527400045,31.71983495313436,14144300,0.7849924438309971,0.8686354336292837,0.5456788844650386,4.2500385042795354
2018-06-28,33.297264099121094,31.853680419921876,31.75587085723877,31.993754105659193,31.781694919643808,21605500,1.2182922875227313,1.3055856623242017,0.5672840003421651,4.383634557478213
2018-06-29,32.93718719482422,31.935516452789308,31.780487098693847,32.08360487605586,31.82700834220002,18023100,0.9937172803735999,1.0801660604513263,0.5800503767571759,4.3362298951514
2018-07-02,33.00920486450195,32.020625591278076,31.813483276367187,32.17175725590786,31.873368990133546,13141200,0.7163962345203855,0.7924109161821583,0.5901979122768927,4.413810781617031
2018-07-03,33.19251251220703,32.10999069213867,31.840194320678712,32.26897204222207,31.925100108646358,8441100,0.46261132532107974,0.5125631436186007,0.6023096740855068,4.43832168017138
2018-07-05,33.57222366333008,32.20393810272217,31.861275024414063,32.39309124423236,31.98969318922234,11279600,0.620973746688229,0.693037685752053,0.6065651615451628,4.489094583657143
2018-07-06,33.70317077636719,32.28479194641113,31.87934455871582,32.517860723483295,32.05688838871836,10203800,0.5767840437288203,0.6344934144834231,0.5744856304520353,4.50660411718627
2018-07-09,33.60382843017578,32.35511360168457,31.899879150390625,32.62128621935877,32.11755270406976,10491200,0.6013718767277074,0.6553235166396905,0.563519173267719,4.493320600649271
2018-07-10,34.001197814941406,32.44137592315674,31.9046614074707,32.75270637131902,32.191421139790364,9614600,0.558371890569656,0.6131072022528083,0.565741758159023,4.546454666797263
2018-07-11,34.001197814941406,32.54367780685425,31.938511810302735,32.871610318330674,32.262392774110154,14348100,0.8363069390609973,0.9323035873294926,0.5535304228254754,4.546454666797263
2018-07-12,33.93495559692383,32.68882303237915,31.977976875305174,32.97288129724431,32.32798347304415,10583900,0.65554366693558,0.6926820175981115,0.5272508764699294,4.5375971188107425
2018-07-13,34.047550201416016,32.82584943771362,32.03370388031006,33.075230716689234,32.39541746239219,11175100,0.7061424682602069,0.7384698301924472,0.525156834253543,4.55265265502555
2018-07-16,34.1667594909668,32.96098003387451,32.09063674926758,33.179185838049,32.464881855669745,9633400,0.6536733587427302,0.6420912282235933,0.5302908040003059,4.568592670837745
2018-07-17,34.06079864501953,33.11045322418213,32.14086776733399,33.263148962522386,32.52746682780121,10636100,0.7333918744998746,0.7089551741376438,0.5170670978146432,4.554424164622855
2018-07-18,33.86872863769531,33.21627931594848,32.193280334472654,33.32082321730076,32.580065330150084,11734900,0.8481511087854314,0.7834048406353384,0.49405735321784067,4.528741611146246
2018-07-19,33.610450744628906,33.322612571716306,32.24982364654541,33.34840679133202,32.620472601306176,9524200,0.694577030869523,0.6419870389286456,0.484114311780357,4.494206100407671
2018-07-20,33.52436065673828,33.40696468353271,32.3130252456665,33.36516430232309,32.65591919171533,12026500,0.8862025705880078,0.8229231428855689,0.4755189466024069,4.482694603548484
2018-07-23,33.610450744628906,33.45863227844238,32.36721187591553,33.388524915876026,32.69335180163356,11703200,0.9317511694459627,0.8052357663610819,0.4564757705828839,4.494206100407671
2018-07-24,34.11377716064453,33.540703201293944,32.41287216186524,33.45759655823493,32.74905475688897,23265200,1.8234916056620631,1.5998923924309407,0.4921920979717861,4.561508162690047
2018-07-25,33.716407775878906,33.612726020812985,32.452287101745604,33.4822452456296,32.78699016939843,15702800,1.2206882987960874,1.0719708978346771,0.5109937750131006,4.508374096542056
2018-07-26,33.89523696899414,33.693363189697266,32.504444160461425,33.52157779071194,32.83045082820616,11162000,0.8778763289165558,0.763544466170096,0.5106054762699106,4.532286160582372
2018-07-27,34.444923400878906,33.750746154785155,32.56667861938477,33.6095154678707,32.89376347811498,14073700,1.1406620990040268,0.9571235681434958,0.49338399188031834,4.605787231254048
2018-07-30,34.7628059387207,33.84202709197998,32.635401763916015,33.7193526555707,32.967059260883914,16725000,1.3627164050685718,1.1254659328023153,0.5006333668109135,4.6482927498987205
2018-07-31,34.19987106323242,33.901560401916505,32.69430629730225,33.76511631344325,33.01540482176038,16924200,1.3580176578725016,1.1304423100506649,0.5154841981736837,4.573020169629741
2018-08-01,34.25947189331055,33.95490837097168,32.74536823272705,33.81219779724014,33.064191765742784,12789400,1.0086400898433696,0.849493733776499,0.5114791856298855,4.5809896674553325
2018-08-02,34.425052642822266,33.997549819946286,32.79476608276367,33.870564925390816,33.117558858961644,12337500,0.9689587629999513,0.8262858212902663,0.5051524360241683,4.603130221898344
2018-08-03,34.61711502075195,34.043247032165525,32.850885734558105,33.941664934472826,33.17636498295348,7769900,0.6161186483752933,0.524776382948776,0.5102827397409826,4.628811755213941
2018-08-06,34.75618362426758,34.100864791870116,32.90913242340088,34.01923814302471,33.23831865516193,10768400,0.8529489924874682,0.7300671544628579,0.5278331083736404,4.647407250140321
2018-08-07,34.742942810058594,34.13795204162598,32.9686852645874,34.088162397027936,33.29732352398146,7106900,0.5685738332351963,0.48237792381674566,0.5222035603032292,4.645636760704029
2018-08-08,34.901878356933594,34.18298606872558,33.03560661315918,34.165659155114184,33.36024724292081,9457300,0.7717107657458437,0.6450434041714985,0.5178988576802059,4.666888754905607
2018-08-09,35.10719299316406,34.241597938537595,33.10139713287354,34.25532904445227,33.428754919401,10768100,0.8780115115633401,0.7341382144162735,0.5175676573356338,4.694342307899014
2018-08-10,34.74955368041992,34.27669811248779,33.172211990356445,34.30239805740157,33.48055094924492,7979600,0.6592305369569699,0.5587368273640724,0.5248532337234397,4.64652073022091
2018-08-13,34.58399200439453,34.29755973815918,33.23788249969483,34.32921652854375,33.52382314748611,9919400,0.8185191251712743,0.6946092957510168,0.5245220248124483,4.624382726180428
2018-08-14,35.014461517333984,34.3452428817749,33.312031288146976,34.39447795604758,33.58227955414686,11454400,0.9420023471108907,0.7993645504041975,0.5311442889987497,4.681942760878896
2018-08-15,35.259525299072266,34.41478271484375,33.389117584228515,34.47686341728803,33.648053897085155,16473300,1.3288616590906341,1.139919154610994,0.5410784000818755,4.714711352744722
2018-08-16,35.94166564941406,34.53134346008301,33.474085388183596,34.61636839177622,33.737999456000075,16265400,1.27735968040485,1.1203532142635744,0.5635960835499099,4.80592343874539
2018-08-17,36.286041259765625,34.669427490234376,33.55808433532715,34.77538485539426,33.83792266399095,19102700,1.4596230578677845,1.3168220297038575,0.5791594529247174,4.851971466504165
2018-08-20,36.193321228027344,34.798571014404295,33.63800285339355,34.910426414692644,33.930291235129694,10747400,0.8242105029053739,0.7456414518757593,0.584788853091861,4.839573449725567
2018-08-21,36.36551284790039,34.91115779876709,33.7197940826416,35.04900607499815,34.025790121905075,11961200,0.9588574387767618,0.8323741577928432,0.544390046008117,4.862597973685459
2018-08-22,35.85554885864258,35.01811485290527,33.79780185699463,35.125819673440475,34.097545366483054,13911400,1.1232585592408797,0.9703653326358008,0.5387607651998106,4.79440837132266
2018-08-23,35.94826889038086,35.12076644897461,33.89612621307373,35.20414817029194,34.170122759577126,8354400,0.6822992891490697,0.6015921193333406,0.5321372490177609,4.8068063881012595
2018-08-24,36.279422760009766,35.21249141693115,33.9955742263794,35.30655527407459,34.25284040665296,8499900,0.7103500897140933,0.6201690089874491,0.5126001555393376,4.851086476826272
2018-08-27,36.32576751708984,35.29063949584961,34.09280662536621,35.40362310674271,34.33413166588582,9539600,0.821917336117975,0.7189599032664457,0.493394703306107,4.857283444893547
2018-08-28,36.193321228027344,35.39031200408935,34.195246353149415,35.47883245162696,34.40704106047964,11864600,1.0450132733931443,0.8988812736679289,0.4688907328198962,4.839573449725567
2018-08-29,36.14033126831055,35.484354972839355,34.28300884246826,35.541832338930156,34.47501322549265,9801900,0.8748443101293135,0.7601946775902529,0.4622679597622977,4.832487921416856
2018-08-30,36.259552001953125,35.5760799407959,34.378524169921874,35.61018659255139,34.54499513829506,9696500,0.8757586061922226,0.7547131335107108,0.4616056682985093,4.848429467470568
2018-08-31,36.00787734985352,35.64561805725098,34.46193534851074,35.64806190277064,34.60236306816012,14605400,1.279616327124232,1.1372314634401584,0.4659108326697332,4.814776906087864
2018-09-04,35.22639846801758,35.669128799438475,34.51492134094238,35.607903480413206,34.62683504462513,19898600,1.6763209327402615,1.5789161303264,0.4847852475249283,4.7102818136307025
2018-09-05,35.64362716674805,35.71416301727295,34.578346710205075,35.61130573625462,34.66670924549271,15301200,1.2460143899303875,1.2218788275546724,0.503328981445571,4.766071358892879
2018-09-06,35.95490264892578,35.76681423187256,34.65192573547363,35.644029251747114,34.71722663386265,10521900,0.8531262200157378,0.8443742887912702,0.5132630822480504,4.807693418101176
2018-09-07,35.762840270996094,35.79959659576416,34.721532669067386,35.65534458691368,34.758231090220846,11746500,0.9486551935368852,0.9462892154366987,0.5099516289597876,4.78201188478558
2018-09-10,35.84231185913086,35.854234504699704,34.77243362426758,35.6731509937915,34.80074406155067,10781900,0.8610104468958776,0.8839976413392681,0.5082953265543544,4.792638391966874
2018-09-11,36.23967742919922,35.93701877593994,34.83848342895508,35.72710589240176,34.857172821066314,12298800,0.9729024194409616,1.0179216382092564,0.5172360505415157,4.8457719480343595
2018-09-12,36.40524673461914,36.0065580368042,34.90640426635742,35.7916907345177,34.917881601989976,13130800,1.0318761949742126,1.0868016028395162,0.5218723340523784,4.867910972235854
2018-09-13,36.385379791259766,36.06285076141357,34.970261611938476,35.84823254944551,34.97543055058881,12559900,1.0024262739933756,1.0325100206059732,0.5185610011065169,4.865254472960657
2018-09-14,36.12709426879883,36.072122192382814,35.021359024047854,35.87479080843154,35.02059383365588,13454700,1.0860229244331547,1.1021273374958716,0.5049844889380328,4.83071794206107
2018-09-17,36.22643280029297,36.06914176940918,35.07182426452637,35.90828052194215,35.067881636269114,11013700,0.91899421878983,0.9009799794406704,0.48776532495820923,4.844000948517562
2018-09-18,36.02112579345703,36.06053199768066,35.120170211791994,35.919027690657856,35.10526376008042,13891100,1.1440819654578849,1.1300806076602496,0.47584435633358846,4.816548415685167
2018-09-19,35.431697845458984,36.013841247558595,35.14878021240234,35.87261532444844,35.11806509676194,17471000,1.4070011008931973,1.4033765862388607,0.5000174907676704,4.737733326302085
2018-09-20,35.729736328125,36.00755062103271,35.18335098266601,35.85900780098907,35.14205220387422,14473400,1.1629620523105528,1.1623572110172966,0.4920702801874192,4.777585406154596
2018-09-21,36.040992736816406,36.01218681335449,35.22547172546387,35.87633969963929,35.17730477379353,48954100,3.38191156990109,3.703265787488927,0.5039906980595138,4.819204914960364
2018-09-24,35.458194732666016,35.9711254119873,35.25368461608887,35.83651636945136,35.18832006629834,14029600,0.9510458413097826,1.0567433900812429,0.5155805784657748,4.7412763454966935
2018-09-25,35.13368225097656,35.91152114868164,35.27302307128906,35.76957978673947,35.18617740687395,13604900,0.9097209800719156,1.018659462745841,0.5265081781077843,4.697884306932609
2018-09-26,35.19328308105469,35.861519241333006,35.295672760009765,35.71469438619806,35.18645606076339,13308300,0.8856134971162312,0.9924802004365084,0.5294882189004504,4.705853804758201
2018-09-27,35.491302490234375,35.8290678024292,35.32812423706055,35.69341896753485,35.19841082270343,13348100,0.8779034129324701,0.9930589065214794,0.538428706811634,4.745703334208183
2018-09-28,35.35884475708008,35.78403244018555,35.36309211730957,35.66155475701535,35.204702349541726,12634500,0.8230183266433985,0.9356391079003797,0.5304815891962505,4.727991808798683
2018-10-01,35.65687561035156,35.76648235321045,35.405742416381834,35.66110912399975,35.22243463427937,10682000,0.7048382573695584,0.7926264518190413,0.5245209651308667,4.576212568257656
2018-10-02,36.040992736816406,35.80721206665039,35.45435325622559,35.69728851569657,35.25453495202592,12482900,0.8443254456620514,0.9251864099159314,0.5016728077951018,4.625510258863535
2018-10-03,35.95490264892578,35.82277584075928,35.49117576599121,35.72182319505173,35.28200035190435,14939100,1.0116982113398292,1.1210670800206457,0.4927320875112063,4.614461434886005
2018-10-04,36.438358306884766,35.84694862365723,35.54561477661133,35.790064634273925,35.327347722687904,15788400,1.0504810979072416,1.1846484613991313,0.5026661805621131,4.676508258122107
2018-10-05,36.385379791259766,35.87807559967041,35.59541763305664,35.84676131589163,35.3688391763574,14044900,0.9273863530940556,1.0492892275592456,0.5076332934992667,4.669708981828242
2018-10-08,36.438358306884766,35.907877922058105,35.63528633117676,35.903103886462404,35.41078110304475,16703700,1.0817971600371616,1.2430423651091744,0.5099512439141588,4.676508258122107
2018-10-09,36.82204818725586,35.93699645996094,35.67647117614746,35.99062239129987,35.466124910268725,16962400,1.0822084519622621,1.2618482389888075,0.5189681861695504,4.725751115854649
2018-10-10,36.38010787963867,35.935739517211914,35.720075912475586,36.02771624733214,35.50196737965579,22025500,1.366463981695692,1.6261546173990533,0.5443943906318893,4.669032383337594
2018-10-11,35.71049880981445,35.901995468139646,35.749096450805666,35.99750506280664,35.51014508279926,26336200,1.566938421560709,1.9062838705549274,0.595247390132706,4.583094583440754
2018-10-12,35.978328704833984,35.89455718994141,35.780161972045896,35.995678742999715,35.52850522483984,18866600,1.1047299394192067,1.352827697136852,0.6042495196733352,4.617467940914276
2018-10-15,35.891292572021484,35.877800178527835,35.80564552307129,35.98573720290655,35.54273217963128,13022000,0.7580434422576912,0.9267608420414359,0.6064749035213062,4.60629770128864
2018-10-16,35.958251953125,35.87465648651123,35.829686889648436,35.983119560070215,35.55902707270946,15981200,0.924680638826496,1.1289868859440102,0.607335342063109,4.6148912854466335
2018-10-17,36.13234329223633,35.909688758850095,35.857474899291994,35.997331344086035,35.58151006171052,14528100,0.8478217672421968,1.0156832779050557,0.5917526620897835,4.637234212594036
2018-10-18,36.594383239746094,35.952921104431155,35.89132499694824,36.05419342938699,35.62123057849623,16865100,0.9773821266179012,1.1669794046828084,0.5944008515311975,4.69653253805409
2018-10-19,36.76178359985352,35.988960647583006,35.92441680908203,36.12158296943142,35.66595814796123,19103300,1.2119199332100052,1.3067777213049376,0.5987346140759804,4.718016743238688
2018-10-22,36.81535339355469,36.05681858062744,35.96573280334473,36.18765634315745,35.711032471317836,21737500,1.3461223471171926,1.4595011020702053,0.5890425689514107,4.724891904312617
2018-10-23,38.30859375,36.21556415557861,36.04022483825683,36.38965038190436,35.81289761950146,29328700,1.731898189634428,1.9191696046597122,0.6479054087659474,4.91653475494451
2018-10-24,38.44921112060547,36.37836055755615,36.108919830322264,36.58579902368542,35.91628246268202,37435600,2.06361464963764,2.369102162958455,0.697986228495953,4.934581624381755
2018-10-25,37.78628921508789,36.49310989379883,36.159455108642575,36.700131422866605,35.98961606081559,25270000,1.3486766877205043,1.5815959561213835,0.7226953338799682,4.849502056868494
2018-10-26,37.17024230957031,36.58367977142334,36.184026641845705,36.74490388826696,36.03591512939421,24973300,1.2903547489966454,1.546172567700346,0.759976207465817,4.7704384388871315
2018-10-29,37.81977081298828,36.69182453155518,36.21470123291016,36.84727216681185,36.10587025424105,22103700,1.109350054780674,1.363440377356861,0.7973341754813731,4.853799093737104
2018-10-30,38.95811462402344,36.837680625915525,36.269997100830075,37.04830478178438,36.21772297462468,25231200,1.227059683182714,1.5290351974070542,0.8471938031608868,4.999894430636029
2018-10-31,38.22824478149414,36.951347732543944,36.30725173950195,37.16068001985198,36.29656696705094,24214400,1.151635896165193,1.445942274332769,0.8729327466959713,4.906222747702453
2018-11-01,37.5318489074707,37.00602226257324,36.340777740478515,37.196029437720426,36.345009396087015,22533200,1.0547606576315585,1.3318370961303245,0.8954226285426532,4.816847122479035
2018-11-02,37.92021560668945,37.082764053344725,36.380216674804686,37.264999549050806,36.40678218865966,14734400,0.6885939936362632,0.8643658288282993,0.9124052713341666,4.866690204342933
2018-11-05,38.30859375,37.17627582550049,36.420800094604495,37.364389472950734,36.481363034202424,12733800,0.6006704935207797,0.743312013124152,0.918710806737327,4.91653475494451
2018-11-06,38.30859375,37.250603103637694,36.46045661926269,37.454313689812565,36.55301914070429,12371200,0.589954577427008,0.7197665134028819,0.9049836103604555,4.91653475494451
2018-11-07,38.60322189331055,37.36175880432129,36.50865463256836,37.563733518717136,36.633419248649645,14891300,0.7224213410540125,0.8633473501492608,0.8758553251169072,4.954347406482289
2018-11-08,39.01838302612305,37.52715301513672,36.566215667724606,37.70227156704151,36.72694723992312,12482400,0.626615496213671,0.7214451096235451,0.8246298590706808,5.007629292831218
2018-11-09,39.1456184387207,37.68551750183106,36.62393699645996,37.8397331738681,36.821797090856364,17365500,0.8750436816383934,0.994854290840844,0.830991288302403,5.023958718342852
2018-11-12,39.319705963134766,37.856938171386716,36.690173568725584,37.98068296332207,36.919754301533956,13236800,0.6666386315294065,0.7595156928400292,0.8407000380899806,5.046301155911028
2018-11-13,39.279541015625,38.02300262451172,36.771236419677734,38.10438373020806,37.01229495698851,13047900,0.6620150720190447,0.7546093230128574,0.8500745921872468,5.041146376238065
2018-11-14,39.467018127441406,38.18973636627197,36.8477042388916,38.23415843470648,37.10855861073177,18288700,0.9191502407349704,1.0540621914386776,0.8520833508878567,5.065207236890304
2018-11-15,39.560768127441406,38.33805561065674,36.91982154846191,38.36050221496695,37.20472368981842,17147100,0.8611656580368129,0.980776503690288,0.843378300922641,5.077239135954102
2018-11-16,40.31743240356445,38.515838050842284,37.010913391113284,38.546876518642904,37.326790698200625,19471000,0.9769750302121663,1.1039435009529033,0.8601186422873475,5.174349623372708
2018-11-19,40.59197616577149,38.70466918945313,37.1059066772461,38.74164791360753,37.45483718712498,18405700,0.9313072541800342,1.0346003750164277,0.8761893550004863,5.209584640284394
2018-11-20,39.81523132324219,38.78000106811523,37.17741775512695,38.843893952620355,37.54740166305115,22028900,1.1356095287706838,1.2248651024234078,0.8735108649499737,5.109897007818918
2018-11-21,39.61434173583984,38.83825759887695,37.24159965515137,38.91726993197459,37.62845813649385,18482200,1.0017107812278547,1.0215797402843192,0.8400301870322554,5.084114786607258
2018-11-23,39.26613998413086,38.9122501373291,37.29921485900879,38.95049565122757,37.69268095404824,7009100,0.39966152703991825,0.38981093577315495,0.8202765796599583,5.039426484416324
2018-11-26,39.621036529541016,39.034789848327634,37.36909370422363,39.014356687257425,37.76830274132247,12308900,0.7281489934259603,0.6854327566570879,0.8125759215894675,5.08497399814929
2018-11-27,40.612060546875,39.174404335021975,37.45680625915527,39.16651895960195,37.87982265526571,14115000,0.8551987632789829,0.7833016405549471,0.8088925864794522,5.2121622749104874
2018-11-28,40.21699142456055,39.23734817504883,37.54072357177734,39.266563956264676,37.97147633249296,18663000,1.1537088466156977,1.0302332015626998,0.7677113568732604,5.161459002346105
2018-11-29,39.80852890014648,39.316362380981445,37.628260192871096,39.318179665205804,38.043517609655844,14763700,0.9401241340576503,0.8174276638778109,0.7422659814204039,5.109036817118433
2018-11-30,40.37769317626953,39.45865459442139,37.721219329833986,39.41908571387854,38.13505390638579,31142800,1.9302028514106755,1.6930442144899596,0.715146260147888,5.182083506409445
2018-12-03,38.944732666015625,39.509880447387694,37.779294128417966,39.37390923312969,38.16680601460657,27800800,1.6560130904663448,1.5469388963364867,0.7636925404168394,4.998176986710419
2018-12-04,38.89785003662109,39.53934326171875,37.84808723449707,39.32857026203363,38.19547440762675,21727400,1.260475000101523,1.1987234743108144,0.7804328750957563,4.992160058020066
2018-12-06,38.89115524291992,39.568471336364745,37.92323669433594,39.286911688784706,38.222756009010794,26880400,1.4964373852149955,1.4616095583492714,0.8065478872243119,4.991300846478036
2018-12-07,38.62331008911133,39.56947574615479,37.99183723449707,39.223711536434855,38.238464012151994,16948100,0.9381332763563358,0.917911926252917,0.8182662014670946,4.956925530687609
2018-12-10,39.01838302612305,39.56947574615479,38.062378845214845,39.20415644021468,38.26904907152341,16603400,0.9086888990806609,0.8960831913026489,0.8420375085315136,5.007629292831218
2018-12-11,39.4067611694336,39.58253288269043,38.143337173461916,39.22345212871172,38.31366523222577,14991400,0.8258307183092268,0.807030663978323,0.8376851557884806,5.0574738434327955
2018-12-12,38.33537673950195,39.533316421508786,38.19690719604492,39.138873520215554,38.314516663883666,18892200,1.0247514561953495,1.008110798378801,0.8604527604941001,4.9199720906918625
2018-12-13,38.22824478149414,39.48075160980225,38.24065223693847,39.05214697367066,38.311133452809564,15454700,0.8328579762316959,0.8220743399420776,0.8561002337729005,4.906222747702453
2018-12-14,38.22153472900391,39.41847743988037,38.28598487854004,38.973041045607154,38.307619777366206,13960900,0.7612336752211784,0.7433889770615387,0.8507433280424991,4.905361577843518
2018-12-17,37.464881896972656,39.313683128356935,38.3065153503418,38.829406840975295,38.27457123303705,18902500,1.0257708475952247,1.003191957523783,0.8889114137519062,4.8082525591625895
2018-12-18,37.26399993896485,39.16101150512695,38.3240877532959,38.68032046935525,38.23494098621069,18895800,1.0270101193852115,0.9976992903778129,0.8855632739568928,4.782471317109383
2018-12-19,37.40460968017578,39.00164318084717,38.34341278076172,38.55882420371911,38.20237897420932,20968400,1.1317764686959235,1.1021690365371948,0.8949378148989571,4.800517207388174
2018-12-20,36.875614166259766,38.854662322998045,38.344484100341795,38.39851848586584,38.150348981740706,26897000,1.432948764769609,1.3991830772560052,0.8728404182778984,4.732625787349353
2018-12-21,36.775177001953125,38.71270408630371,38.35238548278809,38.24391453501701,38.09642066880786,55406300,2.6874618935527166,2.785499313859712,0.9153607669716071,4.719735655901976
2018-12-24,35.52299499511719,38.525546836853025,38.34863540649414,37.984779340740836,37.995502014937635,15077200,0.7172789527304835,0.7666712295805367,0.9565419856122656,4.5590302957339315
2018-12-26,36.45376205444336,38.36718311309814,38.35814407348633,37.838968170617264,37.93504162433002,17970500,0.8435636639311461,0.9146282188088136,0.9856702654307984,4.678485179037619
2018-12-27,36.929195404052734,38.183039855957034,38.37890213012695,37.752323145230164,37.895596674515225,17531000,0.8163873544015694,0.8881827965411383,0.9953798908744105,4.7395024171609625
2018-12-28,37.00954055786133,38.02266731262207,38.39992790222168,37.681581946433134,37.860849375822916,14771600,0.6941768069962811,0.7493001624947968,0.9910273658395401,4.749813934823793
2018-12-31,37.64567565917969,37.91452465057373,38.43019454956055,37.67816230002805,37.852411190856515,15331800,0.7195423628348612,0.7770831086324862,1.0030804105854056,10.017512353408712
2019-01-02,37.51174545288086,37.771227264404295,38.44854179382324,37.66231307649022,37.83905175015158,13969700,0.6831464828081297,0.7101301401157013,1.0037508237158446,9.981873532412656
2019-01-03,37.64567565917969,37.7062744140625,38.466219635009764,37.66072856055589,37.83146837403504,19245400,0.9612469928878191,0.978171647385726,0.9488434834354049,10.017512353408712
2019-01-04,37.73941802978516,37.648352813720706,38.48470092773437,37.66822279572058,37.82785855661348,17035800,0.8609720516882422,0.8700241399294698,0.9321030167202707,10.042457193397237
2019-01-07,37.98047637939453,37.60281887054443,38.478138580322266,37.69796123226096,37.83384356927156,16349000,0.8488517863452151,0.8461671356323781,0.9126840144658448,10.106602807809004
2019-01-08,39.09203720092773,37.62625522613526,38.49099510192871,37.830730372133985,37.883184496003175,21424600,1.099601928971318,1.1275498760014067,0.9421470392601918,10.402389085151556
2019-01-09,38.60015106201172,37.605343627929685,38.50727233886719,37.90400853307472,37.911300831925075,18136000,0.927170397211945,0.9616964206079198,0.9232863755826702,10.2714982089279
2019-01-10,38.97227478027344,37.58361930847168,38.54331298828125,38.005748175665076,37.95290765342894,14259900,0.7303774351740664,0.7648489273320842,0.913532036772714,10.37052031118559
2019-01-11,39.25645446777344,37.62967319488526,38.57204666137695,38.124863060627774,38.004027136344405,15801500,0.8157937125828881,0.8533035101465977,0.88771047997324,10.44614051138845
2019-01-14,39.263221740722656,37.68142204284668,38.57814880371094,38.233278173017766,38.05340731690826,11342300,0.5918588426339996,0.6218280317618419,0.8805090459218317,10.447941282371588
2019-01-15,39.310577392578125,37.73587417602539,38.599795455932615,38.33587809869018,38.10270810418944,10058000,0.5302415055526956,0.5601119644771624,0.8794178843944647,10.460542618890573
2019-01-16,38.62044143676758,37.79365215301514,38.62156730651856,38.36297936898327,38.12301137213368,13411700,0.7174266850502897,0.7545390092228873,0.8570354540021381,10.276897476605077
2019-01-17,38.4512939453125,37.85301685333252,38.632188873291014,38.37139028101463,38.135885198532854,15223900,0.8224431649359447,0.8560214623038824,0.8510901076726544,10.231887337843332
2019-01-18,38.627220153808594,37.91414737701416,38.638561401367184,38.39575503080453,38.155153235994646,16802500,0.918054767478487,0.9404810001288492,0.8251994000532712,10.278701292860452
2019-01-22,38.55955505371094,37.99834442138672,38.64358062744141,38.411355032986094,38.17101213080705,18284800,1.023116188046168,1.0167186291469201,0.8000999523990927,10.260695613210562
2019-01-23,39.080543518066406,38.113612747192384,38.65312705993652,38.47508726966041,38.20668002834663,15109000,0.9528398208719157,0.8399262550418367,0.7552295519196779,10.399330616734312
2019-01-24,38.61368560791016,38.26814727783203,38.64503311157227,38.488287111398485,38.22264103146677,12494100,0.7944032343028887,0.6945519964235362,0.7275461061275859,10.275099750894178
2019-01-25,38.16035461425781,38.35347690582275,38.625327835083006,38.45705544500414,38.22019842687034,17800300,1.1323961958490745,0.9890476487344237,0.7001904930678784,10.154468396838826
2019-01-28,37.260475158691406,38.37004089355469,38.58414321899414,38.34309541773626,38.18256222027509,25955700,1.6081219896929317,1.4220904993876766,0.6933837745755145,9.915010520074246
2019-01-29,36.04935836791992,38.322031784057614,38.51953956604004,38.1246442701347,38.09890716724155,33789200,1.9769870682442372,1.810140433580416,0.7322854446923192,9.592732404446492
2019-01-30,36.53651428222656,38.26657371520996,38.460929489135744,37.97339379509583,38.03763685802528,27260000,1.541186600609351,1.4464574103721715,0.7523123037107737,9.722364568145297
2019-01-31,37.253700256347656,38.2536714553833,38.41478813171387,37.90485155331029,38.00689424619478,28585400,1.5519977109915029,1.4985942192871122,0.7769979903608547,9.913207718909616
2019-02-01,36.90864562988281,38.21681995391846,38.34661239624023,37.80997479869814,37.96382567300608,13778000,0.7593240814248046,0.7266513544943687,0.7726002635718554,9.821388700584478
2019-02-04,36.563575744628906,38.15802783966065,38.26604438781738,37.691270126882024,37.90891391110893,15818900,0.8747340225522333,0.8365709965522629,0.7756351947759462,9.729565621896358
2019-02-05,36.63123321533203,38.09056568145752,38.20236442565918,37.59031423054393,37.85880878578435,14124600,0.7858779437178616,0.7532666834763221,0.770198769311698,9.747569271364759
2019-02-06,36.39442443847656,37.95568504333496,38.137966079711916,37.476419964632754,37.80138194863502,11391400,0.6520041942928312,0.6121343980905903,0.7275845246080277,9.684554468043867
2019-02-07,36.24557876586914,37.83795642852783,38.077554855346676,37.35919699332194,37.74037005911479,12436200,0.7236083012294044,0.6644030880890512,0.7222729884085407,9.644946642231536
2019-02-08,36.502689361572266,37.714477157592775,38.015187911987304,37.27762483791721,37.69183356117195,12011700,0.7035099063134739,0.6419280554470388,0.7165218105553137,9.713363758501842
2019-02-11,36.570343017578125,37.58017158508301,37.934353561401366,37.21026466455158,37.647853539854545,9802800,0.5844035644396619,0.5263060123595044,0.7053578137453368,9.731366392879496
2019-02-12,36.82068634033203,37.458044815063474,37.866427459716796,37.17316196700686,37.615415610461504,11227600,0.6695733434953713,0.6076541387386387,0.7138154027397565,9.797982738166665
2019-02-13,36.86128234863281,37.335580062866214,37.80748252868652,37.14345914620933,37.58584175705646,11884800,0.7049265019457722,0.6452334443396032,0.7063728696979314,9.808785333884002
2019-02-14,36.55681228637695,37.23239860534668,37.73106491088867,37.08758801670149,37.54548766016706,11190100,0.6681235091993039,0.6209710079606773,0.6884427524959993,9.727765866003965
2019-02-15,37.321380615234375,37.175902938842775,37.69859786987305,37.109853978466525,37.53669914860107,15719400,0.9371666023283994,0.8841704831253672,0.687428128345292,9.931217458922491
2019-02-19,37.51081466674805,37.12008266448974,37.670857162475585,37.148040710683816,37.535684070881345,12272700,0.7416947108011894,0.6977246332549613,0.6941936295398399,9.981625850270667
2019-02-20,37.72734069824219,37.078471946716306,37.64758087158203,37.20321213807033,37.54320001705236,11379000,0.7023404249409547,0.6585231026502039,0.6833680113059497,10.039243416095873
2019-02-21,37.99121475219727,37.02400550842285,37.63493896484375,37.27826000608241,37.56076922235216,14680500,0.9073171274378682,0.8518225131575405,0.6941937641593221,10.109460288258575
2019-02-22,38.51218795776367,37.01893062591553,37.62481506347656,37.395776953861585,37.598079760995745,12534300,0.7745766472028095,0.7307418793923479,0.6847207971211141,10.24809123141934
2019-02-25,38.41746520996094,37.031786155700686,37.60502914428711,37.49308059729962,37.630212523700266,15051200,0.938080702787685,0.8774144023698677,0.6671291316132837,10.222885513109132
2019-02-26,38.32273864746094,37.08489933013916,37.60477638244629,37.57209564969593,37.657370410906566,12005600,0.7822680012015244,0.7055350321039126,0.6343140156827645,10.197678779708179
2019-02-27,38.37686538696289,37.201274681091306,37.60774879455566,37.648740386578496,37.68558590016368,8962800,0.6353959527430109,0.5307681866924451,0.5761264002291668,10.212081902301048
2019-02-28,38.51218795776367,37.300058364868164,37.61356185913086,37.73097348859613,37.718001667128384,15743000,1.1635624538063563,0.9303213369963911,0.5473709414926737,10.24809123141934
2019-03-01,38.53925323486328,37.364336013793945,37.63504928588867,37.80795251205014,37.75020761096113,10942700,0.8651815938895616,0.6527922293224198,0.5182771768986953,10.255293300261146
2019-03-04,38.05210494995117,37.421508979797366,37.6508113861084,37.83120512518357,37.76204672229407,13674400,1.0816056873994726,0.8208669143162229,0.547371089206204,10.125663166743834
2019-03-05,37.943843841552734,37.490522384643555,37.661596069335936,37.84193262198064,37.769176021088526,15749500,1.246082134056585,0.9513952669633423,0.5375607012348936,10.096854891376603
2019-03-06,37.6732063293457,37.54262104034424,37.67754791259765,37.825863451253504,37.765412503765276,13935500,1.1033859709131448,0.8552073847990761,0.5456798579477798,10.024838263321513
2019-03-07,38.09269714355469,37.62753467559814,37.70389831542969,37.851276183853614,37.77824719552172,12644200,0.9962024518609561,0.8189441771813791,0.5466947625610505,10.136464747370425
2019-03-08,38.24830627441406,37.72767105102539,37.75840454101562,37.8890885734308,37.79668088489005,10617300,0.8425455631909172,0.6916610457629938,0.5436504206361846,10.177872329075148
2019-03-11,38.9587516784668,37.850474166870114,37.808504333496096,37.990961250100895,37.84225228855973,13627400,1.0745262666532096,0.892805198467253,0.558197929479477,10.366921814491551
2019-03-12,38.85725402832031,37.964819717407224,37.84706550598145,38.073465324217025,37.88205627835426,12813000,0.9984609690050846,0.844671207793468,0.5663172083266549,10.339913295016714
2019-03-13,39.012882232666016,38.074429512023926,37.88713233947754,38.16293360121217,37.926402394209624,14168300,1.0915666168584457,0.9347601626954936,0.5554915230324763,10.381325952175166
2019-03-14,39.2091064453125,38.19182071685791,37.9184009552002,38.262569110174105,37.97670451386072,12148300,0.9349909489446593,0.8048707123870704,0.5585362446551698,10.433541205050958
2019-03-15,39.50679016113281,38.3393196105957,37.958301849365235,38.381066353122556,38.03670787257727,23715300,1.7413111764109839,1.551196489467303,0.5588744850502249,10.512754826494126
2019-03-18,39.29029846191406,38.437765502929686,37.991194305419924,38.46765988729317,38.08586828784538,12168100,0.9052531105730656,0.8033421611337436,0.5477090947050766,10.455146396485633
2019-03-19,38.90462493896485,38.50745601654053,38.014498443603514,38.5092756065,38.11797639181085,13462700,0.9971517251672172,0.8930253451587038,0.5494005810442847,10.352518691898684
2019-03-20,39.01964569091797,38.57207126617432,38.035281829833984,38.55788228120647,38.153335972167994,11902900,0.8799136564072046,0.7942434978983032,0.5588730960984301,10.383125708067558
2019-03-21,39.43913650512695,38.6444673538208,38.04222381591797,38.64181125491318,38.20375952248011,10920100,0.818639316967194,0.7390244371216426,0.5473708483104343,10.494752192116472
2019-03-22,40.43374633789063,38.74054527282715,38.07889572143554,38.81247173900627,38.291209985829546,25125400,1.7986689703580494,1.6844415720936219,0.5774800379016582,10.759417817372752
2019-03-25,40.65026092529297,38.85218505859375,38.112455444335936,38.98749928055739,38.38372178737713,15463400,1.1053579846877961,1.0350175331972802,0.575450188936324,10.817032337925719
2019-03-26,41.02238845825195,38.987167549133304,38.147774124145506,39.181298249861634,38.48719891172516,12316900,0.8794607092008174,0.82827534551877,0.5747732892859929,10.916055455274154
2019-03-27,41.191532135009766,39.12790088653564,38.18634033203125,39.372749096066215,38.59325119499122,13290300,0.9345259462213201,0.89139822145588,0.5859371564370932,10.961064578945155
2019-03-28,39.97365188598633,39.20097408294678,38.199601821899414,39.429977933201464,38.6473845554224,20547100,1.4208001305522748,1.358999899466112,0.6387119543836348,10.636986707425008
2019-03-29,40.00749206542969,39.2743860244751,38.22734283447266,39.48497927912796,38.70072210483445,17283900,1.1695142333222814,1.137343811732055,0.6437864013060086,10.645991577431445
2019-04-01,39.98042297363281,39.37080192565918,38.25792541503906,39.53216439289033,38.75090645263047,16331100,1.0951991193394912,1.0730824395086416,0.6075881992188623,10.335245152097398
2019-04-02,39.60151290893555,39.45368537902832,38.2774112701416,39.538769013466066,38.784263568564,11408100,0.7763535453655509,0.7549543444568122,0.6130006341743602,10.23729400206014
2019-04-03,39.8315658569336,39.56160335540771,38.30285148620605,39.56665442712964,38.82533424653928,15491700,1.0487010294622867,1.028998909208151,0.6025133837106079,10.296764448810809
2019-04-04,39.91276168823242,39.6526065826416,38.319495849609375,39.59961702342515,38.86797845993901,8776000,0.6019672999235537,0.587870495398788,0.5893196234108181,10.317754192274881
2019-04-05,39.98042297363281,39.73921241760254,38.34683059692383,39.635884256778255,38.911603734985825,11497800,0.786287799470556,0.771222813889389,0.5757875367045493,10.335245152097398
2019-04-08,40.00749206542969,39.791649436950685,38.38377334594727,39.67127547664982,38.95457974794441,11680500,0.8041350599925855,0.789962976128449,0.5527825013953145,10.342242719380511
2019-04-09,39.92066955566406,39.844820213317874,38.43697723388672,39.69502729369879,38.992465622756946,10414400,0.7229403256993887,0.7194595487074197,0.545182841778216,10.319798436493864
2019-04-10,40.06422424316406,39.89738731384277,38.5172745513916,39.73018890793358,39.034495372576835,8782100,0.6212443775088328,0.6284074724539984,0.5432714955381958,10.356908421273756
2019-04-11,40.03003692626953,39.93843383789063,38.58714500427246,39.75874586206081,39.07353621781969,9219900,0.6590404424339442,0.6772184617337303,0.5417646088494067,10.348070738355034
2019-04-12,40.15308380126953,39.97074851989746,38.6451326751709,39.79630185627117,39.11587141717066,10847500,0.812760204083544,0.8180860248658934,0.5313714702692387,10.3798792967378
2019-04-15,40.132572174072266,40.01286220550537,38.70961120605469,39.828327600823656,39.155742035088366,7741500,0.5898211565340321,0.5892055623014385,0.5155979175414434,10.37457688421225
2019-04-16,40.1872673034668,40.07699432373047,38.78208503723145,39.86251233440872,39.19619400639733,10239300,0.7898259757119622,0.7859887316513969,0.4964263017909392,10.3887159935281
2019-04-17,39.49686050415039,40.10085506439209,38.83939758300781,39.8276883505746,39.20798484944647,15498000,1.1791155492154066,1.187153737251579,0.5035930048099964,10.210240554928667
2019-04-18,39.674583435058594,40.11262741088867,38.90500076293945,39.813106930049265,39.22628283319596,13189000,0.9948560008357725,1.0075086859333637,0.5039136719819272,10.256183291985176
2019-04-22,39.90016555786133,40.085948371887206,38.9780924987793,39.82139822793613,39.25270960671225,11950400,0.9485615089798781,0.9135699973778743,0.46115867592521304,10.314497996225157
2019-04-23,39.06620788574219,40.00674571990967,39.0293628692627,39.749475338203375,39.24539581373303,23488700,1.8068633838754864,1.764670527770119,0.50958063044767,10.098913558974253
2019-04-24,39.01835632324219,39.90654411315918,39.078323135375975,39.67984495582612,39.23649230430202,13227100,1.0139422715753357,0.9886452038027311,0.5176546072455057,10.086543564047622
2019-04-25,38.17755889892578,39.75584545135498,39.10546058654785,39.53677009326418,39.194965504091186,17425500,1.3149355794379407,1.290493486842232,0.5390929510242582,9.869190998535919
2019-04-26,38.67655944824219,39.69099082946777,39.14176612854004,39.454845269928754,39.17463585484221,16329700,1.2521710191847166,1.2014312671573129,0.4900459595214596,9.998186457428826
2019-04-29,38.85429000854492,39.633330726623534,39.187715682983395,39.39764953074934,39.16207327263447,13985000,1.0861153146142504,1.024709531300718,0.47807274148145285,10.044131166742178
2019-04-30,39.093544006347656,39.588986778259276,39.22315895080566,39.36868709985394,39.15938585042715,15469000,1.2054022968800895,1.1338613104883015,0.4806814650130189,10.105980155246911
2019-05-01,38.63554763793945,39.54068851470947,39.24565361022949,39.29886429395732,39.13884317542763,11627400,0.9052769673058095,0.853083114010889,0.4772320038886736,9.987584590762992
2019-05-02,38.95682907104492,39.49695167541504,39.270243377685546,39.26628951082281,39.13170536741262,14435400,1.1285406150004573,1.0543727171107642,0.5133496667455102,10.070638298727816
2019-05-03,39.12772750854492,39.45769996643067,39.2929736328125,39.253093129653486,39.13154937294722,9388200,0.7322049443838706,0.6910640142190679,0.5189333976784749,10.114816852037213
2019-05-06,38.90214157104492,39.40378589630127,39.300772705078124,39.21966917169077,39.122552988558894,10066100,0.7894834879513986,0.7436663762264353,0.5265506135695365,10.056501161668809
2019-05-07,38.710750579833984,39.338948822021486,39.306638412475586,39.17120073437107,39.10640387449125,12963800,1.0116587588962418,0.9607066119481317,0.532503393863297,10.007025126475972
2019-05-08,38.539852142333984,39.26990795135498,39.31098068237305,39.111072297034205,39.08418615950469,12086700,0.9370976851864414,0.895599825958709,0.5301108986922383,9.962846573166575
2019-05-09,38.60820388793945,39.19710693359375,39.31560745239258,39.06318006759661,39.06552018807076,14834900,1.1238002962731775,1.0897525837263986,0.5400227361447894,9.98051602223349
2019-05-10,38.90214157104492,39.14071216583252,39.3234065246582,39.04784306792502,39.05911318348151,10707100,0.806560293905506,0.7923923349653192,0.548567530063534,10.056501161668809
2019-05-13,38.79277801513672,39.07269687652588,39.32847702026367,39.02355115813566,39.04866866707583,13759000,1.025215731946211,1.0140250744765635,0.5625807764333285,10.02822984593606
2019-05-14,38.65605163574219,38.998870849609375,39.34055595397949,38.988551203621995,39.033271920749016,12776200,0.9344570144434103,0.9428419154268691,0.5738596619255013,9.9928850310317
2019-05-15,38.83378219604492,38.93119659423828,39.35835472106933,38.973811298138465,39.02544879429003,10806300,0.7887421605139893,0.803330689339103,0.5858222644159767,10.038829740345049
2019-05-16,39.223419189453125,38.91752452850342,39.38935897827148,38.99758347826367,39.033212339198386,11695100,0.8656285134632024,0.8723089368871421,0.580353752672637,10.13955388350521
2019-05-17,39.70876693725586,38.91923370361328,39.42168037414551,39.065315236262926,39.05970467637711,14436700,1.063640345496896,1.073926542106353,0.5991519936796135,10.265019988775476
2019-05-20,40.33765411376953,38.94110813140869,39.463467330932616,39.186490367454034,39.10982034058858,20910600,1.4913851974816212,1.5320492427966812,0.6654585494290692,10.427592134311949
2019-05-21,40.67259979248047,39.02142772674561,39.49774429321289,39.32802459840893,39.17110580929022,14016300,1.0346190626106078,1.0263422198100312,0.6244442517124668,10.514178154284679
2019-05-22,40.5016975402832,39.095594787597655,39.53063316345215,39.43980297382553,39.223285877172295,11487100,0.8534056249096882,0.8427782813224732,0.6141911261785541,10.46999861484686
2019-05-23,40.241943359375,39.19881401062012,39.555214385986325,39.51619729625881,39.26323322941553,11706700,0.8885969077067472,0.8620033302883496,0.5940255703879433,10.402850172201841
2019-05-24,40.549560546875,39.292464065551755,39.58202346801758,39.61461284393654,39.313677437943355,8755200,0.6842330668884089,0.6479121056077788,0.5837721397665344,10.482371568158758
2019-05-28,40.1462516784668,39.35706214904785,39.59481269836426,39.66524511389181,39.34632740815996,21860500,1.6574275659686195,1.6221984694395484,0.6049628700822911,10.378113140733845
2019-05-29,39.77027893066406,39.390898895263675,39.60441230773926,39.67524833453678,39.362952958062074,13418700,1.0253535978726818,0.9939144617453999,0.6162417551093071,10.280921309581593
2019-05-30,38.84745407104492,39.40149421691895,39.60326889038086,39.5964107856328,39.34273731543395,17484900,1.3068156975733898,1.2874242414425006,0.6449519428330387,10.042364024609801
2019-05-31,37.15220260620117,39.311262893676755,39.56592002868652,39.36362905425836,39.25683399350326,29916600,2.113674491754355,2.145854651460545,0.6743450731806856,9.604128553835332
2019-06-03,38.539852142333984,39.281869125366214,39.54793434143066,39.285174110265565,39.228717058163284,19518300,1.3313674853379935,1.382948376814268,0.7307396236777123,9.962846573166575
2019-06-04,38.430477142333984,39.25828590393066,39.507868957519534,39.20377439903399,39.19741353205233,15201200,1.0190455983554438,1.0924280732426699,0.749537577073243,9.93457229904856
2019-06-05,38.98418045043945,39.27195739746094,39.47454734802246,39.18286068964404,39.18905145042045,11522900,0.7762115991525795,0.8328052518283858,0.7693622308647207,10.077708839514164
2019-06-06,39.332801818847656,39.31160488128662,39.44075561523437,39.19714079718724,39.19468871977053,9906900,0.6722896079413357,0.7185135996045271,0.7816665710447502,10.167830129880068
2019-06-07,39.12772750854492,39.33758106231689,39.39947952270508,39.19053000779273,39.192062789918545,11656600,0.7996490396439083,0.8474215241257708,0.7939707816579962,10.114816852037213
2019-06-10,38.38263320922852,39.31160564422608,39.367659149169924,39.11358745554852,39.160320453420894,14955400,1.0112133153386578,1.0961524648295091,0.8158449752661738,9.922204276378775
2019-06-11,38.84745407104492,39.31433944702148,39.344458389282224,39.08824141892913,39.1480511835238,15378600,1.034165538036951,1.1303277793269955,0.8353263394595011,10.042364024609801
2019-06-12,39.20975875854492,39.34202480316162,39.329045104980466,39.09981449889254,39.15047108842659,11911000,0.8033165894216606,0.8811845677364676,0.8370358401107054,10.136022557625724
2019-06-13,39.387474060058594,39.3697093963623,39.32476432800293,39.127210647575026,39.159765322608244,9218700,0.6250856054082277,0.6842227454650119,0.8271233741241936,10.181963322425387
2019-06-14,39.83863830566406,39.40047035217285,39.32490577697754,39.19496566263113,39.186387792532,11826600,0.8015602046158877,0.8825859097002061,0.8288323856246176,10.298592730905352
2019-06-17,39.39432144165039,39.38474807739258,39.3145369720459,39.21395192729963,39.194542053281744,11027000,0.7561030966148495,0.8201585099310805,0.8158444561149387,10.18373342294303
2019-06-18,39.18924331665039,39.32732753753662,39.29871337890625,39.211598726285416,39.19433425968836,12257500,0.8661726967809045,0.9106506640784847,0.7577406995163635,10.130719158971752
2019-06-19,39.39432144165039,39.26341361999512,39.286449966430666,39.22900088965351,39.202176894275105,10516400,0.7524430573383304,0.7826522746287566,0.7509048135282754,10.18373342294303
2019-06-20,39.19608688354492,39.198133087158205,39.27195831298828,39.225866222405074,39.2019380703249,15302800,1.0801627006185095,1.1306394361963914,0.7673101101833044,10.132488273360972
2019-06-21,39.490013122558594,39.16053657531738,39.260474090576174,39.25102307003874,39.21323513119681,22474300,1.5282916159628657,1.6275716251586163,0.7703861933365903,10.208470454411026
2019-06-24,39.8317985534668,39.12464847564697,39.25650932312012,39.30633502084141,39.23749252030544,9141800,0.620842270898112,0.6621170653217183,0.7775634885022352,10.296824602644554
2019-06-25,39.64724349975586,39.099698066711426,39.246392517089845,39.338802495023735,39.25356118616624,10571700,0.7465681571735817,0.7659870645082009,0.7485111804378164,10.249115709584093
2019-06-26,38.95682907104492,39.059025573730466,39.22287765502929,39.30242407369242,39.24192463263207,15042100,1.0562111678035384,1.0784862003151838,0.7580812927368978,10.070638298727816
2019-06-27,39.13456726074219,39.07338123321533,39.2018236541748,39.2864377105543,39.23771453961678,9123300,0.6599855246343451,0.6551694422302173,0.7204847183478151,10.116584980298011
2019-06-28,39.05253219604492,39.16839771270752,39.1929370880127,39.264160994886744,39.23045248692769,14604000,1.1184072728637284,1.0501020333323268,0.6531532014569666,10.09537828858108
2019-07-01,38.73124694824219,39.17796745300293,39.17407035827637,39.21340727615869,39.2108757991361,15796800,1.2272428521929368,1.131626513964521,0.6080375349368857,10.121133349250231
2019-07-02,39.73609924316406,39.243248558044435,39.17078903198242,39.263187463492535,39.23147279694112,14985700,1.1652044299803943,1.0688739195676602,0.6230761798062083,10.383718338749672
2019-07-03,39.73609924316406,39.28084449768066,39.18418685913086,39.30822668060411,39.25126206934202,8437800,0.6640407657347472,0.6150419591307396,0.6035938133808791,10.383718338749672
2019-07-05,39.859153747558594,39.30716209411621,39.201002807617186,39.36069592507596,39.27510095868384,6938500,0.5525018055744673,0.510435588376973,0.6012011874408622,10.415874572961993
2019-07-08,39.5720329284668,39.32937736511231,39.22889228820801,39.38082325873223,39.286745349655725,12048200,0.9578856900709259,0.8934025600066915,0.584454654803011,10.340845021208667
2019-07-09,38.966251373291016,39.35855827331543,39.234686126708986,39.34134022202354,39.27417695842574,16733700,1.321065065634048,1.240100472616143,0.5713909182594762,10.182544001139687
2019-07-10,39.37379837036133,39.38487548828125,39.24507629394531,39.344431474246186,39.27808368046243,10901500,0.8761171971000493,0.8115971851428765,0.5528446525782499,10.289042960725142
2019-07-11,39.31853485107422,39.39031429290772,39.24957611083985,39.341965129182185,39.279670000878575,10045700,0.8134364343115889,0.7539728108354368,0.5534557451713742,10.274601663526497
2019-07-12,39.50504302978516,39.396192741394046,39.266966018676754,39.357496357811044,39.28850815887491,9669500,0.7815477304240257,0.7278766011478612,0.5549746529859426,10.323339421698389
2019-07-15,39.77444839477539,39.39298324584961,39.28331840515137,39.39720607561718,39.30756463871415,11734300,0.94879132056829,0.8869121447321381,0.5404974530656247,10.393739624090873
2019-07-16,39.65700912475586,39.406117630004886,39.293904037475585,39.42194922315419,39.321268344049116,10556000,0.8551467586081749,0.7964468631265775,0.514640319864623,10.36305074609284
2019-07-17,39.525760650634766,39.4229434967041,39.306376419067384,39.43183602577139,39.329287650189734,7916700,0.6528138770878962,0.5992561584476066,0.506998700197191,10.328753288274342
2019-07-18,39.518856048583984,39.42917022705078,39.32253852844238,39.44012364699164,39.33672170502872,7549200,0.6302196903164623,0.5761610723257226,0.5027498389874931,10.326948998364108
2019-07-19,39.0905876159668,39.423895263671874,39.33355323791504,39.40683450117975,39.32706938781061,12240300,1.03507192685671,0.9339706560326845,0.4986267662661028,10.215035175357444
2019-07-22,38.337646484375,39.3662769317627,39.32814208984375,39.30500707100787,39.288268489636664,15255800,1.3306840255638428,1.163314899196863,0.5134317526840022,10.018278855914396
2019-07-23,38.32383346557617,39.29087867736816,39.31657592773438,39.21156196572866,39.25044750830096,14093500,1.2033163667162872,1.0691632192376703,0.5199725274876513,10.014669279248675
2019-07-24,38.66231536865234,39.241632270812985,39.31396667480469,39.159252766007114,39.227383502824544,11173900,0.9515917844208877,0.8510139525191808,0.535990321220875,10.103120355505526
2019-07-25,38.93170166015625,39.24037590026855,39.31947967529297,39.13758123211656,39.2157881364454,11006100,0.9536914481793506,0.8405003551055007,0.514698775362271,10.173515573671741
2019-07-26,39.42905807495117,39.25510044097901,39.331385192871096,39.165340931434145,39.224151663445625,12333100,1.0540196726523297,0.939647866141226,0.5394080928673258,10.303483261078535
2019-07-29,39.62937927246094,39.283942794799806,39.33950439453125,39.20953505915098,39.24004294223054,10165700,0.8855833645494856,0.7763248007888414,0.5399692757618656,10.355830595916146
2019-07-30,39.11820602416992,39.30329074859619,39.327693176269534,39.20083705581945,39.23526502387522,13329300,1.1737955964942792,1.0196442914515205,0.5482080986759709,10.222252334998378
2019-07-31,38.17876815795898,39.225424194335936,39.28451545715332,39.10349716078512,39.19383377423145,24396200,2.062885530070817,1.8563237299778759,0.5594511540384886,9.9767612479192
2019-08-01,38.1718635559082,39.14721240997314,39.23450073242188,39.01477015079684,39.15375651076779,18677000,1.5137528053096843,1.4111370499143738,0.6104349434066311,9.974956958008969
2019-08-02,38.399810791015625,39.07424526214599,39.19246299743652,38.95620259272244,39.12419001195398,17458800,1.3571590981967432,1.3072993651749252,0.6379865423384352,10.03452344617802
2019-08-05,38.14423370361328,39.00285530090332,39.15050880432129,38.87887222233109,39.08576035280336,18941500,1.4339963464000383,1.403120221139125,0.6543985888618622,9.967736807832273
2019-08-06,38.026798248291016,38.95588264465332,39.10005355834961,38.79772232004156,39.04423242713621,18747900,1.4085998076576305,1.3685187902252725,0.6562301180740725,9.937048926679495
2019-08-07,38.05443572998047,38.88991451263428,39.058217239379886,38.72693312098812,39.005416870385005,11865500,0.8882825016095465,0.8789578288397134,0.6703911927638504,9.944271070546698
2019-08-08,38.55869674682617,38.851922607421876,39.03398559570312,38.71091060916318,38.98789843416701,11335900,0.8445565629165174,0.8423259755975953,0.6734996602965463,10.076043047863724
2019-08-09,38.531063079833984,38.803223609924316,39.02765777587891,38.69378227303659,38.96998332223238,8948000,0.6684478496007279,0.6734343254021414,0.6793711301147667,10.068821900841774
2019-08-12,38.46889114379883,38.73794574737549,39.05399154663086,38.67236407025204,38.95033264856832,10635600,0.7977916632286424,0.8243695149771778,0.6866239923334081,10.05257531688764
2019-08-13,38.93860626220703,38.70202560424805,39.06196662902832,38.697720469485844,38.94987279027964,11016500,0.8249387370758162,0.8652974599928053,0.7090740126606899,10.175319863581976
2019-08-14,38.4896125793457,38.6502182006836,39.06314933776856,38.67790067042488,38.931823370243016,15041200,1.0970529993326308,1.1817169039601643,0.7235800868589376,10.057990180308849
2019-08-15,38.890254974365234,38.618788146972655,39.06127082824707,38.69812488984777,38.930193237071336,12124000,0.8697717028629148,0.9516272873708761,0.7449939981830738,10.162684849984071
2019-08-16,39.13202667236328,38.62086009979248,39.057255325317385,38.73944886913496,38.93810827374946,11923500,0.8563610312099372,0.9329363988302909,0.7356686036990912,10.225863905354608
2019-08-19,39.37379837036133,38.6726676940918,39.06217674255371,38.799863107346994,38.9551941598911,11011900,0.8031285247047043,0.8624797536286823,0.7218531998601193,10.289042960725142
2019-08-20,38.86954116821289,38.69995307922363,39.0719149017334,38.80649911314375,38.95183521904097,9892600,0.7327195118067196,0.7810072329578326,0.7108009151444581,10.157271980253372
2019-08-21,39.0905876159668,38.72136669158935,39.07677757263183,38.83355516103166,38.95727648950866,7637300,0.573182391976212,0.6104156785866087,0.705619964654263,10.215035175357444
2019-08-22,39.22182846069336,38.73587303161621,39.07701896667481,38.87053357052325,38.96765107661394,9272200,0.7004396916832513,0.7442252751495281,0.7042382676700409,10.249330639485436
2019-08-23,38.62776565551758,38.69580841064453,39.061824798583984,38.84741281671319,38.954322236570945,13203000,0.9941134748569028,1.0529927388721565,0.7063106217156058,10.094091928037582
2019-08-26,39.17346954345703,38.67301292419434,39.04852142333984,38.87846583830784,38.962916248605694,9486900,0.7161416264821955,0.7594529959523698,0.7166722501213787,10.236693632197023
2019-08-27,39.49814224243164,38.69200973510742,39.05059783935547,38.93748263870058,38.98390550326553,16953900,1.2625340042462023,1.3444494386014219,0.7132190068095774,10.321536128633408
2019-08-28,40.03002548217773,38.78457260131836,39.06741348266601,39.04153433807936,39.02492981616405,15238900,1.1748796605863798,1.2027621326732922,0.68593349095012,10.46052626243662
2019-08-29,40.02311706542969,38.877135276794434,39.0799893951416,39.13501840735082,39.06407441417446,8538000,0.6850317984571941,0.6759906612262271,0.6472504894773266,10.458720975681134
2019-08-30,40.175086975097656,38.96589908599854,39.099569396972655,39.234072556660045,39.107643534210666,9962200,0.8240833993378182,0.7954779559134239,0.6120212903508527,10.49843329692084
2019-09-03,40.092193603515625,39.06329708099365,39.111613006591796,39.31579837064629,39.14625334085008,10470100,0.8975457458923959,0.852374120117335,0.5992419759301392,10.4767718495455
2019-09-04,40.188907623291016,39.171402549743654,39.118755187988285,39.398951632802934,39.18714174408306,9232200,0.8250792932998614,0.7514856823589627,0.5823182264891219,10.50204486727707
2019-09-05,40.472110748291016,39.29228630065918,39.13525253295899,39.50115726284942,39.23753268542455,9232300,0.8349121571088669,0.7531360342019677,0.5595222790391776,10.576050658954259
2019-09-06,40.79677581787109,39.40419025421143,39.17205146789551,39.62454950618481,39.29867947493226,8920200,0.8155965630507382,0.7350174744014479,0.5522691033970866,10.660891161700134
2019-09-09,40.52048110961914,39.503661155700684,39.199769744873045,39.70987632555951,39.346593264527826,12848700,1.1542068583891931,1.0522625278181663,0.5622852806120747,10.588690656778434
2019-09-10,41.24578094482422,39.64250564575195,39.243634719848636,39.856152955965676,39.42107121277474,13987000,1.2378281412754224,1.1466440228997608,0.5733372416901602,10.778223835509024
2019-09-11,41.53590393066406,39.77237052917481,39.29972785949707,40.016129239270285,39.50400582916256,12241500,1.0775133616409995,1.0094334177173439,0.5622849641469493,10.854037904477464
2019-09-12,41.74313735961914,39.93504676818848,39.33986862182617,40.18060620311304,39.59181490878831,9491400,0.8563625388982974,0.7898170075027373,0.5463973271044515,10.908191522915818
2019-09-13,41.41847229003906,40.06145763397217,39.37351608276367,40.2984982113917,39.66344853158245,10719300,0.9733178185542654,0.8886212903026849,0.5312003433593298,10.82335102016994
2019-09-16,41.1007080078125,40.15989170074463,39.39834716796875,40.37489914438416,39.71981164829736,10950500,0.9987226965558409,0.9017890348119143,0.5374173956468035,10.740313810489042
2019-09-17,41.35630035400391,40.259016799926755,39.43403251647949,40.46836592625271,39.78398767597213,8801700,0.8109180076091799,0.7287289100635743,0.5280919463160864,10.807104436215809
2019-09-18,41.39775466918945,40.385427474975586,39.48266258239746,40.55687913986573,39.8472726560983,8451900,0.7838927245139102,0.7094973539599269,0.522565804496758,10.817937153593986
2019-09-19,41.43228530883789,40.50251235961914,39.52383232116699,40.64025115595831,39.90943001502926,7651700,0.7096287750355199,0.6458481360068375,0.5201482536640694,10.826960596835661
2019-09-20,41.64641952514648,40.623741912841794,39.57039001464844,40.73607671492861,39.97754725072013,21019900,1.8487053504091666,1.7419316771699624,0.5125498884042162,10.882917508338991
2019-09-23,41.59117126464844,40.77191219329834,39.612112579345705,40.8175142910924,40.040826623815356,8437000,0.7579211382920857,0.7006104121153701,0.49424444265061496,10.868480198521365
2019-09-24,41.79838943481445,40.90315818786621,39.652591400146484,40.91093097144688,40.109750655619244,12846300,1.1368673690135211,1.0647932181069304,0.49009928050283874,10.9226298295787
2019-09-25,41.63261413574219,41.009881782531735,39.69210350036621,40.979662701379766,40.16947079209465,8088100,0.7450044650896311,0.6731535405291181,0.4762833234218771,10.87930992536378
2019-09-26,41.750038146972656,41.095882415771484,39.73658905029297,41.05303179143623,40.231453825619276,7438800,0.7107287673745801,0.6196067194861099,0.46212257833586,10.909994815980795
2019-09-27,41.65333557128906,41.17739334106445,39.77927864074707,41.110203579993644,40.28721389407692,7799000,0.7477834486633574,0.6493389714284192,0.4531425187437879,10.884724788784988
2019-09-30,41.69477844238281,41.25337791442871,39.83136245727539,41.16587737641166,40.3424125038144,9709400,0.932085995286483,0.8118188055609764,0.4562509046696398,10.715524411910414
2019-10-01,41.34248352050781,41.31589241027832,39.891459197998046,41.18269700918272,40.38163097505728,8381600,0.812767123154835,0.7089488295865182,0.4569416892888036,10.62498490129135
2019-10-02,40.69316482543945,41.34110527038574,39.938845825195315,41.136074896445265,40.39384798879775,12011700,1.149291004076009,1.0195877442016925,0.4755922021331248,10.45811052066046
2019-10-03,40.7622299194336,41.35561122894287,39.98084411621094,41.10047061292034,40.40829433901877,9769300,0.9323408011834037,0.8312284530912768,0.48733572129808495,10.475860194081266
2019-10-04,41.37701797485352,41.38462333679199,40.029750442504884,41.12680845691398,40.44628350120836,9824900,0.9336165728368502,0.8376429400006241,0.5008058106986308,10.633860228188814
2019-10-07,41.618797302246094,41.43953914642334,40.07354522705078,41.1736645374218,40.49226443458239,13744600,1.3005522185256257,1.16901178928904,0.49424399383275597,10.695997320212232
2019-10-08,41.25267791748047,41.43988399505615,40.10601119995117,41.18118962123691,40.52208457116662,13832800,1.3098535401024756,1.1692199187983494,0.4880280351110763,10.60190493378665
2019-10-09,41.33295440673828,41.42973651885986,40.15030616760254,41.19564341033228,40.55388338824786,10609200,1.0124291973770285,0.9008871307952385,0.48337955520389003,10.622535926742597
2019-10-10,41.75870513916016,41.430514907836915,40.22190490722656,41.24926833688732,40.601131300048344,11832100,1.116658282991962,1.0266366221233463,0.49230884792358437,10.731953521393201
2019-10-11,41.82849884033203,41.45101623535156,40.29503761291504,41.3044331467392,40.64926336045163,11349000,1.067892420353847,0.9974030082919176,0.48663486357928853,10.749890446270694
2019-10-14,41.59817886352539,41.47588977813721,40.359004974365234,41.33240892929027,40.686475733121185,6876100,0.6596567167973537,0.6157575032488884,0.47366104302461454,10.690698398100139
2019-10-15,42.26123428344727,41.52113647460938,40.44134498596191,41.42086848682903,40.748230970388875,11679200,1.1051863095131076,1.0596598512926831,0.49166730408311815,10.861103105932814
2019-10-16,42.07976150512695,41.55523681640625,40.522404251098635,41.4836202028574,40.80044785410409,9298100,0.8763574534823005,0.8583399783654125,0.4918831971026513,10.814464748353442
2019-10-17,42.163516998291016,41.59179840087891,40.604585876464846,41.54837227861298,40.85390154603299,7323700,0.6913364182322435,0.6817933426166781,0.4805824884444,10.83598984250573
2019-10-18,42.61021041870117,41.63998794555664,40.685616149902344,41.649499720526144,40.92277640378469,12339700,1.2145935884829318,1.146610438645837,0.5009704893558634,10.950789691068524
2019-10-21,42.40082550048828,41.680470657348636,40.76301139831543,41.721054556713014,40.980739113459336,10882300,1.0584046851741356,1.0075662603304638,0.494613078650849,10.896977936061921
2019-10-22,42.41477584838867,41.711289978027345,40.84192909240723,41.78712325115832,41.03697584816245,9603600,0.9490042155566492,0.8908769436564582,0.4924547408384374,10.90056316421436
2019-10-23,42.49155044555664,41.75423679351807,40.91298797607422,41.85421155538673,41.09401798923673,10375600,1.0138327648869678,0.9636372653713778,0.5003299497680871,10.920294173729252
2019-10-24,42.28216552734375,41.78084316253662,40.98883903503418,41.8949690765255,41.14061201033896,11143800,1.0695359614407323,1.0425314434960082,0.5008946261079406,10.866482418722647
2019-10-25,42.13560104370117,41.80495643615723,41.0537459564209,41.917886406732705,41.179631188117874,15036400,1.3946928691777458,1.3990704003248406,0.5356878816319238,10.82881546470438
2019-10-28,42.00299453735352,41.82036724090577,41.111165313720704,41.92599194298231,41.21191994691143,14621400,1.3259930051950914,1.3536603656199486,0.5366015607020774,10.79473569958679
2019-10-29,42.00997161865234,41.85374164581299,41.16388877868653,41.933990007331836,41.24321609090127,10619900,0.9534262169540888,0.9839125995734486,0.52391222954526,10.796528803850064
2019-10-30,42.449684143066406,41.94156761169434,41.235491638183596,41.98310373454465,41.2905285635352,12136500,1.0889724546900783,1.1197667408656873,0.515594118977484,10.909534567775463
2019-10-31,42.20539093017578,42.013725662231444,41.29778770446777,42.00427394365237,41.326405519089725,12226600,1.0850944396742037,1.1186067524448766,0.5134358151468199,10.846751409207757
2019-11-01,42.13560104370117,42.05165481567383,41.35606315612793,42.01678128651417,41.358138676917626,9629100,0.8553129178978298,0.8803875749702259,0.5193860324171965,10.82881546470438
2019-11-04,41.78662109375,42.06004600524902,41.41924026489258,41.994861268155674,41.37494190895027,10133300,0.9147707679224946,0.9317164811747904,0.5325457101275894,10.73912789919455
2019-11-05,41.52838134765625,42.073831176757814,41.46633850097656,41.95043460906049,41.3809591418407,10645400,0.9750275919234662,0.9767212356082391,0.5175350856776145,10.672760492848525
2019-11-06,41.96809387207031,42.10558815002442,41.515737533569336,41.95211644363285,41.40398403322225,9287600,0.8558446070160534,0.8643011143338714,0.5213738402593527,10.785766256773922
2019-11-07,42.24726867675781,42.1300163269043,41.56008239746094,41.980226180120944,41.437054019243256,14604400,1.3288100678899257,1.3606877117165197,0.5143943855764078,10.857513956283901
2019-11-08,41.42368698120117,42.10977573394776,41.588093795776366,41.92722244689049,41.43652982167297,17644600,1.5607280260301193,1.6165113821655128,0.5499898708605582,10.645854125158163
2019-11-11,41.60515213012695,42.11012439727783,41.61669509887695,41.8965490833892,41.443142461220184,7754000,0.6832163506695591,0.7132692550043372,0.5520837837683203,10.692490521989297
2019-11-12,41.40275192260742,42.06720027923584,41.64290626525879,41.84952078236237,41.44155851852948,7709400,0.6913782635638616,0.7127868566297481,0.5419633921981628,10.64047383199421
2019-11-13,41.46556854248047,42.03649063110352,41.66843948364258,41.81295390237362,41.44250008809619,10255600,0.915789365588426,0.9464095019676414,0.5461509579836765,10.656617652608427
2019-11-14,41.41670227050781,41.99914989471436,41.68733131408691,41.77521565171973,41.44148840897507,9530200,0.8427115820450491,0.878984700822207,0.5566207477955121,10.644059060146647
2019-11-15,41.53536224365234,41.945407485961915,41.70210304260254,41.75237246999903,41.44516973582516,11758800,1.0424537397190141,1.0788826259600146,0.5384738788629786,10.67455457748592
2019-11-18,41.48650360107422,41.89969139099121,41.72142349243164,41.72705162533952,41.44679067171729,10165100,0.9040413764950666,0.9372745007967447,0.5346351970190095,10.66199794577238
2019-11-19,41.52838134765625,41.85537166595459,41.72707550048828,41.708130646512544,41.44999030606783,10492700,0.9295018301779152,0.9737556396475856,0.5259107530355184,10.672760492848525
2019-11-20,41.51442337036133,41.806515312194826,41.726645889282224,41.689682334498144,41.45251709290287,12362100,1.0855521830513148,1.146985110654127,0.5189311741217179,10.669173303947849
2019-11-21,41.60515213012695,41.772664642333986,41.72388618469238,41.68163183884375,41.458502780637154,8056000,0.7171435680296044,0.7494511219439586,0.5123005101507662,10.692490521989297
2019-11-22,41.70286178588867,41.75102767944336,41.72957397460937,41.68365373856231,41.46808548672545,10741300,0.9748246163340503,0.9992241600648952,0.4686779396258576,10.717601824668142
2019-11-25,41.44462203979492,41.72310905456543,41.73645225524902,41.660888814870184,41.46716535155171,10644500,0.9837932208888197,0.9907832814571016,0.4690268547196549,10.651234418322117
2019-11-26,41.80058670043945,41.712639808654785,41.74533798217774,41.67419337540059,41.48024069856692,11936900,1.0965665521893162,1.1046319232323891,0.48752264741409024,10.742717048843463
2019-11-27,41.94715118408203,41.687513160705564,41.75632591247559,41.700189357179774,41.49855091368516,8795300,0.8205608078259892,0.8133936158131273,0.4700734900367259,10.78038400286173
2019-11-29,42.044864654541016,41.67948684692383,41.76857749938965,41.73301557597608,41.519974981954014,6791400,0.6500885192093145,0.6290729635344426,0.4599524832844086,10.805496285914694
2019-12-02,41.84944152832031,41.66517887115479,41.772637939453126,41.74410376191363,41.532895238674264,9142000,0.8771382764069761,0.8658567909615992,0.4400604317197903,10.755272700182886
2019-12-03,41.975074768066406,41.674601554870605,41.780316009521485,41.766101000594844,41.55023561237592,10289400,0.9864879699453565,0.9711217421637515,0.42470531865349914,10.787560341411318
2019-12-04,42.24726867675781,41.71054592132568,41.78929359436035,41.811926493562744,41.57757024235169,8237500,0.798986221064332,0.784284789397517,0.43377881688067604,10.857513956283901
2019-12-05,42.449684143066406,41.73462543487549,41.80563499450684,41.872665317325,41.61177078747776,9812500,0.9493347884156486,0.9311814887667959,0.43273181762524865,10.909534567775463
2019-12-06,42.70792388916016,41.75765819549561,41.82479270935059,41.952213752737876,41.654757183622166,9296900,0.9231531525269566,0.879151950145865,0.42714788386236896,10.97590197412149
2019-12-09,42.58229064941406,41.81558837890625,41.843371810913084,42.012221076230844,41.69113104502577,9370200,0.970292293019947,0.8834582248205166,0.38352601082479437,10.943614332893056
2019-12-10,42.73585891723633,41.87212371826172,41.86419342041015,42.081138965850414,41.73210076550461,8290900,0.8561499018735669,0.7837942185899966,0.38213007387060216,10.983081253793433
2019-12-11,42.63115310668945,41.93354377746582,41.88996681213379,42.133521264977944,41.76735772006088,9657500,0.9873391580294725,0.9107908748703956,0.36921779029767343,10.956171944980715
2019-12-12,42.693965911865234,41.99496364593506,41.929982833862304,42.186896945633876,41.80369529621007,8571600,0.8839307259666253,0.8136601035443138,0.3632850590017103,10.972314785220814
2019-12-13,42.44269943237305,42.04626350402832,41.96359222412109,42.21125908722808,41.828754281941954,10585900,1.0857416851924502,1.0033123077424673,0.37619672782573127,10.907739502763947
2019-12-16,42.73585891723633,42.10628833770752,41.99076904296875,42.2612209758003,41.86432701273782,11493000,1.180387269318404,1.0858521393072806,0.37933767365062254,10.983081253793433
2019-12-17,42.91731262207031,42.177828788757324,42.01673934936523,42.32370589449268,41.90562056604497,13648700,1.377152131282846,1.289755174537033,0.38003473103026514,11.02971470950221
2019-12-18,42.47759628295898,42.225289535522464,42.04123771667481,42.338362121965666,41.92805098631611,17292600,1.686949616664439,1.6234756269297586,0.3943428194060143,10.916707965202692
2019-12-19,42.43572235107422,42.2713544845581,42.063293075561525,42.34763452473791,41.947959667287016,11901600,1.1636537138784204,1.1146492043036533,0.3898062001741902,10.905946398500669
2019-12-20,43.3221321105957,42.35720348358154,42.09456161499023,42.440443818629134,42.00184878271089,42977900,3.589304385879932,3.803234163596262,0.42470440163316636,11.133752991362979
2019-12-23,42.85449600219727,42.41478519439697,42.11508155822754,42.47987735992134,42.035285928573096,9477500,0.7957137663728969,0.8414776053753705,0.4390128151631636,11.013570888887996
2019-12-24,42.77074432373047,42.48109130859375,42.13853286743164,42.50757897552221,42.064127434265544,6640100,0.5670225020857403,0.589800897229985,0.4323822848002667,10.992046775109824
2019-12-26,42.77772521972656,42.529948234558105,42.14886268615723,42.53330718925596,42.09211166114637,8117800,0.7046998072401486,0.7256472659551132,0.4142354116207848,10.993840859747221
2019-12-27,42.94523620605469,42.57985248565674,42.16617218017578,42.57253852418917,42.125567525652585,8166800,0.7108927593707919,0.7315068532414599,0.4138866427292808,11.036891048051798
2019-12-30,42.72189331054688,42.613703918457034,42.177339706420895,42.58676278955657,42.1489528505504,6765400,0.5889722019815806,0.6065890051506359,0.41981934008871524,10.979492104144521
2019-12-31,42.85449600219727,42.663956642150886,42.18222541809082,42.61226119076045,42.176621209438515,8466700,0.7392544764374478,0.7644374734441788,0.41458506676786017,9.209323303872138
2020-01-02,42.61021041870117,42.69571342468262,42.18641311645508,42.612065879135756,42.19362470784097,11447900,0.9945226067353259,1.032548098058291,0.4152830365516074,9.156826946972378
2020-01-03,42.15653991699219,42.691176986694344,42.18124839782715,42.5686824541697,42.19217040231749,13263200,1.1276088260436898,1.1884342885406483,0.4222625286505274,9.059334298279142
2020-01-06,42.0658073425293,42.671983146667486,42.1727335357666,42.52078958639442,42.18721498820814,15094500,1.2551205333960844,1.341183984373334,0.419121720646331,9.039836096448031
2020-01-07,41.59817886352539,42.61649589538574,42.159053802490234,42.43292189850213,42.16411553233822,14293100,1.1642987273284895,1.2629097668638758,0.42714818906167584,8.939343913573586
2020-01-08,41.67495346069336,42.57112903594971,42.14984085083008,42.36073442823463,42.14493270599921,15926500,1.26361080168455,1.4050236974517696,0.4334297077992872,8.95584258122349
2020-01-09,41.50216674804688,42.50944442749024,42.139824295043944,42.278966077740556,42.119726197844216,20134600,1.5257940860758956,1.7591471352460233,0.4392313847580141,8.918711151669562
2020-01-10,41.60090255737305,42.45793190002441,42.13164291381836,42.21438859961032,42.099380172727706,11786700,0.8860445003065189,1.0277011169940247,0.44044547087592995,8.939929228524496
2020-01-13,41.71374130249024,42.40892066955566,42.116924057006834,42.16670790464649,42.08425707977722,14158400,1.042442742920841,1.2301560615404719,0.44205572596510584,8.964177990776518
2020-01-14,41.63616180419922,42.368593788146974,42.1055394744873,42.1161797046039,42.06668471602906,12697100,0.927641670267883,1.1022894311269429,0.4230039862660881,8.947506351901623
2020-01-15,41.67847442626953,42.315724563598636,42.096396942138675,42.07449348761968,42.05146078309731,10291300,0.7551906376995793,0.8924056077268921,0.42285467500161394,8.956599227861712
2020-01-16,42.08044052124024,42.27388095855713,42.102273330688476,42.075059871774016,42.05259724341664,10689600,0.7930285066951841,0.9260505782878148,0.4325498549610657,9.04298072971371
2020-01-17,42.40485382080078,42.27024383544922,42.11980278015137,42.106468819300375,42.06641122684348,15615700,1.1657317839711787,1.3412530856456708,0.4198229327408569,9.112696331072684
2020-01-21,42.538848876953125,42.27540016174317,42.131217880249025,42.14764787241016,42.08493819351444,12857600,0.9564232910970571,1.0976248973452325,0.4175144765467177,9.141491531304748
2020-01-22,42.65167999267578,42.241877555847175,42.13930610656738,42.19565093148307,42.107163362109,8847100,0.7537863554880002,0.7627550743287668,0.3870002259042288,9.165738654019089
2020-01-23,42.67284393310547,42.23279495239258,42.16428924560547,42.24109788401854,42.129346913912784,11109000,0.9399705799108259,0.968681816667745,0.37672326982025944,9.17028673153681
2020-01-24,42.51063919067383,42.21978969573975,42.18239898681641,42.266768484652374,42.14429955221714,10182800,0.8488786295630311,0.8841739735678628,0.3807617984756206,9.135429340741743
2020-01-27,42.24970245361328,42.19338855743408,42.19933799743652,42.26514314836294,42.148432999330716,11482300,0.9439719364360606,0.990519829029806,0.39778161088090513,9.079354692860576
2020-01-28,42.80683898925781,42.18646869659424,42.22616340637207,42.316733228448165,42.17425284207296,15367500,1.2270587718632848,1.3140866843149486,0.4247144140293262,9.199081931768875
2020-01-29,41.981727600097656,42.14946041107178,42.23746391296387,42.284827930510026,42.16670283258373,13408900,1.0430051279458463,1.1390495147471866,0.4559620250661364,9.021767571471804
2020-01-30,41.86183166503906,42.099827194213866,42.243993301391605,42.244542571893746,42.15474710052315,16719600,1.2600810782090444,1.408414161842115,0.481869946055885,8.996002236867986
2020-01-31,41.91825485229492,42.065229415893555,42.252628326416016,42.21346755097957,42.14547289471029,14283600,1.065109274815806,1.1949209585000127,0.4926806518368899,9.008127437762834
2020-02-03,40.9379997253418,42.004302406311034,42.240820693969724,42.091994424728355,42.09812100571545,15566400,1.1508829727890377,1.2912743420443584,0.5173666999382256,8.797473078791334
2020-02-04,41.10725021362305,41.95637454986572,42.23267723083496,41.99820926176594,42.059263327594174,13924600,1.0339701435793252,1.1520961139695316,0.5320089172894775,8.833844582631686
2020-02-05,41.69963836669922,41.96144752502441,42.23456695556641,41.96977393842626,42.045160387951235,10271900,0.7742992267485599,0.8467734090776444,0.5396646349524762,8.961147305379432
2020-02-06,41.91825485229492,41.97361259460449,42.23887481689453,41.964867358794706,42.04018370027844,10283700,0.7920335307056728,0.8483862206970698,0.5437248702031973,9.008127437762834
2020-02-07,42.27085876464844,42.01204719543457,42.255399551391605,41.99400939744744,42.049229781234125,9418100,0.7565896629162936,0.7785512322273471,0.5476033074740279,9.083901130840621
2020-02-10,42.482421875,42.05612316131592,42.26903625488281,42.04052487150007,42.06621770647985,8270200,0.6738932569117205,0.6878293412750335,0.5479559905773279,9.12936551064106
2020-02-11,41.38934326171875,42.039903259277345,42.25788009643555,41.97850757533042,42.03967361060686,22488200,1.772292958492398,1.8286836002172804,0.6008474706514665,8.894465668492895
2020-02-12,41.06494522094727,42.011342430114745,42.23828170776367,41.891501636817736,42.001448967875106,20938000,1.5982223993105766,1.6643334097484248,0.613188520442191,8.824753346209278
2020-02-13,41.36112976074219,41.99547519683838,42.22851547241211,41.840990029572446,41.97633841073264,19460100,1.435190528676191,1.5218928558524614,0.6248247090949878,8.888402658161052
2020-02-14,41.262393951416016,41.95457286834717,42.214261856079105,41.7858856411766,41.94834058879865,9138900,0.677873949224542,0.7160035237254465,0.617067828161996,8.867184581306116
2020-02-18,40.83926773071289,41.87629356384277,42.186101837158205,41.69573155446577,41.90484753554039,12427300,0.9328201082546619,0.9672887303114366,0.6325824777143729,8.776255821705236
2020-02-19,41.057884216308594,41.80224533081055,42.158265838623045,41.63498418892699,41.87163328772738,13642800,1.0210492046207214,1.0556038973810766,0.6484499435144041,8.823235954088638
2020-02-20,40.96620941162109,41.71797180175781,42.123431549072265,41.57129135299309,41.83612646905654,16748600,1.217493389548672,1.281140042223786,0.64421866505546,8.803535269354338
2020-02-21,41.04378509521485,41.63651885986328,42.09266143798828,41.52105266177612,41.80505425831765,15704300,1.1228272627890399,1.1897303324378203,0.6413978549655848,8.820206088460395
2020-02-24,40.89567947387695,41.55577087402344,42.0558578491211,41.461493310547624,41.76939250206507,18520900,1.2858793769064647,1.381694570517533,0.6470396013505422,8.788378563293568
2020-02-25,40.28213882446289,41.45739269256592,42.00887756347656,41.349173835682414,41.71106882843361,19384900,1.3099299418688137,1.4254619630958973,0.6752483553605817,8.656530222334617
2020-02-26,40.29624938964844,41.331863212585446,41.960923233032226,41.24889531701251,41.65558571318713,16803600,1.1300161463541587,1.2208662369847576,0.6696064628963267,8.659562547269378
2020-02-27,38.82939147949219,41.17424640655518,41.888657073974606,41.018466380105814,41.544754566767715,25907200,1.6719559578177552,1.8412951837713118,0.7002836038725189,8.344338475219189
2020-02-28,38.19468688964844,40.990889167785646,41.797833633422854,40.74953500006225,41.41337936374343,45828300,2.7036419992708214,3.1055712477540864,0.7598745368039783,8.207942056742514
2020-03-02,40.423187255859375,40.91613578796387,41.747951126098634,40.718454262519124,41.374548300689156,30736200,1.729355586300955,2.0357051457649713,0.8459117387696861,8.68684117514964
2020-03-03,39.280738830566406,40.833272743225095,41.68401397705078,40.58152898328553,41.29243812539023,27500200,1.4970250246326873,1.7970810910280954,0.8868143488039859,8.441331884689589
2020-03-04,40.98735809326172,40.82727813720703,41.65504669189453,40.62017937471184,41.28047420256166,17626400,0.9499547022121811,1.1432945022442467,0.9442892402076911,8.808080067796705
2020-03-05,40.31035232543945,40.75781383514404,41.59481109619141,40.590672036685895,41.2424302073804,21249900,1.1123336660753387,1.4183014475419553,0.970029340188239,8.66259323266646
2020-03-06,40.105838775634766,40.66719303131104,41.539837951660154,40.54449744039531,41.19785799437077,22510800,1.1417966147516807,1.4767662605474168,1.022920944889854,8.618643785680142
2020-03-09,39.372406005859375,40.522270393371585,41.47187118530273,40.432869684725226,41.12627164188013,31862200,1.5290834531096655,2.02328612319679,1.1237676463797293,8.46103092988621
2020-03-10,39.8590087890625,40.391099739074704,41.413496856689456,40.37821626609068,41.0765750594167,34330900,1.5505938555546548,2.1098131085219345,1.2119200907674663,8.565600642964899
2020-03-11,38.66719436645508,40.25499229431152,41.327936019897464,40.215261799458716,40.98208954204565,21147400,0.9580471013926463,1.2792090213531377,1.2203824893944666,8.309482723961798
2020-03-12,36.10725021362305,40.00710754394531,41.19564315795898,39.8240226008077,40.790919372303584,45610600,1.9569422589492675,2.635152178758607,1.3381539780256577,7.759357170225768
2020-03-13,38.20174026489258,39.84913806915283,41.10258804321289,39.66951952119674,40.689382936718836,45744000,1.8579057863383976,2.5337220323481593,1.4189010032991487,8.209457809325476
2020-03-16,35.95915222167969,39.58397598266602,40.96956687927246,39.316151206957024,40.50388369299181,36990400,1.421950503664491,1.9924888453611602,1.5818061769142588,7.727531284596622
2020-03-17,38.300479888916016,39.45703659057617,40.892445678710935,39.21942060523883,40.41747570067511,33898000,1.2514314784227931,1.7862094178521246,1.7066300208941996,8.23067670594925
2020-03-18,38.30752182006836,39.31951847076416,40.817279968261715,39.132573101889264,40.33473241123955,38417400,1.3562540002845431,1.9757894383873011,1.8557837860300836,8.232189999225696
2020-03-19,37.81386947631836,39.16190147399902,40.741593780517576,39.00698228040632,40.235875041242636,33024900,1.133321379516248,1.666349458027343,1.9164325697490543,8.126105353332884
2020-03-20,36.530372619628906,38.93623085021973,40.63870216369629,38.77111469366561,40.090561220787194,46013800,1.5010014548823372,2.253318706172016,2.0031744145455312,7.850285110057809
2020-03-23,35.47959518432617,38.665426635742186,40.518250732421876,38.457636645157095,39.90973902327892,39225100,1.2377514979989341,1.8856165106612413,2.124119574688949,7.624475684563216
2020-03-24,35.25393295288086,38.41401634216309,40.39131134033203,38.15252200779745,39.72715839306723,40626900,1.240413388693638,1.9003116692810613,2.1678431309462973,7.575981439134533
2020-03-25,35.21867370605469,38.1601375579834,40.26140998840332,37.87310788382195,39.55035507200792,38551300,1.1392196150749576,1.7629955370964283,2.241891292189947,7.568404315757405
2020-03-26,37.75746154785156,38.106541061401366,40.18383598327637,37.86209394706287,39.480045522041,32610900,0.9542248081069123,1.4646574570206088,2.3138237395151555,8.113983431513391
2020-03-27,37.21443557739258,38.057528495788574,40.09455520629883,37.80041219757046,39.39119807323126,25363600,0.7650689422025096,1.1239416462840832,2.293372018195074,7.997288517539854
2020-03-30,38.62487030029297,37.96761264801025,40.02544380187988,37.878932016877364,39.36114600370426,20660200,0.6328119627869737,0.9074998647109136,2.253879071218542,8.300387388695194
2020-03-31,37.891448974609375,37.898148155212404,39.93517570495605,37.88012410808994,39.3035108260927,21251800,0.6572215182386718,0.9288866987959938,2.19710860454363,8.5327364295969
2020-04-01,37.32022476196289,37.714791488647464,39.83080322265625,37.82680036083974,39.22573490200917,18672600,0.5765259407495986,0.8120256649616358,2.162553176537503,8.404103036559265
2020-04-02,38.96337890625,37.64744281768799,39.75703720092773,37.9350459365931,39.215446431587246,20159400,0.6234812629953785,0.8681414141100949,2.1960510473650876,8.774123228603036
2020-04-03,38.57550811767578,37.57092628479004,39.67509048461914,37.996042334791454,39.19035081143385,17612500,0.5488693136321062,0.7542373687027443,2.1558535756475488,8.686779004584013
2020-04-06,39.98595428466797,37.60160369873047,39.624596786499026,38.18555775858922,39.22155094763911,20284400,0.643748826754085,0.8612077542493379,2.108956639791475,9.004395926521836
2020-04-07,40.18342208862305,37.61782436370849,39.583271179199215,38.37583055192577,39.25927138454044,21786000,0.7054466987192771,0.916938179022899,2.056065190917295,9.048863498231988
2020-04-08,40.76169967651367,37.72254962921143,39.54236839294433,38.603056182838905,39.318190141088415,18234200,0.5932348415097163,0.765601081789097,2.0232727628803486,9.179085233587639
2020-04-09,40.94345474243164,37.96435985565186,39.521602935791016,38.825951283752495,39.381926007807756,19689500,0.6687817554149685,0.8223676654030535,1.9228890297682586,9.220014469977128
2020-04-13,40.39459991455078,38.07400283813477,39.49225830078125,38.975346391447566,39.42163871003297,12977700,0.4667812605543452,0.5437367519236106,1.855306075340377,9.096418415691705
2020-04-14,41.44242858886719,38.34816665649414,39.48274177551269,39.21030660072562,39.500885371948044,16765600,0.6257854698299335,0.7009834238509635,1.735370455366207,9.332377877345099
2020-04-15,40.579925537109375,38.462138938903806,39.475580291748045,39.34074649942884,39.5432006725426,18372800,0.7062378940174199,0.7663832523602008,1.6280148261934442,9.138151702059378
2020-04-16,41.10028076171875,38.601776885986325,39.47544090270996,39.5083211910755,39.60426263682402,17825800,0.7134472262856982,0.7411541145532935,1.4909332215523363,9.255329959991155
2020-04-17,41.67051315307617,38.79460906982422,39.4748583984375,39.71424423507557,39.68529206883391,15054300,0.6249989620922891,0.6234424602320051,1.4518272608598461,9.383740005812628
2020-04-20,41.43528747558594,39.03985481262207,39.46519905090332,39.87815311512418,39.75391933968693,14002200,0.6226980469031421,0.5780914798327729,1.3830761558566096,9.33076977738873
2020-04-21,40.50152587890625,39.290951347351076,39.42981239318848,39.93752194977009,39.783237243185724,14234500,0.6702748670822031,0.5853542230914911,1.2873477817599217,9.120496963649506
2020-04-22,41.33549118041992,39.595029258728026,39.40687377929687,40.07066187649865,39.84410994660667,12701100,0.640159632912847,0.5204009838086545,1.2516917927667581,9.308296752304035
2020-04-23,41.05037689208984,39.88661441802979,39.400094451904295,40.16396806845972,39.89141453270405,15684400,0.8388646948001502,0.6462385131190819,1.1858523540914967,9.244092158907172
2020-04-24,41.2927360534668,40.063378143310544,39.40465026855469,40.271469781317535,39.946368317832,15371500,0.8618628157063516,0.636264813651379,1.0723991511572148,9.29866876923193
2020-04-27,41.20719909667969,40.263016319274904,39.401571655273436,40.36058685897107,39.99581266210053,16050100,0.9240376682616053,0.6662345232193945,1.030146753058893,9.279406789893446
2020-04-28,41.22145080566406,40.39284534454346,39.4007527923584,40.442573901513256,40.0438769030246,13392600,0.7875151048297233,0.5539662737675299,0.9775438473935406,9.282616117584146
2020-04-29,41.42816162109375,40.56968097686767,39.412530670166014,40.53643939861616,40.098162578243,17818100,1.0584298342715377,0.7337486579450804,0.9666018876218108,9.329165113543379
2020-04-30,40.950592041015625,40.751199340820314,39.410384826660156,40.57588250741611,40.13159118462624,17532400,1.0449975875363695,0.7196780749650021,0.943674575091206,9.221621710905742
2020-05-01,40.50864410400391,40.82846260070801,39.401233520507816,40.56947884994828,40.14637757362144,13857400,0.8417629190963262,0.5701783404812385,0.897608342469761,9.12209990943935
2020-05-04,40.08810043334961,40.9040922164917,39.38211982727051,40.52363328646269,40.14409219557157,11833600,0.7316700683405664,0.4884627021725643,0.9072425554140764,9.027398112703285
2020-05-05,40.28054428100586,40.91882171630859,39.369817123413085,40.50048195260966,40.14944325774546,10902400,0.6942298006088774,0.45287332639911204,0.8617594186105333,9.0707343448608
2020-05-06,39.6604118347168,40.89267120361328,39.35738258361816,40.4204752747151,40.13026555488159,12460400,0.8177172508519802,0.5205856609575377,0.8498427062067169,8.9310873569831
2020-05-07,39.61763381958008,40.8354679107666,39.3438102722168,40.344014183749856,40.110162349575646,14083100,0.9369697231790746,0.5897213426272165,0.8350482969791422,8.921454219744472
2020-05-08,40.629825592041016,40.81978645324707,39.37981895446777,40.371234317872826,40.13054130026056,11097900,0.7600835428239159,0.47055398585035063,0.8432461028961218,9.149388644115604
2020-05-11,40.20214080810547,40.810163497924805,39.41996803283691,40.35513017408546,40.13334912409761,12636800,0.8664927299718524,0.5513215784843578,0.8261389975539455,9.053078747423173
2020-05-12,39.53210067749024,40.714647102355954,39.40214630126953,40.27674641250496,40.10977075364242,13117700,0.9108593541416475,0.5812379472783237,0.810813257539241,8.902193099433742
2020-05-13,39.09729766845703,40.64051570892334,39.398477478027345,40.164417960690876,40.07006592677241,20604500,1.419723228214075,0.9185872538634653,0.7951309399651759,8.804280256951468
2020-05-14,39.14006423950195,40.5425048828125,39.36153160095215,40.066860463434786,40.033595272369645,15859200,1.100209438830195,0.7081487112293582,0.7926361313802183,8.813910817106834
2020-05-15,38.99749755859375,40.40885410308838,39.33527450561523,39.96501637725945,39.99296398947647,10174000,0.7179605516878318,0.45883024534655303,0.7812320559204462,8.781806372839018
2020-05-18,39.71743774414063,40.32296161651611,39.32750648498535,39.94143745981957,39.98215903867899,15735900,1.1037020827108488,0.7140257769662606,0.8004781348402957,8.943928962884678
2020-05-19,38.76228332519531,40.235999488830565,39.31530403137207,39.829137066045824,39.93432077540512,18467100,1.2763209093089298,0.8482673107467403,0.8001222710903253,8.728838721498384
2020-05-20,38.67674255371094,40.103062057495116,39.29165870666504,39.719385207728216,39.88500398239751,21405400,1.4361967831269322,0.9950507319959382,0.7680470182648691,8.709575883132143
2020-05-21,38.47004318237305,39.97404537200928,39.2877156829834,39.60040025293248,39.82951532357302,18201000,1.210973612538344,0.8484151822547399,0.7534345550033332,8.663029464256173
2020-05-22,38.56269073486328,39.8375431060791,39.3368244934082,39.50157077502113,39.77983592793734,19960000,1.3080393303048334,0.9532028954445306,0.7341889475912833,8.683892671328993
2020-05-26,38.70525360107422,39.71244583129883,39.34689476013184,39.42573104416904,39.73769544453095,20830500,1.3440332935445365,1.0190220382319282,0.7363274830403249,8.715996256569053
2020-05-27,39.30400466918945,39.6165735244751,39.41379180908203,39.41413805607575,39.720687963145004,17063800,1.0881095978462014,0.8513542248848808,0.7420296928526959,8.850828393882948
2020-05-28,39.71743774414063,39.53103733062744,39.442130966186525,39.44302374065336,39.7205605035762,15427900,0.9913478189628306,0.7841880876238785,0.7331200558927474,8.943928962884678
2020-05-29,40.900691986083984,39.52854232788086,39.493994369506844,39.58184928783723,39.7668401695569,34227800,2.087402087658227,1.747213823917306,0.8040444972958849,9.210384768849517
2020-06-01,39.76020431518555,39.49112033843994,39.53292106628418,39.59883548091802,39.76657993997371,18156100,1.0929341019626775,0.9410935492425161,0.8172313245933317,8.953559523040042
2020-06-02,40.20214080810547,39.496822357177734,39.606356430053715,39.65629313112635,39.78366075833182,17300400,1.0245656134711274,0.9242511922030476,0.806182806363713,9.053078747423173
2020-06-03,40.50864410400391,39.50822734832764,39.70693740844727,39.737469414257546,39.81209147776994,16086700,0.9382839471536868,0.8811964819408048,0.7969164162081697,9.12209990943935
2020-06-04,40.78664779663086,39.56453914642334,39.81759170532227,39.83739116495977,39.85030937262723,16147300,0.9317996174654795,0.908891446593727,0.7876500278720229,9.184703275101874
2020-06-05,41.15730285644531,39.641522598266604,39.93636428833008,39.96309704033935,39.90156401905147,17105600,0.9785655607347251,0.9866520266984845,0.7901447059151916,9.268170706864975
2020-06-08,41.40678024291992,39.68037033081055,40.00935066223145,40.100590678680355,39.960592106262,14963000,0.8466331155595075,0.8810027475180251,0.7716113483554246,9.324350262979573
2020-06-09,41.24283218383789,39.73240489959717,40.089918594360356,40.20937558393345,40.010876030872815,14530800,0.8177964778156075,0.8666102079034317,0.771611306515285,9.287430968147952
2020-06-10,41.37826919555664,39.82471332550049,40.14498657226563,40.32069878504042,40.064499292232966,13649100,0.767027230700196,0.8208909533535997,0.7441683450509732,9.317929889542663
2020-06-11,40.23777770996094,39.881737327575685,40.19191314697266,40.312801539794755,40.07129452430073,23412500,1.3053934984294855,1.4044360804472984,0.7676911804738478,9.061103784705434
2020-06-12,40.2948112487793,39.93947467803955,40.25140487670899,40.31108817874566,40.080059886044985,17129000,0.9516801079189352,1.0294167139436714,0.7655527245700291,9.07394710866252
2020-06-15,40.02393341064453,39.99079647064209,40.27261596679688,40.283740105593175,40.07785884779398,14826800,0.8132591497002276,0.8968074988562178,0.7855110088285183,9.012948406845341
2020-06-16,40.57279968261719,40.03356456756592,40.31256179809571,40.31126958911927,40.09726829229685,15021300,0.8255455094788,0.9114289119063088,0.7741061677652883,9.136547038214028
2020-06-17,40.38034057617188,40.11446743011474,40.32044952392579,40.31784777836238,40.108369166174306,10652100,0.5982694046090238,0.6539685486565345,0.7477325082351964,9.093207369945498
2020-06-18,40.551414489746094,40.208201026916505,40.32780937194825,40.34009222706559,40.12574349258889,9019500,0.5248301481010802,0.5625560872067654,0.7384659787062752,9.131731328622468
2020-06-19,40.03106689453125,40.28625221252442,40.313196716308596,40.3106612430147,40.12203068482192,28868200,1.6292302239639889,1.776969579978712,0.7630577888028004,9.014554788746201
2020-06-22,39.6746711730957,40.341851234436035,40.28782104492188,40.25009076016527,40.10448717455815,12333900,0.7113954254953753,0.7661456535820799,0.7641268183378755,8.934298402729311
2020-06-23,39.16144561767578,40.364660835266115,40.26315795898438,40.14641027040437,40.067505152719626,20716400,1.1952750735493087,1.2745879172432124,0.7566421951469551,8.81872566767064
2020-06-24,38.44151306152344,40.321536254882815,40.20313964843751,39.9840391076538,40.003740756986446,24794600,1.3993661973818252,1.510577257571133,0.7766009233404028,8.65660479568049
2020-06-25,38.69100189208984,40.27021446228027,40.165361175537114,39.86089270617152,39.9522608015003,17122500,0.9617663810622596,1.044756648734296,0.7908566509924164,8.712786928878351
2020-06-26,37.89265060424805,40.119812393188475,40.1012085723877,39.6734410774169,39.87149177415708,30211900,1.716352641985731,1.8159784755467818,0.7384660948519798,8.53300702333956
2020-06-29,38.983245849609375,40.08096446990967,40.047463226318364,39.60770819857809,39.83665860064541,15930300,0.9107663070836903,0.9565319937414083,0.7356151313761522,8.778597045148317
2020-06-30,39.29688262939453,40.03570156097412,40.004695129394534,39.578105763417746,39.815490915498316,17414800,0.9953125754601623,1.0414006823629847,0.735971612070372,8.499785373116886
2020-07-01,38.9689826965332,39.95871849060059,39.974044265747075,39.520094042762075,39.78229451475459,12831600,0.7402535816767681,0.7686161004694982,0.7384664129672661,8.428861705215148
2020-07-02,39.05452346801758,39.87211227416992,39.92842491149903,39.4757539880245,39.75375447370608,15814500,0.9132134001485209,0.9437724208984496,0.734189737461346,8.447363890366194
2020-07-06,39.37528991699219,39.78301162719727,39.89492317199708,39.46618598125952,39.738912726383965,11231100,0.6597333892553878,0.6738273762147954,0.7199339447343653,8.516744609363524
2020-07-07,39.23273086547852,39.674309158325194,39.85372306823731,39.443952160708946,39.719062457328846,13319700,0.7862158848699026,0.8011085378561781,0.7056779487535465,8.485909559359968
2020-07-08,39.4750862121582,39.58592185974121,39.81908081054688,39.44691730846601,39.7094947614398,15320800,0.902230312295544,0.9222730556224417,0.7006882115625735,8.53833021700429
2020-07-09,38.88041305541992,39.461029052734375,39.772260055542,39.392964522461625,39.676981753360586,17618400,1.0255481898623913,1.0552141536593622,0.7183802399110366,8.409704385609501
2020-07-10,39.27686309814453,39.41298332214355,39.729234085083014,39.38190724395523,39.66129082570505,15652200,0.9321513053048331,0.939891545155471,0.686243662762869,8.49545521490815
2020-07-13,39.248023986816406,39.36064395904541,39.695182723999025,39.36915645756106,39.64508428300354,15285100,0.9153146377225133,0.9203316520004634,0.6725961472440278,8.489217410781235
2020-07-14,39.96162033081055,39.35752830505371,39.68424224853516,39.42558158834673,39.65749746134891,15683600,0.9367747523089214,0.9422535935599253,0.6774252554896811,8.643565933135884
2020-07-15,39.68772506713867,39.31327457427979,39.67623474121094,39.450547633945966,39.65868285765439,13903600,0.8332374459434839,0.8332406418342945,0.6609541385791651,8.584323296057521
2020-07-16,40.20670318603516,39.30459270477295,39.67475791931153,39.52256244843065,39.68017385092423,13477400,0.8009149306447985,0.80521334025106,0.6759950030880002,8.696576541831895
2020-07-17,40.58152389526367,39.30609817504883,39.693180160522466,39.6234159195576,39.71552091148656,13506300,0.7920726466842738,0.8059327650040331,0.6845204190887078,8.777649018035355
2020-07-20,40.27157211303711,39.31812343597412,39.706258926391605,39.685145080841366,39.73732684095913,10572900,0.6551928849581213,0.6335482332328044,0.6551953346986451,8.71060747558562
2020-07-21,40.24995422363281,39.34688758850098,39.698661499023444,39.738936427773886,39.757429875573784,12619700,0.7813392919609915,0.7548197463147233,0.6572576155788866,8.705931597809531
2020-07-22,40.18507766723633,39.398069190979,39.69832023620606,39.78142606962746,39.774200377207606,11223500,0.7159339721785003,0.6724459814410062,0.644659395405095,8.691899013843074
2020-07-23,40.25716018676758,39.48885154724121,39.712821426391606,39.82673408078366,39.793139977582506,16718700,1.094662255376015,0.9973822645440021,0.6167796808968944,8.707490223734894
2020-07-24,40.97796249389648,39.603199577331544,39.750434722900394,39.936374882032496,39.839603605673254,17981700,1.1740551806000175,1.076096143870626,0.6413467620844745,8.863397372014903
2020-07-27,40.99238204956055,39.758186149597165,39.78748107910157,40.03694699322565,39.88481060347275,12306700,0.8534093170686717,0.739626496041787,0.6199339670959692,8.866516274078363
2020-07-28,41.43208312988281,39.88062801361084,39.83617279052735,40.16981710147871,39.945487957449615,13454700,0.941095416123132,0.8054445554445554,0.5946053781778723,8.961622159354649
2020-07-29,41.41046142578125,39.98630695343017,39.870033264160156,40.28797370379324,40.002937897384186,9341800,0.6724008867647482,0.5635464395252017,0.5805613705828385,8.956945456472194
2020-07-30,41.30233383178711,40.10297451019287,39.92083427429199,40.38457943026884,40.05389460069411,12635800,0.9101366306980778,0.7676586768795967,0.5653641549560184,8.933557816528097
2020-07-31,41.43208312988281,40.221852493286136,39.97594108581543,40.484341687374936,40.1079412096819,16202900,1.1654389789704687,0.9906316469727252,0.5696245494720461,8.961622159354649
2020-08-03,41.25908660888672,40.31604232788086,40.031721954345706,40.558126917995104,40.15308416651346,13493400,0.9627178188841352,0.8297514607386629,0.5738449619403614,8.924203585656825
2020-08-04,41.74202728271485,40.44150714874267,40.09530868530273,40.6708793336827,40.21539566126645,11601000,0.8328062937499686,0.7207918981027286,0.5895543453641899,9.028662051591654
2020-08-05,41.47533416748047,40.54151954650879,40.15071029663086,40.74749407975868,40.26480501445131,9809300,0.718396623514631,0.6179330284142228,0.5955689553925833,8.970977215332287
2020-08-06,41.68436813354492,40.68171730041504,40.19831756591797,40.83672018011927,40.320474156376555,10369900,0.7801604121573787,0.6588038902967226,0.5770078830406564,9.016190568869655
2020-08-07,42.188926696777344,40.82732048034668,40.247747344970705,40.965501753134326,40.393746805019724,12783900,0.9722635764505637,0.8149039344155288,0.5827742081608391,9.125324912580568
2020-08-10,42.5204963684082,40.99094409942627,40.28014343261719,41.113596478398506,40.47714874868202,12114500,0.932597334963297,0.7946357413899976,0.5845762025651254,9.197042332806392
2020-08-11,42.17450714111328,41.10158843994141,40.32842948913574,41.214635589133245,40.543711822895006,12833100,0.998876049422691,0.8476909469584626,0.5838553834610224,9.122206010517113
2020-08-12,42.239383697509766,41.22917137145996,40.36917434692383,41.31223064707387,40.61020875915442,10802100,0.8510639974189411,0.7197118194482163,0.5752059395084224,9.13623859448357
2020-08-13,42.18172073364258,41.32792224884033,40.4026358795166,41.39503922674708,40.67183667972258,7428600,0.599562954877008,0.5007225109165272,0.5514191237775634,9.123766286655206
2020-08-14,42.37633895874024,41.41766300201416,40.43442970275879,41.48849634407976,40.738679906350725,8715900,0.7173282098151476,0.5934377666874967,0.5467338343617613,9.165861563235485
2020-08-17,42.3691291809082,41.52254085540771,40.458666229248045,41.57236613806342,40.80261909358827,8371900,0.6953142551506567,0.5768766976790978,0.537363190696842,9.164302112203755
2020-08-18,42.657447814941406,41.64291553497314,40.483679580688474,41.67570725014704,40.8753574748178,10130600,0.8501678415575696,0.7027422388693748,0.53700284258444,9.226664476451939
2020-08-19,42.56374740600586,41.76184902191162,40.510097885131835,41.760282503085975,40.9415688446683,10816300,0.9092659159154111,0.7541947082046103,0.5344798869815215,9.206397388784032
2020-08-20,42.49887847900391,41.87393493652344,40.53251007080078,41.83062497698292,41.00263981072068,8061500,0.7032761686083132,0.5665235629247697,0.5276322559034557,9.192366455030307
2020-08-21,42.5204963684082,41.95106163024902,40.578164443969726,41.896327014261516,41.06216359729666,11059300,0.9948401768156983,0.7909270208498984,0.48366320355775194,9.197042332806392
2020-08-24,42.93856430053711,42.04837074279785,40.631039505004885,41.99558770819253,41.13574793860021,10931500,0.9894640610432752,0.7887793103507992,0.47645497277973375,9.287469039881127
2020-08-25,42.830448150634766,42.11828899383545,40.687169799804686,42.07509822652036,41.202206770444704,11316800,1.0343473931325322,0.8207385893055081,0.46708401446737147,9.264083875256128
2020-08-26,42.859283447265625,42.19073009490967,40.73289947509765,42.149782533258005,41.26719016953572,15096400,1.34444351923881,1.09473071106735,0.46960683282653515,9.270320854276676
2020-08-27,42.8376579284668,42.267496299743655,40.78204582214355,42.215294475658844,41.328777140474195,11405300,1.0213204551539732,0.8261643758019669,0.47176930850787,9.265643326287856
2020-08-28,42.715118408203125,42.33164806365967,40.825319900512696,42.26289675494878,41.38314346469886,11873900,1.0842991719296196,0.8565661608069709,0.46311971066179963,9.239138434493034
2020-08-31,42.72232437133789,42.40480995178223,40.87914505004883,42.306651766033454,41.43566036299843,14555500,1.3227625020844949,1.072152856122987,0.45122630143074005,9.240697060418398
2020-09-01,42.64303970336914,42.44986057281494,40.9385124206543,42.33868871244638,41.48300857242473,13358400,1.2043562165882975,0.9824920424057875,0.4353685619267953,9.22354804970758
2020-09-02,43.63053894042969,42.5576208114624,41.027894287109376,42.4617220674924,41.567225449601395,21711900,1.857803611148071,1.5945455597665044,0.469967467888155,9.437140859353322
2020-09-03,43.68820571899414,42.657812690734865,41.13282814025879,42.57853003430209,41.65040114644033,23126800,1.8764579450550967,1.7026282853566959,0.49303331499299147,9.449613992288052
2020-09-04,43.5944938659668,42.72809104919433,41.230897979736326,42.67528849446064,41.72664007661784,22250100,1.7385579956899584,1.6258094668011929,0.5124951681969833,9.429344429301045
2020-09-08,43.21968078613281,42.76305027008057,41.33743858337402,42.72713537938179,41.78519069267725,18469700,1.4082044682054746,1.3731396146582024,0.5305153834174888,9.348273603310316
2020-09-09,43.27734375,42.818192100524904,41.423320541381834,42.77953617658353,41.84370649884677,15896200,1.1980011960266592,1.1818713212896392,0.5099721973058837,9.360745911138679
2020-09-10,42.90973663330078,42.85170974731445,41.49557762145996,42.79193622008041,41.88551160215869,15811200,1.1695202224360715,1.1783614700124923,0.5236672789302649,9.28123371107331
2020-09-11,43.09715270996094,42.89748134613037,41.57814102172851,42.82100445721189,41.933026939719554,13924800,1.0058219326504962,1.0360854588953512,0.530514913678126,9.321771186834592
2020-09-14,43.47917556762695,42.952623176574704,41.6666340637207,42.883687420108565,41.993660219245335,11932500,0.852015311641603,0.8930056162999774,0.5413267741406876,9.40440146385705
2020-09-15,43.680999755859375,43.01821670532227,41.752748260498045,42.959621928275304,42.05983039715177,9444300,0.6717785847147486,0.7086887857989402,0.563671801815617,9.44805536636269
2020-09-16,43.51521301269531,43.061104965209964,41.838397903442385,43.01253536488673,42.11690422521231,12699000,0.8951108297907884,0.9538060157301758,0.5607885038372704,9.412196243696595
2020-09-17,43.673789978027344,43.116607093811034,41.92237197875976,43.07551199470965,42.17795856845996,14996200,1.041687433336818,1.1268953170594467,0.5744840408069394,9.44649591533096
2020-09-18,43.50080490112305,43.166703414916995,42.014779815673826,43.116016081034736,42.229834895231065,22584500,1.4934650777019107,1.6845483110211208,0.5849356638640757,9.409079816952236
2020-09-21,42.9674072265625,43.18904895782471,42.088590698242186,43.101862856799286,42.258759300381314,15871400,1.0331045992858081,1.1834399826652893,0.6148491965914065,9.293707669114408
2020-09-22,43.11876678466797,43.19805908203125,42.16600555419922,43.103472754691545,42.29248508407883,12198900,0.7907915045776047,0.9138082738268153,0.62313845797337,9.326446239504312
2020-09-23,42.46282577514648,43.179677963256836,42.21602966308594,43.04245875663963,42.29916511117952,15416200,0.9862479815957357,1.1552760493908576,0.6490876008185623,9.184568374765295
2020-09-24,42.66465759277344,43.16994667053223,42.27556831359863,43.00647769341428,42.3134981496734,10875300,0.705267571135216,0.818701009153841,0.6602601793310235,9.228223927483668
2020-09-25,42.80881881713867,43.16850471496582,42.327610626220704,42.987653038530894,42.332922489573996,10676300,0.6940028231262336,0.8071240836004645,0.6696306279195963,9.259405522160943
2020-09-28,42.78719329833984,43.17210845947265,42.37172401428223,42.96856163470318,42.350737031094226,11910500,0.7741387418076193,0.9026069620131337,0.6699909366250896,9.254727994172121
2020-09-29,42.70070266723633,43.17102737426758,42.42030662536621,42.943051256849195,42.36446117368803,10005900,0.6601066565158146,0.7589238919001244,0.6689099057963667,9.236020357535944
2020-09-30,42.88090133666992,43.18292045593262,42.47292556762695,42.937132216832126,42.38471372909908,16348400,1.067998997877185,1.2330132967289895,0.673955540729764,9.701370621394299
2020-10-01,42.85206604003906,43.14399681091309,42.52626533508301,42.92903067618517,42.40304127070457,14547100,0.9730980084974077,1.0916843447222337,0.6317881701770727,9.694846926908554
2020-10-02,42.70070266723633,43.094621658325195,42.57513618469238,42.907285151523375,42.414714266646996,10741800,0.7496014484283513,0.8134132232769244,0.6065598454086242,9.66060249331947
2020-10-05,43.00343704223633,43.06506881713867,42.61564567565918,42.91644247444842,42.437801434317166,10457400,0.7610706545233829,0.8010050747019536,0.5762856940832535,9.729093086571055
2020-10-06,42.859283447265625,43.04704895019531,42.65298370361328,42.910998757573864,42.4543301407073,12524900,0.9316945297006503,0.9590487140910917,0.5568238336187956,9.696479792362585
2020-10-07,42.9674072265625,43.031552124023435,42.68369018554687,42.91637099271564,42.474450810740834,13674700,1.025700069719132,1.0467378111883916,0.5492553971239704,9.720941704851533
2020-10-08,43.118927001953125,43.04201164245605,42.717859497070314,42.93566204121445,42.4997243868668,14266400,1.0763174919321832,1.0838584827136029,0.5466637345378427,9.755221522945698
2020-10-09,43.22090911865234,43.04819946289062,42.75623100280762,42.96282842954187,42.52800614105447,9846200,0.754446342568843,0.7512276822159347,0.541794608662882,9.77829394633264
2020-10-12,43.38117980957031,43.04329967498779,42.79521293640137,43.00267141811601,42.56146393197666,20211200,1.50103640372734,1.5326635109272193,0.5254196635010242,9.814553570637985
2020-10-13,43.242767333984375,43.02138805389404,42.83488655090332,43.025537695817754,42.58818171244755,22109600,1.5682686206895329,1.6549966457828411,0.52106835602595,9.783239146677042
2020-10-14,42.56526947021485,42.97389087677002,42.85135139465332,42.98170262671272,42.58728319314431,16591900,1.1608620880251093,1.232762617466818,0.5402430081490696,9.629962101028507
2020-10-15,42.36858749389648,42.908630752563475,42.869216461181644,42.92331070930165,42.578706891213024,13644500,0.9591811126135357,1.008028768695574,0.5340275932878488,9.585464791332708
2020-10-16,42.28844833374024,42.848012924194336,42.88129806518555,42.86284762591485,42.56732420268468,13364200,0.9709433353627615,0.9829718344977938,0.5208539726371001,9.567334116143329
2020-10-19,41.74208831787109,42.786746978759766,42.87236129760742,42.7561086441964,42.53496201112337,16075100,1.1670335932976752,1.1766687401283047,0.5169934285217263,9.443725683451062
2020-10-20,41.705665588378906,42.71609191894531,42.85606468200684,42.65606644840426,42.50244058278045,18696200,1.3260478084202,1.355468156409028,0.519505102404582,9.435485408950482
2020-10-21,41.3414306640625,42.66002216339111,42.83940315246582,42.53086304037171,42.456910782046414,21498300,1.492595965020504,1.5392792109560667,0.5101655922982207,9.353080937871251
2020-10-22,41.763946533203125,42.6149866104126,42.82989440917969,42.45782337302232,42.429735713464325,16636100,1.132374967965811,1.181276748273398,0.5192566513140164,9.448670883795463
2020-10-23,42.22289276123047,42.585690307617185,42.83071784973144,42.43544902904215,42.42162422514143,12879600,0.8701550518528528,0.9075143677796464,0.5195024308690389,9.552502830293674
2020-10-26,42.113616943359375,42.552011489868164,42.825463409423826,42.40479835421522,42.4095455082088,15196800,1.0154341744836481,1.0610964132276761,0.533217498122671,9.527780280718511
2020-10-27,41.80036926269531,42.506994819641115,42.81408821105957,42.34723367883237,42.38565624367886,12253000,0.8126317716274588,0.8509375243933571,0.5388305569006061,9.456911158296045
2020-10-28,41.02088928222656,42.413994216918944,42.781357040405275,42.22091516486991,42.33213597068073,18720200,1.2318546848143948,1.2847394079446008,0.5609385587641246,9.280561689260564
2020-10-29,41.34870529174805,42.338826179504395,42.75705619812012,42.13784755790592,42.29357006170297,19146100,1.2411006624225127,1.2991152003691189,0.5873827272746837,9.354726748875922
2020-10-30,41.51626586914063,42.27960433959961,42.73740394592285,42.07864930183304,42.263087544347584,17632800,1.118033689128199,1.1810927103655608,0.5970219317077252,9.392635636332777
2020-11-02,42.03348159790039,42.23110656738281,42.727663650512696,42.074347615744216,42.25408338958495,16086400,1.0020987110587558,1.0703026154495532,0.6198349722299341,9.509650468565841
2020-11-03,42.06990432739258,42.19163761138916,42.71029045104981,42.073924445425014,42.24686068126368,10693500,0.6699709419252008,0.7117134313672245,0.6284582353562428,9.517890743066422
2020-11-04,41.68380355834961,42.12745742797851,42.6873575592041,42.03677007522735,42.22478000977686,20785700,1.2738919474476746,1.3661872388409233,0.6538134086894793,9.430539345569372
2020-11-05,42.36130142211914,42.089576148986815,42.677397918701175,42.06767782255038,42.23013379065303,20156400,1.2134229997971246,1.316071092545855,0.6898737983244423,9.583816391217908
2020-11-06,42.638126373291016,42.06043701171875,42.673407287597655,42.122006255954254,42.246133499776086,11986200,0.7169556034475024,0.782021300166684,0.7000726613101108,9.646445239139796
2020-11-09,43.59243774414063,42.07099990844726,42.690953674316404,42.26204735006724,42.29892974465312,24265900,1.4340764467663558,1.5579988088637182,0.75543740828995,9.862348543600092
2020-11-10,44.51032257080078,42.13437767028809,42.72671363830566,42.47616879966091,42.38565103195303,22051800,1.303449248095302,1.4023428979514747,0.7809340670112472,10.070010710523094
2020-11-11,44.43748092651367,42.22798824310303,42.762602462768555,42.662960430789745,42.46611494938678,12196900,0.7304283044636021,0.776786521748545,0.7718278961864403,10.053531024558643
2020-11-12,44.28449630737305,42.32378368377685,42.77568161010742,42.81739241903578,42.537424022248985,13293300,0.7969257930935256,0.8557899355761095,0.7703713367755356,10.0189198003681
2020-11-13,44.48118591308594,42.43342056274414,42.791541213989255,42.97584894227865,42.61364997875239,10652800,0.643862206186645,0.6969954242009625,0.7845765987897533,10.063418836137314
2020-11-16,44.35734939575195,42.56418361663818,42.80679832458496,43.10742041403802,42.682030348046496,14289400,0.8683466750770393,0.9447740824033629,0.7681857022651635,10.03540207544268
2020-11-17,44.25536346435547,42.69166851043701,42.82751197814942,43.21674832359206,42.74372968594096,11698200,0.7263269458467885,0.7804396272420411,0.7590796652908225,10.012328789019026
2020-11-18,43.94211196899414,42.821702575683595,42.840807342529295,43.285830575535115,42.79072506959011,11698800,0.7491549529825029,0.7848753892576169,0.752887620562371,9.941458803559849
2020-11-19,43.86197662353516,42.92660408020019,42.859852142333985,43.34070162772559,42.8327349344507,12663000,0.8213479108588122,0.8531678175639785,0.7306687201427706,9.923328991407178
2020-11-20,43.73813247680664,43.002366065979004,42.8726717376709,43.378552184780936,42.86824072042544,14225400,0.9186787156037955,0.958046230609959,0.7211983091269442,9.895310504639125
2020-11-23,43.87654495239258,43.09051246643067,42.88061912536621,43.42598006741061,42.907782062855524,11601400,0.7580206548769476,0.7816747948789231,0.6993436175773013,9.926624928600068
2020-11-24,44.17522811889648,43.209255409240725,42.89050369262695,43.49733702469498,42.95748582975909,15481400,1.0009776106471628,1.0346825228785848,0.7004366949479653,9.994198976866354
2020-11-25,44.00767135620117,43.358594512939455,42.90035285949707,43.54594029436223,42.99866957589407,10604300,0.7041141105349529,0.7107168157784857,0.6694759172202257,9.956290952446212
2020-11-27,44.13151931762695,43.4977352142334,42.90950744628906,43.60170972514935,43.04309505596203,5763700,0.4004971036451372,0.3911326880167645,0.6345089762489696,9.984310302250973
2020-11-30,44.00767135620117,43.62230548858643,42.91964477539062,43.64037273763047,43.08092157754003,21839100,1.4956566641646714,1.483532518008952,0.623945932614436,9.956290952446212
2020-12-01,44.13151931762695,43.72720737457276,42.942927017211915,43.687148602392035,43.12212148891599,14282600,0.9842269815160263,0.9723174166444055,0.6028203287294811,9.984310302250973
2020-12-02,44.6997299194336,43.8586986541748,42.97454627990723,43.783584918300754,43.18398848619119,14169900,0.9649030221357261,0.9620633410135996,0.6210320000469401,10.11286220921422
2020-12-03,44.9765625,44.02333660125733,43.024821014404296,43.89720183084354,43.25428550634056,11937200,0.8381167158198637,0.8143214483641398,0.6035485710090391,10.175492783209526
2020-12-04,44.8381462097168,44.14717884063721,43.06829078674316,43.986815581212426,43.31639769078669,10495800,0.7627842008509538,0.7163641967784019,0.559110639000075,10.144177496211872
2020-12-07,44.69244003295898,44.249894523620604,43.10596321105957,44.0540179099502,43.370360135577755,12537500,0.9093434449664984,0.8535467035566772,0.5510972744723037,10.11121294606271
2020-12-08,44.76529693603516,44.30853748321533,43.14552528381348,44.12175876957733,43.42506353951726,13421100,1.0132818127046972,0.9118262872783754,0.5062955671519014,10.127696084174003
2020-12-09,44.7725830078125,44.32165050506592,43.186962890625,44.183742030361635,43.47790744023472,14949500,1.1597691710631406,1.0088883675937188,0.47569940996677823,10.1293444842888
2020-12-10,44.08052444458008,44.30380268096924,43.2109553527832,44.173911784096724,43.50153947962082,15464400,1.184699205726613,1.044883843462287,0.4848053952845124,9.972773227520793
2020-12-11,43.963966369628906,44.287776184082034,43.233193359375,44.15391698271883,43.51967386746427,13673000,1.0459421262696096,0.9249367771584924,0.48079871735041096,9.94640314086754
2020-12-14,43.69442367553711,44.24843807220459,43.25306777954101,44.110155715368194,43.52652680111419,15706500,1.178714472150699,1.0554077476262145,0.49828243774498093,9.885421830023743
2020-12-15,44.10966491699219,44.2360538482666,43.27519233703613,44.110108972665714,43.54939496252117,15876000,1.1843836818248281,1.0590850161884706,0.4986467571964347,9.979365964943284
2020-12-16,43.64342498779297,44.20545692443848,43.29087516784668,44.06566287886831,43.553082414492614,17165900,1.2550167881223806,1.1380869658382304,0.5066606675435381,9.873883892256853
2020-12-17,43.71628189086914,44.19416542053223,43.30585266113281,44.03238849905886,43.55948239395836,12095500,0.8830340364704629,0.8036057985850479,0.49536912682622153,9.890367030368143
2020-12-18,44.04409408569336,44.203271293640135,43.32435600280762,44.033503316833574,43.5784867740264,31909400,2.1766332559798856,2.071447925832071,0.5117600252968455,9.964531226946793
2020-12-21,43.33746337890625,44.183237838745114,43.3266870880127,43.96721379893573,43.569034876178556,18567500,1.2480603559097767,1.1918425143881244,0.5408995193761456,9.804663169949185
2020-12-22,42.97322463989258,44.138071823120114,43.31852798461914,43.87254816474115,43.54566976887322,12951500,0.8666346818480801,0.8391741512979516,0.5496412351068383,9.722257835833245
2020-12-23,42.95137786865234,44.07687931060791,43.3127001953125,43.78481766035174,43.52236420415868,14012100,0.9422353722398272,0.9175220846749237,0.5430846189405013,9.717315224598972
2020-12-24,42.863956451416016,44.019693565368655,43.31867393493653,43.69711659283405,43.49654429228642,7751100,0.5262666544001701,0.5134926723401211,0.5430846201711009,9.697537012331502
2020-12-28,42.9659423828125,43.96141471862793,43.330621032714845,43.62748095378438,43.47573637426783,15355600,1.0097014346340032,1.014972355890463,0.5503691232468622,9.720610298755155
2020-12-29,42.84210586547852,43.9031364440918,43.34169418334961,43.55268332632668,43.450888119021194,15686100,1.0527294215394074,1.0336449755922696,0.5572898061292957,9.692593538060521
2020-12-30,42.3540153503418,43.814261245727536,43.35393272399902,43.43852447147098,43.407873500641614,18259800,1.2093167418027495,1.1997860073457145,0.5660315256208811,9.582167991103109
2020-12-31,42.79839324951172,43.719194412231445,43.37578727722168,43.37755959318915,43.3839723143228,12906300,0.8583547983551575,0.8545285384445479,0.5445415392391606,9.958482379612244
2021-01-04,42.87124633789063,43.613928604125974,43.40638359069824,43.32933928316072,43.36386541328624,19129800,1.2425401345308955,1.2705726324162399,0.5416276799612533,9.975434095362226
2021-01-05,42.674560546875,43.50574932098389,43.42459587097168,43.26697940351446,43.336833849897566,16220000,1.0343114654892607,1.0779038743666485,0.5452701840124288,9.929668545876988
2021-01-06,43.1917724609375,43.43071594238281,43.44397346496582,43.25981683755475,43.33114516797756,22678500,1.4008603383289127,1.4877291618532034,0.5627537679014534,10.050015253817378
2021-01-07,43.09457778930664,43.34717998504639,43.46359268188476,43.244079785340645,43.321868015872816,19079900,1.1583288408394408,1.2453134068220035,0.5579194201880497,10.027399651890798
2021-01-08,42.55710220336914,43.23640594482422,43.47872734069824,43.178653348962406,43.2918771996962,28411600,1.6571337749580417,1.816071758216415,0.574033651086981,9.902337920698555
2021-01-11,42.3067512512207,43.14771728515625,43.50444458007812,43.09561505393939,43.25324480955991,15688000,0.9144213420159062,1.0066804877754543,0.5608531472891951,9.8440853706284
2021-01-12,42.15950393676758,43.057494163513184,43.52066055297851,43.006461614208746,43.210353010626875,22699300,1.2891821221841577,1.4499753304959784,0.5688020940830896,9.809823341727505
2021-01-13,42.01225662231445,42.97338581085205,43.530580368041996,42.911775424504526,43.16336883853619,16985400,0.9611766766366003,1.0858836026678929,0.5358038082340517,9.775561312826609
2021-01-14,41.99752426147461,42.86777877807617,43.529861221313475,42.82470388516835,43.11764944335731,18341100,1.0307046135033313,1.169183447650178,0.5361040561660146,9.772133334701861
2021-01-15,42.247859954833984,42.798000526428225,43.5334203338623,42.76976636799365,43.08354005165051,15785300,0.8905323290658925,0.9997695855161379,0.5331333721862606,9.830382334302701
2021-01-19,42.0048828125,42.71243057250977,43.539841918945314,42.69692031508949,43.04123976776226,18821300,1.0420396877861675,1.195029730819415,0.5355528313884055,9.773845548529577
2021-01-20,42.15950393676758,42.618201065063474,43.53580596923828,42.64573780286836,43.00666189203697,19923100,1.140896879141872,1.2653617177381697,0.5263672651842889,9.809823341727505
2021-01-21,42.166873931884766,42.559671592712405,43.526380920410155,42.60013171991754,42.973729030854535,13601500,0.7901249915404954,0.8620935534556314,0.5003210049304695,9.811538218407208
2021-01-22,42.31411743164063,42.526716232299805,43.500814514160155,42.57289226389117,42.947861909316735,16364500,0.9412991590746399,1.0477127536499484,0.5116110044730953,9.845799359690776
2021-01-25,43.01359558105469,42.52982711791992,43.47087997436523,42.61486400838293,42.95043970036528,22444300,1.260446603441135,1.4362410661675682,0.5504178578183986,10.008556423612635
2021-01-26,41.65147018432617,42.46920280456543,43.41515975952149,42.52311221561562,42.899499719344135,37892700,1.961959137306902,2.347601404321955,0.6094804759751448,9.691612241080783
2021-01-27,40.59123229980469,42.35046730041504,43.34129447937012,42.33912365220505,42.80897942838181,37239000,1.8247367744069385,2.2406215376684226,0.6601224281321233,9.444912318734398
2021-01-28,40.7679328918457,42.2467586517334,43.26702941894531,42.18948643693273,42.728938387733336,24000800,1.152576330424936,1.4212672046062682,0.6872306643615336,9.486027641032802
2021-01-29,40.31143569946289,42.144629669189456,43.18611114501953,42.010624461935606,42.634134360742344,26231200,1.236027590002535,1.531682897402728,0.6879421842101273,9.379808250501393
2021-02-01,39.96538543701172,42.00297927856445,43.10031158447266,41.81583979289523,42.529477540203885,20541100,0.9508042984791649,1.187168676885249,0.6981861566977706,9.299288044497644
2021-02-02,40.12736511230469,41.86578521728516,43.02401664733887,41.655032680458035,42.43527705283529,18974500,0.878605473983679,1.087481681397011,0.709138987217609,9.336978051523287
2021-02-03,40.34088516235352,41.749101448059086,42.953594818115235,41.52987577397189,42.35314403752228,13909300,0.6475278646519513,0.7960436869700263,0.7101209377717563,9.386660656281574
2021-02-04,40.59858703613281,41.61944217681885,42.89080390930176,41.4411816084634,42.284337880605044,14761700,0.700111644513246,0.8443091366720732,0.702411727005072,9.446623644944784
2021-02-05,40.73111343383789,41.50126895904542,42.82789527893066,41.37355606802288,42.223427117986716,12069500,0.5821042082041993,0.689956808172171,0.6972576883520407,9.47746035857292
2021-02-08,40.53232192993164,41.40002994537354,42.75503715515137,41.29343853106181,42.15710926747475,17887700,0.8851762897635177,1.0197505878999502,0.679955511078645,9.431204844322053
2021-02-09,40.49550247192383,41.309467506408694,42.68479377746582,41.21744462066771,42.09194821666884,19605600,0.9608730076463154,1.1063311693808053,0.6748015631052617,9.422637561862171
2021-02-10,40.46604919433594,41.224794769287115,42.611484375,41.14588315149326,42.028187470695,16232800,0.8083814145180777,0.9053097772541309,0.6655985173509318,9.415784268464662
2021-02-11,40.20098876953125,41.13423137664795,42.5353507232666,41.05589321035402,41.95653261966898,17398800,0.865556389664544,0.9751678245061107,0.6729618431811837,9.354109065973734
2021-02-12,39.90649032592773,41.029679679870604,42.45085014343262,40.94642626898009,41.87613880422814,18357300,0.9132030981837719,1.0242116622644009,0.6630220229457372,9.285584120554612
2021-02-16,39.86967086791992,40.9107702255249,42.354248962402345,40.843878135545786,41.79745378711801,22095700,1.0821878358006467,1.2219814530162878,0.6519776817176659,9.277016838094733
2021-02-17,41.96070861816406,40.9085615158081,42.29393188476563,40.95024294341419,41.80385593735511,40531300,1.8849032140452175,2.1728238577735386,0.7440126307966342,9.76356693985931
2021-02-18,41.953346252441406,40.8982536315918,42.23623588562012,41.045776591892974,41.80971830265261,20759900,0.9635617796459125,1.1007938586011812,0.7568976497483497,9.761853838414265
2021-02-19,41.5631217956543,40.868066024780276,42.17364952087402,41.09504756367977,41.80004785139778,18689400,0.8573372927776992,0.9845820770596917,0.7786181155835081,9.671055023740244
2021-02-22,41.5631217956543,40.830516242980956,42.10960601806641,41.13962606196306,41.79075663352549,17854900,0.816265979393226,0.9362457880501753,0.7697826793156161,9.671055023740244
2021-02-23,41.99015045166016,40.779343986511236,42.05395736694336,41.220628384791354,41.79857599894254,21062000,0.9659358782210856,1.0973798246130488,0.7624198160831263,9.770417570404831
2021-02-24,42.056419372558594,40.79959144592285,42.01347526550293,41.300227526483475,41.80868750379023,17136900,0.8251998245290478,0.8913194538354474,0.7160338661510501,9.785837258644891
2021-02-25,41.59993362426758,40.850026512145995,41.9661946105957,41.32877096436768,41.800501077142286,24165300,1.2014596322778701,1.2433085209797798,0.6968900940916878,9.679620530965469
2021-02-26,40.71639633178711,40.847449684143065,41.9066340637207,41.27044957078858,41.75798716555973,23935200,1.190213528042385,1.2211300932714177,0.6965218779803202,9.474035930917488
2021-03-01,40.76057052612305,40.869906425476074,41.83965217590332,41.22188966177281,41.718872787542615,20550400,1.0365397094164144,1.0434668870479997,0.6884227145987911,9.484314539587757
2021-03-02,40.48078536987305,40.89567642211914,41.77639938354492,41.151308300639506,41.67032033979087,17184600,0.8741722258565663,0.8725484929414083,0.6718564832851968,9.41921313420674
2021-03-03,40.77529144287109,40.92807273864746,41.71757957458496,41.11549717132823,41.635221167362644,22838700,1.1504859870991142,1.147120788950609,0.6928405033984543,9.487739854860516
2021-03-04,40.34825134277344,40.92844104766846,41.643662719726564,41.0424261400373,41.5847517624768,23692000,1.1647706532071385,1.1998842455077017,0.7090386588878758,9.388374645343946
2021-03-05,41.23177719116211,40.96010055541992,41.60154899597168,41.06045957347776,41.57090962242524,23598100,1.1354900238448045,1.189069755137724,0.7318628450995515,9.59395658253994
2021-03-08,41.81344985961914,41.014217376708984,41.57835350036621,41.13217293406265,41.58042100427598,23648800,1.1070877340158145,1.178915279098551,0.7664682727442276,9.729302248106427
2021-03-09,41.37904357910156,41.05655345916748,41.546906814575195,41.15568442406636,41.57252385034757,20956400,0.9740500741237215,1.0375132397252453,0.7753037150898084,9.628223049527481
2021-03-10,42.0269775390625,41.133127212524414,41.530167236328126,41.23866472073266,41.59034556363051,18848600,0.8776238420383246,0.9230174658649154,0.8054914100671816,9.77898662809937
2021-03-11,40.87100601196289,41.15337505340576,41.48826850891113,41.20364960561173,41.56213616944746,30312900,1.3666241976190283,1.4629934741578794,0.8496682117247769,9.510011061263429
2021-03-12,40.9593620300293,41.191293716430664,41.45061363220215,41.180384122222925,41.53849796790165,22002400,0.9817661295504359,1.0554682064332022,0.8526132752559675,9.530570053838625
2021-03-15,40.96672439575195,41.24430541992187,41.42286781311035,41.160035576844734,41.51607547487617,18970600,0.8453279285152354,0.9094107856447072,0.8651300681456089,9.53228315528367
2021-03-16,40.96672439575195,41.29915809631348,41.38623443603515,41.141624988169234,41.494532295302676,19044700,0.8544379542427696,0.9076214139691927,0.8647619867576513,9.53228315528367
2021-03-17,41.04772186279297,41.253508758544925,41.3497639465332,41.13268183337149,41.477010317557195,17867000,0.8445382242528576,0.8525213867541261,0.7811941261470124,9.551129934031149
2021-03-18,41.46003723144531,41.22884330749512,41.32547348022461,41.16385853794995,41.476344706337116,19970700,0.9457400096985862,0.9495006049110044,0.7675728076947866,9.64706894065763
2021-03-19,41.408504486083984,41.221112442016604,41.28980812072754,41.187158152057954,41.47368430554288,39055000,1.7644194018819268,1.8283854179345906,0.7499019157509395,9.635078118159647
2021-03-22,41.66619873046875,41.22626628875732,41.26124053955078,41.23278106428756,41.48123389083409,20656600,0.9273510096254317,0.9656267252433279,0.7576328418095827,9.695039331588202
2021-03-23,41.901798248291016,41.22184867858887,41.24813446044922,41.2964969865736,41.49772661073436,20084100,0.9036329155784117,0.9462313006705186,0.7502699964261644,9.749859465446963
2021-03-24,41.97542953491211,41.21779918670654,41.24150802612305,41.36115722927251,41.51646005874133,14819800,0.6702730133000333,0.6987836097290852,0.7521106741375643,9.766992255132068
2021-03-25,42.247859954833984,41.25019550323486,41.24327514648437,41.44560510789741,41.545142407607706,18047400,0.8277029196209904,0.8547210939278213,0.7322315802540071,9.830382334302701
2021-03-26,42.83688354492188,41.3562198638916,41.25976768493652,41.57810781618545,41.5957989227965,19632700,0.9093812495440402,0.9274749167418749,0.7156652018579329,9.967438438462246
2021-03-29,43.315467834472656,41.48396472930908,41.28612655639648,41.74357067506995,41.663236919332824,18577300,0.864445646013433,0.8774206017316319,0.7289181576377708,10.078797133328788
2021-03-30,43.13876724243164,41.61686382293701,41.303944702148435,41.87644653862821,41.72110085357199,13239700,0.6217813923945114,0.6268288050080779,0.7340721114329938,10.037681811030383
2021-03-31,42.81480026245117,41.71883926391602,41.32014305114746,41.965813559944685,41.763991026469206,19531700,0.9244538895981957,0.9240996513802756,0.6957856185677631,9.387977908262188
2021-04-01,42.92523193359375,41.84768829345703,41.33545761108398,42.05718673838746,41.80952988557213,12885100,0.6258706747984697,0.61371752085385,0.6795873218577718,9.412192200579423
2021-04-05,43.34490966796875,41.953344917297365,41.359018325805664,42.1798270173952,41.86974085743082,14326300,0.7119051038342984,0.6818910920024408,0.6586038129541688,9.504214708561491
2021-04-06,43.52162551879883,42.03875370025635,41.38316848754883,42.30761735086221,41.934520648072706,12198300,0.6239104021637364,0.5829161875256137,0.6199490418940012,9.542963096816555
2021-04-07,43.44063186645508,42.14183311462402,41.39170921325684,42.41552349520438,41.99358383310731,13218400,0.6897348817198915,0.6372826142819303,0.6103772982216092,9.525203662829906
2021-04-08,42.86610412597656,42.18378944396973,41.416001892089845,42.4584359362303,42.027800315180606,16472400,0.8648901809887872,0.8109125143525864,0.5886959917345251,9.399227278443352
2021-04-09,42.78425216674805,42.27945175170898,41.45986228942871,42.48946605342247,42.05746509367345,13872000,0.7612103200189205,0.6989796267997013,0.5458414093040996,9.381279643974082
2021-04-12,42.82146072387695,42.37255668640137,41.50093284606933,42.52108459346575,42.08742570662261,19564600,1.080814419845186,0.9902442372326489,0.5386607469419828,9.389438344007322
2021-04-13,42.8809928894043,42.46827011108398,41.552323989868164,42.55536157403132,42.118545988300326,15489100,0.8639785091683821,0.7925851474728983,0.5300629435594931,9.402491929481874
2021-04-14,42.940528869628906,42.56696033477783,41.61182685852051,42.592044173612045,42.150780611097524,13890100,0.7860875391873702,0.7156346128898003,0.5436487375855013,9.415546351403014
2021-04-15,42.940528869628906,42.66160068511963,41.66809013366699,42.62523319228032,42.181751131039924,13338400,0.764663712555146,0.6912247048261564,0.5268608279707898,9.415546351403014
2021-04-16,43.37216567993164,42.75720710754395,41.72871574401856,42.696369619675686,42.22843405452587,19866200,1.1392306342490592,1.023192226660394,0.5297467542987391,9.510191119442926
2021-04-19,43.45402908325195,42.859483337402345,41.785824584960935,42.76852766382581,42.27649660467199,11955400,0.7433433976154118,0.6175381368048887,0.5318329886692197,9.528141263251964
2021-04-20,43.45402908325195,42.9488748550415,41.840282897949216,42.83381351329496,42.32267434893003,16673600,1.049701809290153,0.8571726155928138,0.5199101648739365,9.528141263251964
2021-04-21,43.267974853515625,43.01718368530273,41.8949959564209,42.8751622123636,42.359744956952994,18310100,1.1592023768900246,0.9408947629086614,0.5110196783012413,9.487345253745987
2021-04-22,42.62796401977539,43.0498104095459,41.93764518737793,42.8516195273552,42.370263351573485,20921900,1.2994537138051623,1.073653979815496,0.5187783726965446,9.347010427205381
2021-04-23,42.64284896850586,43.06955986022949,41.98118118286133,42.83173661698859,42.38095298361005,18099400,1.1239674758983267,0.9270351041417614,0.5135296295007731,9.350274241797313
2021-04-26,42.37493133544922,43.04646224975586,42.02466003417969,42.78823135208008,42.38071684054492,15073600,0.9495073441686961,0.7738996768572494,0.5015949258804767,9.2915280884823
2021-04-27,41.91352844238281,42.97636528015137,42.06480079650879,42.70492631306129,42.362395726891506,21858600,1.36281975866071,1.1182307535608416,0.49121177553016404,9.190356527705115
2021-04-28,41.99538803100586,42.91919631958008,42.107315139770506,42.63735123857982,42.34800326822933,12862500,0.8028833264618797,0.6642885009220247,0.47662057618712905,9.208305835067563
2021-04-29,42.6577262878418,42.91134262084961,42.121255493164064,42.63929171946191,42.36014926899845,18169200,1.1389734119178099,0.9605415218565859,0.497667925578099,9.353536383496067
2021-04-30,43.00750732421875,42.91545639038086,42.14233871459961,42.67435987229589,42.38553585939925,16861500,1.0439859130163431,0.8950975314705495,0.507228053027822,9.430232680620119
2021-05-03,43.1042594909668,42.90342388153076,42.17316146850586,42.715302693121686,42.41372109985288,17559100,1.0764054063332174,0.9332497688281365,0.49676633834830497,9.45144747546768
2021-05-04,43.610313415527344,42.907858276367186,42.21410530090332,42.80054180954127,42.46064628870286,22067700,1.3130697677462888,1.1676487685074688,0.5080995836348805,9.562409643574073
2021-05-05,43.67728805541992,42.91969108581543,42.24784805297852,42.8840414520059,42.508357730534904,17882200,1.049463067318177,0.9493797564683936,0.5024114700361121,9.57709513634459
2021-05-06,44.12381362915039,42.982576560974124,42.28919593811035,43.00211499268633,42.571708942245316,14593100,0.8611828037259637,0.7768572339642871,0.496383401137626,9.675004555423023
2021-05-07,43.69961929321289,43.02834491729736,42.33118965148926,43.06854397368886,42.61594072071463,15678600,0.9203354476132392,0.8422537111894802,0.5015928761055797,9.581991694679079
2021-05-10,44.29498291015625,43.102021026611325,42.40276138305664,43.18534768192385,42.68178551245744,22563000,1.312896533244422,1.2138729816395994,0.5265236954913718,9.712536750337065
2021-05-11,43.5656623840332,43.136254501342776,42.458863220214845,43.22156812974379,42.71644735055845,17971900,1.038249708763328,0.9695651315421059,0.5600129016770644,9.552619036244867
2021-05-12,43.46891784667969,43.16267395019531,42.51862586975098,43.24512524564245,42.74595599746517,14718600,0.8482741569329667,0.7961714359095139,0.5566639847428639,9.531405914290485
2021-05-13,43.76660537719727,43.20397777557373,42.5784521484375,43.29479002007624,42.78598146333701,13305100,0.7668837806596304,0.7272116112494227,0.5886647586910865,9.596679696789364
2021-05-14,43.67728805541992,43.21923389434814,42.64503288269043,43.33121840439469,42.820934663026534,13770000,0.8078731551142859,0.7608739496541256,0.5815948588058231,9.57709513634459
2021-05-17,43.119136810302734,43.20248928070068,42.68278007507324,43.31102015733831,42.832628864880505,22387000,1.2744263387895085,1.2386720187714666,0.6031768218315772,9.454709617166433
2021-05-18,42.55353927612305,43.157464790344235,42.69758186340332,43.23887912103209,42.82168417512531,26579000,1.471574646882157,1.465862107152926,0.6303404369086746,9.33069135424572
2021-05-19,42.36004257202149,43.11206817626953,42.71720184326172,43.1551804020787,42.803580582846735,20213500,1.1132758983905457,1.1157117897345132,0.6318289895291294,9.28826343744378
2021-05-20,42.263301849365234,43.093835067749026,42.72192832946777,43.07023958753456,42.782393181533735,20768900,1.144347179271728,1.1439428405875012,0.61322412809903,9.267051151935988
2021-05-21,42.35260391235352,43.079322814941406,42.751560287475584,43.00189333275541,42.765538700389406,15474400,0.8588360170108851,0.8664874456639511,0.608386621847718,9.286632366594404
2021-05-24,42.40470504760742,43.080811500549316,42.780467147827146,42.945018257979406,42.75138836106462,12970700,0.7241051475682377,0.7337142332200635,0.6076424038129801,9.298056554112755
2021-05-25,42.03260040283203,43.086765098571775,42.80178466796875,42.858121319393945,42.72320059799667,15935100,0.9045525643350814,0.9045078435408215,0.6076425207666312,9.216465371547393
2021-05-26,41.94329833984375,43.08416061401367,42.821316146850585,42.770995321341545,42.69261619571616,14045200,0.7946054722616204,0.8017840053761293,0.6057822032092866,9.196884156888979
2021-05-27,41.89120864868164,43.04583473205567,42.83818588256836,42.687206114421556,42.66118844877363,30754300,1.6801088449050243,1.7301820031997421,0.5849445741465431,9.185462478710395
2021-05-28,42.0400505065918,42.99746189117432,42.84978614807129,42.625572247009195,42.636830098099836,14027800,0.7723173042724709,0.7944915374230785,0.5644789035964752,9.218098951736538
2021-06-01,41.95818328857422,42.94015808105469,42.860779724121095,42.56201139382491,42.61021649772628,14922800,0.8275986755359873,0.8689343227543543,0.5674552521146868,9.200147971480911
2021-06-02,42.159122467041016,42.86759853363037,42.87063819885254,42.52364101984549,42.59252653573862,13681100,0.7768005148728588,0.8031562441844833,0.5652228209859036,9.244207795578818
2021-06-03,42.40470504760742,42.803969383239746,42.880696334838866,42.512313784394244,42.58516098718446,14212500,0.8154685709662779,0.8401442405740398,0.5700600421251781,9.298056554112755
2021-06-04,42.64284896850586,42.72992115020752,42.894044723510746,42.52474570669059,42.587423260961764,11868100,0.68631963905489,0.7040163951152542,0.5622457053082478,9.350274241797313
2021-06-07,42.56842803955078,42.67336158752441,42.90045608520508,42.52890592886775,42.586678350318195,11144100,0.6530133182699405,0.6665275886954012,0.5462453885451037,9.333956005284241
2021-06-08,42.531227111816406,42.585173797607425,42.89434295654297,42.52912699391048,42.58450379194557,15858400,0.9478778931198699,0.952791106449881,0.5213145712662755,9.32579897814418
2021-06-09,42.45679473876953,42.52973041534424,42.87716949462891,42.52223820770658,42.57949559378181,14705100,0.88760937726824,0.887629576135464,0.48484862458434996,9.309478232291339
2021-06-10,42.6726188659668,42.489915466308595,42.86784652709961,42.53656017515993,42.58314748680867,12013600,0.7311173706405888,0.7262401716435785,0.4777789670789033,9.35680187098118
2021-06-11,42.66517639160156,42.43484401702881,42.86485404968262,42.548809338630555,42.58636430660447,12929000,0.7877277991936894,0.7878669105160153,0.4521039955928824,9.355169963685213
2021-06-14,42.55353927612305,42.37865657806397,42.857420196533205,42.54925980886794,42.58507705050716,11907600,0.7296363766711949,0.7264903711167792,0.4480112706005457,9.33069135424572
2021-06-15,42.63540649414063,42.35447006225586,42.84323013305664,42.55746425508438,42.58705075417906,12602700,0.7960926541759538,0.7705193961155801,0.41415002723184957,9.34864233450135
2021-06-16,42.15168380737305,42.33437728881836,42.81583129882812,42.5188184981595,42.569977540578826,15678400,1.025693026767236,0.9545035247178326,0.39405629923811425,9.242576724729442
2021-06-17,42.06981658935547,42.319865989685056,42.78841499328613,42.476056411606734,42.55036338562889,14761100,0.9832182611855224,0.8969732810599733,0.37879988829942696,9.224625744473814
2021-06-18,41.54142761230469,42.28377227783203,42.7619214630127,42.38704414500654,42.510797276871074,38210500,2.405426460289107,2.2621371155660466,0.39591679768594973,9.108766181586342
2021-06-21,41.96562957763672,42.264423561096194,42.745549011230466,42.346909424304656,42.4894181514109,13628200,0.8629367215407766,0.8070493434618474,0.40001039943446665,9.201780715223467
2021-06-22,41.95073699951172,42.24172515869141,42.72813453674316,42.30917871718152,42.46829340035603,13866600,0.8755487728262029,0.8267465562064361,0.3992661774955565,9.198515227738355
2021-06-23,41.72747802734375,42.22646903991699,42.70506423950195,42.25377865148268,42.43924181710065,16524500,1.041432954267578,0.9839994759783722,0.3977778793641001,9.149561354645728
2021-06-24,41.95073699951172,42.22684097290039,42.68526840209961,42.22491754177116,42.4200847654305,15386200,0.9656128072257475,0.9145864840069519,0.4000103977540711,9.198515227738355
2021-06-25,41.95818328857422,42.23018970489502,42.665621490478514,42.19951427956193,42.40197098202437,14540300,0.9614419480236956,0.8630712832311203,0.39256847645703347,9.200147971480911
2021-06-28,41.80934143066406,42.218654251098634,42.634365005493166,42.162354960619275,42.37873060746122,13754900,0.9103306234999373,0.8224187910098778,0.39182436586410213,9.167511498454767
2021-06-29,41.55631637573242,42.198560905456546,42.59641075134277,42.10463700015386,42.346479068962054,15313000,1.0121423371016296,0.9119176735993372,0.3892196673930638,9.112030832624864
2021-06-30,41.69770812988281,42.17549018859863,42.56128433227539,42.065881869651854,42.32103707135111,14559700,0.9595652868786959,0.8692457847875033,0.3784286822512268,8.642001239725086
2021-07-01,41.89120864868164,42.14981536865234,42.53374900817871,42.04924632479755,42.30418105477584,11672200,0.7757568184944913,0.7024231136092146,0.36987036210747204,8.68210492403642
2021-07-02,42.00283050537109,42.117814445495604,42.521246337890624,42.04482577056646,42.29236338617173,11387100,0.7580201515627579,0.6932213928909605,0.36391688239951525,8.705238958666953
2021-07-06,41.98050308227539,42.08841819763184,42.507999420166016,42.03869980025303,42.28013357033266,13815900,0.9115946093066988,0.8454909231461792,0.37321927975591473,8.700611519252973
2021-07-07,42.06981658935547,42.06534767150879,42.50189712524414,42.04166330397707,42.27188584558845,14393300,0.9543049740775648,0.8815600684948035,0.36987049982258957,8.719122067518745
2021-07-08,41.90274810791016,42.03764533996582,42.50168151855469,42.028433285304025,42.25740985587557,18384000,1.2042100188387077,1.130795186936117,0.3667013297807955,8.684496518812997
2021-07-09,42.19624328613281,42.013826560974124,42.505698623657224,42.04441519014486,42.25501116686605,13757000,0.8960107753160331,0.8452594566205007,0.3688165755837879,8.745324458951888
2021-07-12,42.25645065307617,41.993390274047854,42.49767311096191,42.064609043757365,42.25506761730566,13451500,0.8746249529006839,0.8313082368453807,0.36678456310562346,8.757802654111785
2021-07-13,42.21128845214844,41.97627773284912,42.481748733520504,42.078578511223185,42.2533507872995,12511900,0.8119364436614006,0.7774200904304861,0.3669847938461423,8.748442624174636
2021-07-14,42.3843879699707,41.96372680664062,42.467351303100585,42.10770322158009,42.25848950034543,14821700,0.9549510659819984,0.9240817383113639,0.3712451438787987,8.784318127042953
2021-07-15,42.55747985839844,41.9840166091919,42.44629463195801,42.15053909175327,42.270214612425946,12813900,0.8332794131752687,0.8082283765684856,0.35651150170622437,8.820192048691583
2021-07-16,42.489742279052734,42.005012893676756,42.42254371643067,42.18284415721036,42.278823540528954,11637900,0.764569098411032,0.7398810636374387,0.3551820480036586,8.806153189700625
2021-07-19,42.02315521240234,42.02909927368164,42.380530548095706,42.16763568627626,42.26879733158282,21958500,1.523952358661287,1.38306205157637,0.36273230252625516,8.7094513279131
2021-07-20,41.82748794555664,42.02219219207764,42.343087921142576,42.13524066335059,42.25149108115041,20258900,1.3743745950768125,1.2686921503520656,0.38408374809886575,8.668898577210664
2021-07-21,42.10594177246094,42.029952430725096,42.299307098388674,42.13245029278966,42.24578326512337,25264100,1.6501347946565472,1.57680306192173,0.4132666400634921,8.72660914273665
2021-07-22,42.10594177246094,42.048875617980954,42.270112686157226,42.12992567180597,42.240299285018956,16231400,1.0611761367759633,1.0152527473572242,0.41205409430525536,8.72660914273665
2021-07-23,42.053260803222656,42.054001808166504,42.24179954528809,42.12262425575042,42.232964442595566,14894300,0.9753275391549056,0.9314141776717741,0.41370556336300834,8.715690820797972
2021-07-26,41.97800064086914,42.05499267578125,42.20602745056152,42.10885057814268,42.22296586213571,15330500,1.0013007340999707,0.9562695302168821,0.41610110926546967,8.70009287919564
2021-07-27,42.2940788269043,42.079229545593265,42.17836326599121,42.12649136373902,42.225754605852124,15225800,0.9897082252945081,0.9480169088688876,0.4361819475130172,8.765601229608029
2021-07-28,41.9328498840332,42.0980562210083,42.15463752746582,42.10804931805275,42.21426814617295,14595900,0.9509798332385887,0.9177005119566582,0.43942217970293135,8.690735221088023
2021-07-29,42.128509521484375,42.119596290588376,42.14613693237305,42.10999790885576,42.21090506285182,12841900,0.8414084692530034,0.821612374057269,0.44259092438719705,8.731286390570773
2021-07-30,41.97800064086914,42.12393589019776,42.13849609375,42.09742674047608,42.2017715561074,13856900,0.9014599632309411,0.8938212427178555,0.4431386726102062,8.70009287919564
2021-08-02,41.96295166015625,42.12194194793701,42.13248908996582,42.08461958996943,42.19240606999167,13833400,0.8928267738311797,0.9003612145002844,0.4534277442931778,8.696973923363048
2021-08-03,41.940372467041016,42.11993541717529,42.12424446105957,42.07088176873815,42.18252239928773,12573100,0.81475291759643,0.8214355807025783,0.4487493745848557,8.692294303699397
2021-08-04,41.66945266723633,42.09991722106933,42.10953941345215,42.03265042573798,42.16240201763865,16446100,1.058686717605114,1.0696121687643407,0.4519140422103149,8.636145192614313
2021-08-05,41.61677169799805,42.08561840057373,42.10122283935547,41.993042927857985,42.14100475020176,12776600,0.8375865711861068,0.8343852999394615,0.44514095694056727,8.625226870675633
2021-08-06,41.55657196044922,42.053634834289554,42.09348831176758,41.95147426429525,42.11808581727029,12660300,0.8329566695154952,0.8282884825093956,0.43648649453901067,8.612750256735424
2021-08-09,41.48130416870117,42.014877510070804,42.08529022216797,41.90669615995296,42.09311398791464,13452400,0.8850685312292856,0.9004974544901503,0.43008962767452064,8.597150733913404
2021-08-10,41.752235412597656,41.99192485809326,42.079533920288085,41.891985612585785,42.07974620064731,11756900,0.7754431035136637,0.7894014517536451,0.43197101312529895,8.653302216828019
2021-08-11,41.819969177246094,41.96370391845703,42.07676963806152,41.8851269044582,42.06955886639628,11727300,0.7814654751627679,0.7908074742240582,0.4308422167485702,8.667340285209132
2021-08-12,41.87263870239258,41.92946186065674,42.07103996276855,41.88393755188052,42.061836507023585,10744800,0.7209654205262576,0.7274352100089365,0.42745581564037316,8.678256235318281
2021-08-13,42.04572677612305,41.90726108551026,42.063860397338864,41.89934604942743,42.06120475287062,8384600,0.5688066735026222,0.5721619719395926,0.4259505927172974,8.714129366357067
2021-08-16,42.128509521484375,41.91252880096435,42.05357360839844,41.92117114200428,42.063844155561355,12964200,0.9071602557419125,0.8833507175308207,0.40111607578958264,8.731286390570773
2021-08-17,42.27902221679688,41.93510551452637,42.04778549194336,41.955252196746436,42.072282510903925,11847600,0.8541639555586156,0.8064949816320148,0.3710135582331461,8.762480692555751
2021-08-18,41.74470138549805,41.91704349517822,42.03205497741699,41.935199738532305,42.059436192260556,15093500,1.1295944618550915,1.028522373112905,0.350694207102045,8.651740762387114
2021-08-19,41.66945266723633,41.895219039916995,42.01630813598633,41.90989049364698,42.04414272069098,12679900,0.9617423754010452,0.8664429203675278,0.34354490293381695,8.636145192614313
2021-08-20,41.78232955932617,41.88167247772217,41.99850234985352,41.89774183323547,42.03387553789236,10645100,0.8206314601475195,0.7287639362385125,0.348060241384875,8.65953933788336
2021-08-23,41.70707321166992,41.86812610626221,41.97934028625488,41.8795829168959,42.021059760393435,11963700,0.9344085601593314,0.8201192835964627,0.3446736980287536,8.64394218689087
2021-08-24,41.398529052734375,41.82334861755371,41.95624008178711,41.83376826316623,41.99664679146563,15478400,1.20772807391935,1.0558850117864775,0.3281172065040664,8.579995290919385
2021-08-25,41.33831787109375,41.79362201690674,41.93029830932617,41.78658251154028,41.97082997105888,14666300,1.144048394456947,0.9976773490651031,0.31457103559018973,8.567516305149645
2021-08-26,41.0899658203125,41.74169483184814,41.90906394958496,41.720238064756686,41.93628627887275,15256200,1.1789621081012784,1.0384018513476723,0.31570025794083634,8.516044441898684
2021-08-27,41.21790313720703,41.70368995666504,41.89202568054199,41.672396643085285,41.908114390964286,13213800,1.0236740802946342,0.9012858147852125,0.31118491351636485,8.542559914829852
2021-08-30,41.21790313720703,41.66643753051758,41.88555519104004,41.62911154728735,41.88104728297381,11621200,0.90807651434644,0.8224912996200511,0.2998964833722912,8.542559914829852
2021-08-31,41.3910026550293,41.638969039916994,41.87406265258789,41.60643450992944,41.86182984658383,18405600,1.40616423050257,1.2939077735697952,0.30666942493165655,8.578435417698168
2021-09-01,41.34584426879883,41.62278861999512,41.861964797973634,41.58161639172653,41.841595118043244,12647300,0.9804651963267732,0.8906279598575536,0.3029068419161479,8.569076178370862
2021-09-02,41.60924911499024,41.622412490844724,41.85960021972656,41.584248079656405,41.83248351008039,12875900,0.9978030493829553,0.9114095402017829,0.3089273463896397,8.62366778806426
2021-09-03,41.71460723876953,41.63031425476074,41.854877624511715,41.59666323766718,41.827860911205455,11006200,0.8584144890494866,0.7839253075066713,0.3070459649666578,8.645503641331775
2021-09-07,41.25553512573242,41.619025802612306,41.840824661254885,41.56417484605435,41.80541676275553,15500900,1.199391518240912,1.1025551476733526,0.3217210751618243,8.55035928093594
2021-09-08,41.323272705078125,41.59757766723633,41.831103286743165,41.541231785008996,41.78650915265053,11835900,0.915530108478394,0.8441738602023153,0.31306660904812206,8.564398139926897
2021-09-09,40.96956634521485,41.555057525634766,41.819368286132814,41.486787457409555,41.754472179809916,19403300,1.4576102862740503,1.3758770078715143,0.31720561047155443,8.491091214018265
2021-09-10,40.81152725219727,41.502001953125,41.8016446685791,41.42247696167505,41.71749394735452,15944100,1.1748062233982,1.1283717183017574,0.32397855218422966,8.458337038812072
2021-09-13,41.10503387451172,41.45496730804443,41.7859211730957,41.39224428670712,41.69347590528225,20749000,1.4622367098299813,1.449790800826176,0.3394065282618758,8.519167350780492
2021-09-14,40.94698715209961,41.395891189575195,41.76480430603027,41.34983884531593,41.66420183652999,16937500,1.1771496403047697,1.174361743492632,0.3394066728106274,8.486411594354612
2021-09-15,41.0673942565918,41.33530979156494,41.7465421295166,41.322939360675534,41.64079761770889,15330000,1.052690127991463,1.0606787098327615,0.33639634954352504,8.511366403454717
2021-09-16,40.9620475769043,41.29617710113526,41.72438674926758,41.288568714602086,41.614179969049886,14431400,0.9932424085065059,0.9984521687487529,0.3254842225472828,8.489532922016734
2021-09-17,40.849159240722656,41.25516242980957,41.70331497192383,41.24672019328024,41.58417915617431,30787600,1.994665360541679,2.0941318653632837,0.3228501178750573,8.466136404918158
2021-09-20,40.83409881591797,41.20775089263916,41.67607208251953,41.20742291924574,41.55476424087014,20440500,1.2835688369166467,1.3778086825977178,0.3251080042924947,8.463015077256035
2021-09-21,40.6610107421875,41.155447769165036,41.644163284301754,41.15538366428781,41.51971508405906,16906900,1.045449205102678,1.1343394015628172,0.33752537283057577,8.42714194621725
2021-09-22,40.68359375,41.11970100402832,41.61360939025879,41.11045129149849,41.48692601213517,15907900,0.9823708769790115,1.0624715562661304,0.3356439915286966,8.431822356490745
2021-09-23,40.95450973510742,41.100510597229004,41.58501182556152,41.09559971469934,41.46604694244781,14714100,0.9085152816183737,0.9828802055257078,0.34806136005136035,8.487970676965986
2021-09-24,40.91688919067383,41.09185676574707,41.55220001220703,41.07857966479215,41.44451134433903,12663900,0.7882348913709881,0.846099420139383,0.3416644993978057,8.48017368268943
2021-09-27,40.99214172363281,41.08056869506836,41.52224800109863,41.07034747991983,41.4267713592133,13118200,0.8167547351191088,0.8747218442946841,0.3409116428748892,8.495770043072072
2021-09-28,40.75884628295898,41.05761585235596,41.49696182250977,41.040680699256896,41.40057821896803,19528200,1.1866398650520882,1.3063748002293223,0.3552103940022892,8.447418716873388
2021-09-29,40.924415588378906,41.03428649902344,41.47890037536621,41.02960783155423,41.3819051746312,14823000,0.9106384913245756,0.9988765250337069,0.3555867570729617,8.481733555910646
2021-09-30,40.645957946777344,40.99929218292236,41.44970069885254,40.99306974728976,41.35304449902908,18736600,1.129932327446749,1.2738081851520437,0.36160711584501753,7.642325305419479
2021-10-01,40.86420822143555,40.96204013824463,41.42486602783203,40.98079722101793,41.33387444892737,18618400,1.1036932441292344,1.2616774487692572,0.3702617241041839,7.683361110237246
2021-10-04,41.01471328735352,40.92704544067383,41.40409507751465,40.984027322573695,41.32135832494408,18159200,1.054123132346462,1.2251385762938736,0.3792924034157526,7.711659340417105
2021-10-05,41.022239685058594,40.91538066864014,41.38497985839844,40.9876665951913,41.309628182203475,13218200,0.7724207087194623,0.8943353797593139,0.37139052043033055,7.713074467099946
2021-10-06,41.037296295166016,40.90108184814453,41.35984420776367,40.992393233284126,41.29894850035887,21339800,1.2133234856483637,1.4319904840857662,0.38192650910671444,7.715905437711795
2021-10-07,41.0449104309082,40.9048490524292,41.342085418701174,40.99739487115309,41.28898622312551,18069600,1.0312989317800916,1.2069196297967602,0.3836638731997507,7.7173370610564245
2021-10-08,40.542327880859375,40.89138908386231,41.310361785888674,40.954055157791785,41.25970550382096,21384600,1.201839126454275,1.4122218214376707,0.39528760246332695,7.622840596110764
2021-10-11,39.73512268066406,40.82289352416992,41.26550422668457,40.837966350446294,41.199917942128536,32088400,1.7477151665014543,2.069264556122233,0.4169444681316527,7.471068438687471
2021-10-12,39.08784866333008,40.729936599731445,41.208002166748045,40.67128847548285,41.117091695901145,42154000,2.1484096778838007,2.622567092152058,0.43924688882666346,7.349366826716871
2021-10-13,39.10308074951172,40.63172092437744,41.15125633239746,40.521935358723695,41.03811087447411,27246900,1.3477308802005454,1.6647420669834008,0.44701833504597915,7.352230790652294
2021-10-14,39.53713607788086,40.56047534942627,41.108610000610355,40.42814495102438,40.979249117744956,27764900,1.3295108660909822,1.6732479918541185,0.4620642053516303,7.433842645496292
2021-10-15,39.80366897583008,40.50820083618164,41.07234794616699,40.36867104862492,40.93314793570907,27005500,1.3049640386499948,1.6000420429110236,0.480900229168741,7.483956635019957
2021-10-18,39.529518127441406,40.442971801757814,41.03180686950684,40.28875172279792,40.87810362950249,20853500,1.006681602638463,1.223663523073599,0.4853430814550272,7.432410304905498
2021-10-19,39.86457824707031,40.403150177001955,40.99947235107422,40.2483542489191,40.83835753607377,16094800,0.7784861388324787,0.9415078562918836,0.48105553565760706,7.495408904530825
2021-10-20,40.82407379150391,40.410174179077146,40.98090911865234,40.30318468154623,40.837797389227894,30659500,1.4318796435560979,1.754702949585864,0.5200577226708226,7.67581496333903
2021-10-21,40.65654373168945,40.39527587890625,40.95764060974121,40.33683792441701,40.83068940265776,17771100,0.8240746601598012,1.0100869439480211,0.5302252994618204,7.644315663526365
2021-10-22,40.30625915527344,40.36474437713623,40.92631301879883,40.33392566068905,40.81012351060348,16074000,0.7395302230184648,0.9081244084112411,0.5387447134881637,7.578454534457945
2021-10-25,40.039737701416016,40.31712417602539,40.88619323730469,40.3059077598059,40.77991230240006,15987400,0.7307229620529022,0.8955385739654231,0.5525770198220865,7.528342696672775
2021-10-26,40.42047500610352,40.300205612182616,40.85203254699707,40.31681892611996,40.76581672215313,15185200,0.7010151082115786,0.8484919058235001,0.5509680844535871,7.599929601873548
2021-10-27,40.07780456542969,40.25787506103516,40.80800819396973,40.29405565367327,40.738835853262025,15007400,0.6925123264093176,0.8356064541597972,0.5573148033951639,7.535500096149756
2021-10-28,40.20726013183594,40.23594017028809,40.77725936889649,40.285789413498286,40.71798974653943,18374700,0.848604029353173,1.0193717638232118,0.5583043743806992,7.559840561993109
2021-10-29,40.35194778442383,40.2103271484375,40.75090927124023,40.29209021072929,40.7036351597898,17763200,0.8219862059838238,0.9799207598755019,0.558590229378105,7.587044991771885
2021-11-01,40.32148742675781,40.175665855407715,40.72169242858887,40.294889945589155,40.688648974180694,14177700,0.6621683600314231,0.7790873110599109,0.5561797089845246,7.581317781147204
2021-11-02,40.03211212158203,40.126159477233884,40.68819320678711,40.269863486159906,40.66290243094153,16913800,0.7831985849100288,0.9244112943255648,0.5598254393824643,7.526908921589652
2021-11-03,40.31386566162109,40.08998794555664,40.66649993896485,40.274054169537166,40.64921471449759,12240000,0.5789749777799431,0.6713446517800012,0.5589422743076831,7.579884723310244
2021-11-04,39.48382568359375,40.01193370819092,40.629410095214844,40.19879431373303,40.60351318387391,30807500,1.4146348295194557,1.660343984793227,0.6053940677849738,7.423819130345395
2021-11-05,39.78081512451172,39.97385807037354,40.603227081298826,40.15898677190243,40.57125051487931,17442800,0.8082624151350645,0.9378544281398912,0.6130091788230686,7.479659613247575
2021-11-08,39.84934997558594,39.97956943511963,40.5758560180664,40.12949755320562,40.54294068980897,15985200,0.7694271918473025,0.8569291923201664,0.5825490229001978,7.492545657841566
2021-11-09,39.78081512451172,40.01421775817871,40.5471142578125,40.09628970285382,40.51305341273849,16014100,0.8225663457715711,0.8544540929344013,0.5562771450490945,7.479659613247575
2021-11-10,40.054954528808594,40.061811447143555,40.52039329528809,40.092353019611416,40.49508875062359,16261100,0.8595038788699504,0.8696232069512955,0.5562771436866001,7.53120379162354
2021-11-11,39.94073486328125,40.08199138641358,40.492291107177735,40.07791319519902,40.473349382492515,10983700,0.6075018348892789,0.588441522776534,0.5391433401747043,7.509728006961774
2021-11-12,39.85696792602539,40.08465633392334,40.45724548339844,40.05687078861105,40.44917756067027,14378500,0.8240413645439562,0.7690765593423721,0.5140133728243533,7.49397799843236
2021-11-15,39.90266418457031,40.10331363677979,40.42100662231445,40.042184445369074,40.42774566356832,14282700,0.8342591391933047,0.761284062620727,0.5060176510735669,7.502569890238629
2021-11-16,39.64374542236328,40.092271995544436,40.38877082824707,40.004237871749474,40.39700055607008,15876100,0.9279230546454746,0.8458757582784054,0.5086828578372096,7.453887524059593
2021-11-17,39.39244842529297,40.020690727233884,40.350154342651365,39.94597221018219,40.35760635486314,17679200,1.0740528557551,0.9361157845476509,0.47289209829713635,7.406638215717516
2021-11-18,39.01932144165039,39.938829612731936,40.31114944458008,39.8577197560363,40.305124593560684,19490300,1.1779299574585873,1.0319186752591856,0.46299215626059753,7.3364822166152095
2021-11-19,38.72994613647461,39.86001396179199,40.26951782226563,39.75031274464948,40.243352889361226,21105200,1.2564271847665676,1.1113463144514197,0.46718057771175053,7.282073357057658
2021-11-22,39.24776840209961,39.82041549682617,40.232372512817385,39.702451378692345,40.20431036044901,22751600,1.3277077497665732,1.195520167611175,0.4953560332738089,7.37943522043107
2021-11-23,39.40768432617188,39.76977596282959,40.20158645629883,39.67437832607135,40.17307012381069,21501600,1.2320548802359867,1.124443402712081,0.4953562517034147,7.409502896899105
2021-11-24,39.33914566040039,39.732843017578126,40.167021484375,39.64245140553126,40.14036720367695,15474500,0.8855133067336951,0.8091290906653342,0.48736052388823803,7.396616135058948
2021-11-26,39.44575500488281,39.694767761230466,40.13669563293457,39.62371841499331,40.1131275096066,17048100,0.979278062387252,0.8889767014172755,0.5090632908169873,7.4166610136222495
2021-11-29,39.33914566040039,39.644127655029294,40.10649536132812,39.59661624788922,40.08277528022596,18652500,1.0687084570204735,0.985105719100504,0.5044941771697065,7.396616135058948
2021-11-30,38.28065872192383,39.5420862197876,40.05542655944824,39.47128695970204,40.01210404264548,47766200,2.4965693613589486,2.451934009649387,0.5471382396740083,7.197597538278237
2021-12-01,37.89990997314453,39.43547611236572,40.00020454406738,39.32163200860133,39.929272902665055,26295500,1.3414825766178855,1.3369141648789795,0.5699830694470702,7.126008481338972
2021-12-02,38.63095474243164,39.35133056640625,39.95915176391602,39.255853221347074,39.878358465008844,27364400,1.3441569031203398,1.3752383916077309,0.6023470312748384,7.26346081908515
2021-12-03,39.1563835144043,39.334958457946776,39.92318923950195,39.24637991592395,39.850045721847884,24711700,1.232303990624961,1.2295672519554794,0.5730291852921073,7.362252871310862
2021-12-06,38.88986206054688,39.29041080474853,39.882648696899416,39.212425834459474,39.8123914606204,22433100,1.1049283188767638,1.1054454117493546,0.5737906282300106,7.312141033525693
2021-12-07,38.67664337158203,39.23177547454834,39.8363387298584,39.16139893323305,39.767852319873796,27754700,1.3285329161887949,1.3482319390101951,0.5901628821394865,7.27205127639909
2021-12-08,38.44818878173828,39.16514415740967,39.79012557983398,39.093474156900214,39.71610080857436,20452700,0.9687176298016831,0.9926332554344471,0.6023468873314893,7.2290968380909
2021-12-09,38.196895599365234,39.0722412109375,39.73557518005371,39.00808572284926,39.656524133703414,23628300,1.0999356191109293,1.1370367950021063,0.6050120973479338,7.181848246994988
2021-12-10,38.2197380065918,38.98619136810303,39.68705078125,38.9330049879676,39.60017957969904,18498700,0.8463404412625908,0.8903949761636547,0.6034890593224077,7.186143117028875
2021-12-13,38.288272857666016,38.907756614685056,39.63553207397461,38.871601927938876,39.54873225726637,27618800,1.226450472805654,1.3179521664696492,0.6270956966613973,7.199029161622866
2021-12-14,38.57002639770508,38.8411247253418,39.58663833618164,38.84288044886899,39.51035163532279,31555900,1.3495257549783592,1.486818228121308,0.646133216500758,7.25200496334346
2021-12-15,38.493873596191406,38.7836311340332,39.5360710144043,38.80964170099493,39.47048975143529,24115700,1.0134803898392661,1.1247087921272017,0.645371841265294,7.237686578158675
2021-12-16,40.16918563842773,38.822467994689944,39.51870880126953,38.939122075988536,39.49788959014087,40091300,1.6090881433836073,1.837637837849235,0.7184763180086833,7.5526817280237974
2021-12-17,40.489017486572266,38.89595279693604,39.50759094238281,39.0867311627108,39.53675735078524,54501100,2.0438362143967166,2.4173946352131974,0.7283762640309345,7.612817080959867
2021-12-20,40.42809677124024,38.98086032867432,39.50530632019043,39.21448026828503,39.571711837861905,23418000,0.8744023908845286,1.0368344079196474,0.7283762661994718,7.601362659710507
2021-12-21,40.19203186035156,39.02807350158692,39.514444503784176,39.307580419910416,39.596038113253655,23905300,0.890679208425075,1.0661350433856438,0.7017238455901538,7.55697731530385
2021-12-22,40.184417724609375,39.06691017150879,39.53637588500977,39.39108873464365,39.6191118235029,16486500,0.620057806620494,0.7524974617787978,0.7104810238159149,7.555545691959222
2021-12-23,40.11588668823242,39.10574722290039,39.55663200378418,39.46011711117592,39.638593190747194,14921400,0.5617786532469887,0.6888113828234499,0.7066735803335181,7.542660364611395
2021-12-27,40.11588668823242,39.139253807067874,39.56820701599121,39.52257135660987,39.65731058280544,19705800,0.7382141524574172,0.9164912048321426,0.6788786668361009,7.542660364611395
2021-12-28,40.14634323120117,39.17961368560791,39.57506050109863,39.581978201809044,39.67648833372292,12126500,0.4599018946752034,0.5719029614164876,0.6773557775122026,7.548386857989912
2021-12-29,39.872196197509766,39.25919055938721,39.5819140625,39.6096180109234,39.68416315191064,15109500,0.6108613612147609,0.7164672283399242,0.636234749405752,7.496841245121618
2021-12-30,39.78843688964844,39.353616905212405,39.58039123535156,39.62664838032578,39.68825231809644,15615500,0.6452487309791496,0.7407976334704758,0.6099630159590508,7.481092671084534
2021-12-31,39.56759262084961,39.4004487991333,39.55526161193848,39.62102402228044,39.68352056526323,15911400,0.6734101924001914,0.7655473754668418,0.57303008740476,7.441899359915064
2022-01-03,39.9331169128418,39.43928546905518,39.540793075561524,39.65074715471486,39.69330865732513,18240100,0.7826852436105193,0.8771925606014584,0.5589425649430766,7.510647413926738
2022-01-04,40.71746444702149,39.53066558837891,39.549017181396486,39.75233927779168,39.73347162947009,26376800,1.1223358310249896,1.2560512538702786,0.5703650225596224,7.658168024252853
2022-01-05,41.13628768920898,39.65364780426025,39.570948181152346,39.884143888402846,39.78848402396965,28697300,1.2186295455018359,1.3502084174548408,0.5791222107945458,7.736940580567291
2022-01-06,40.93829727172852,39.77815322875976,39.58130462646484,39.98453944871957,39.83357473956804,21563800,0.9135505966370232,1.008523703847476,0.5863565658202241,7.69970241004638
2022-01-07,41.80146026611328,39.958381462097165,39.615777740478514,40.15757952656659,39.91074672100119,26512500,1.116381832272604,1.2267687819515138,0.6105322694936302,7.862046684992981
2022-01-10,41.51631164550781,40.12321014404297,39.641958770751955,40.28698258551338,39.973710051374,24929400,1.0356986023756416,1.1465617084428985,0.6368912355581884,7.808415741167344
2022-01-11,41.300514221191406,40.27382221221924,39.6609300994873,40.383509407958904,40.025741587445275,18598500,0.7874342455252875,0.8547320033611141,0.6399785144514876,7.767828416856757
2022-01-12,41.19261932373047,40.404951858520505,39.678352737426756,40.46056749517524,40.07150149867215,12778300,0.5634112697685892,0.5880091649600782,0.6250099169309923,7.747535472172284
2022-01-13,41.2465705871582,40.542586708068846,39.70264190673828,40.53542493250695,40.11758263939709,18178200,0.8121300823468862,0.8355199342254763,0.6364415012317128,7.757682661985341
2022-01-14,41.06160354614258,40.58720760345459,39.71759666442871,40.58553718142463,40.1546030671126,18695800,0.8771776310742655,0.8542407365337303,0.5700941164643339,7.722893936845307
2022-01-18,41.17721176147461,40.62161731719971,39.75146438598633,40.641887141429386,40.1947053688523,21570300,1.0967738163003136,0.9939715564963363,0.5754979146183576,7.744637607528649
2022-01-19,41.23115539550781,40.661770248413085,39.78047119140625,40.698007927532096,40.235350467936826,18374200,0.9463990331115015,0.8459673020207598,0.5819614916675917,7.754783362400065
2022-01-20,41.15409469604492,40.70987339019776,39.80656608581543,40.741444762628554,40.27137965335283,24297100,1.2502080712878603,1.1101668236163866,0.5892093801946622,7.740289734356965
2022-01-21,40.9691276550293,40.74910888671875,39.83033233642578,40.7631288476191,40.298742320085246,25294800,1.2727033045767366,1.1460336095192718,0.5892094427491468,7.705501009216931
2022-01-24,40.81499099731445,40.78406410217285,39.8455330657959,40.76806809997104,40.3189873662511,32500600,1.566005679918203,1.4511532526173634,0.6314038008556565,7.676510883247451
2022-01-25,40.76875305175781,40.81670742034912,39.86209342956543,40.76813333347454,40.336625236270976,32075900,1.5008147218423826,1.4057132719888363,0.6785848032557734,7.667814419433262
2022-01-26,39.31987762451172,40.77538414001465,39.85135162353516,40.63020421833522,40.296752780907866,41504700,1.8170952665212716,1.7766843393207807,0.7408446238861075,7.3953089572501085
2022-01-27,39.45089721679688,40.754319190979004,39.84231628417969,40.51788926580776,40.263581974472146,35339600,1.4815740246193938,1.485987242398631,0.7688365760233523,7.419951210047907
2022-01-28,40.76875305175781,40.80333499908447,39.864816436767576,40.54178105494586,40.28339260495394,29490800,1.2014256204702054,1.2260148895448337,0.8172287409991121,7.667814419433262
2022-01-31,41.023075103759766,40.87610912322998,39.89742897033691,40.58761858340432,40.31239976176985,25182400,1.006891028428366,1.0404119804044396,0.8436289904711511,7.715647481559168
2022-02-01,40.99995803833008,40.9294511795044,39.937041702270506,40.62688900768296,40.33936283143889,33045600,1.283307825569614,1.3501576524050878,0.8743456156334087,7.711299608387484
2022-02-02,41.46235656738281,40.96669578552246,39.991689910888674,40.706457346701995,40.383401801475905,24160200,0.9423038670800913,0.9846651090393465,0.8676064347473755,7.798267833883466
2022-02-03,41.45465087890625,40.98261394500732,40.035827560424806,40.77771387357859,40.42541156921827,21219800,0.8398683982683983,0.8659083055671492,0.8565831356458602,7.796818542826238
2022-02-04,41.08473205566406,40.9899356842041,40.069368515014645,40.80695370044388,40.451267274569084,16199800,0.6480587500512552,0.6639318892554494,0.845816724923911,7.727243962429452
2022-02-07,40.84581756591797,40.94215354919434,40.099501953125,40.81065502096522,40.46673983501414,15438900,0.6316094362790972,0.6327656616560953,0.8307883709970192,7.682308764947183
2022-02-08,40.70709609985352,40.90169277191162,40.124728775024415,40.80079226657363,40.476165570890196,13911700,0.582253443078811,0.5716427836020781,0.8142186761228807,7.656217938562979
2022-02-09,41.23115539550781,40.89822483062744,40.162568969726564,40.84177923123403,40.505773014992855,16449300,0.6915713000412017,0.6771408275745784,0.8111358799353603,7.754783362400065
2022-02-10,40.876651763916016,40.88242645263672,40.21448883056641,40.84510042482279,40.5203172796565,18644400,0.7743107447015942,0.7863566588268877,0.8138332389528223,7.688108081588555
2022-02-11,41.09243774414063,40.87471981048584,40.27833938598633,40.86865635999592,40.54275337630294,18833100,0.7810853349757065,0.7993470795570436,0.81036519392785,7.728693253486682
2022-02-14,41.05389404296875,40.87433433532715,40.32679817199707,40.88629804408857,40.56279810832905,16081700,0.6706088572310827,0.689167964791011,0.8230814109218703,7.721443928317259
2022-02-15,41.12326049804688,40.87163677215576,40.36613571166992,40.9088658968465,40.58477702557288,12824100,0.5446996158377059,0.5552231920079657,0.8018878522761053,7.734490417715594
2022-02-16,41.15409469604492,40.86778373718262,40.411420364379886,40.93222102057968,40.607103208728645,17277700,0.7355777970684515,0.7513974242946775,0.7980343888628166,7.740289734356965
2022-02-17,41.292816162109375,40.87471981048584,40.46374382019043,40.96656341501108,40.63399391278279,17462500,0.7544213302181547,0.7662941676160596,0.7961078751579418,7.76638056074117
2022-02-18,41.48548126220703,40.90053749084473,40.524489669799806,41.015984162363075,40.66738557354453,20298500,0.8865110004273473,0.8908648531882284,0.7903277470785796,7.802617141996791
2022-02-22,41.5394287109375,40.93675937652588,40.59134033203125,41.06583602413207,40.701583343638376,19858400,0.8919128738414248,0.8744432570941733,0.7490966024167595,7.812763614339027
2022-02-23,41.16178894042969,40.95641117095947,40.65018135070801,41.0749743971128,40.71963062194392,17841900,0.8278053593297161,0.7861035568807843,0.7144161260283266,7.741736873001732
2022-02-24,40.52984619140625,41.0169095993042,40.69501281738281,41.02305742514074,40.71218809525617,30079700,1.4335951211526259,1.322426081667835,0.6993872130874952,7.622880656892633
2022-02-25,41.708980560302734,41.129813766479494,40.757791900634764,41.08838343801332,40.75127799584623,31444200,1.5126687123131095,1.3825508454857567,0.7259756867845468,7.844653039893784
2022-02-28,41.36216735839844,41.159484481811525,40.81515777587891,41.11445809709761,40.77523444143651,30593900,1.4678690879500864,1.3375449041270002,0.6866714778094167,7.779424180256221
2022-03-01,41.31593322753906,41.174127388000485,40.838092727661135,41.1336462047587,40.796438315401325,24693100,1.1861460736360612,1.0942994907382213,0.6797353838209308,7.770728433912854
2022-03-02,41.72439193725586,41.21034908294678,40.862800216674806,41.18990770309176,40.83282865351327,20712900,1.0253256103941877,0.9462504490748236,0.6600832129448267,7.847551622008241
2022-03-03,42.125144958496094,41.243488502502444,40.89674118041992,41.27897791789218,40.883507724296905,27577700,1.3536951030977806,1.2550925828582653,0.6573863607871641,7.922925519046399
2022-03-04,42.471946716308594,41.294353294372556,40.942339477539065,41.39259399393183,40.945799449473824,26913800,1.302898576332856,1.2215326849791122,0.6674052323820728,7.9881522262715015
2022-03-07,42.14056015014648,41.34714469909668,40.98146232604981,41.46382886595228,40.99265281028452,24962800,1.1833506636520523,1.1243320410670263,0.672799942008378,7.925824818631674
2022-03-08,41.03849029541016,41.35677833557129,40.99991439819336,41.42332043066255,40.99445035872082,36526700,1.6491052468452312,1.6137661698250685,0.7228938474412991,7.718546781144445
2022-03-09,40.907470703125,41.366797065734865,41.01574607849121,41.37419188518278,40.99103939183471,23049800,1.0196179739196711,1.0153504703073706,0.7309862000918528,7.693904528346647
2022-03-10,41.023075103759766,41.356393051147464,41.03328071594238,41.340752191713925,40.99229569426315,17501800,0.7724017037870491,0.7673256366065248,0.7201968114722674,7.715647481559168
2022-03-11,40.876651763916016,41.356393051147464,41.05336982727051,41.296552150971266,40.9877606381711,20838500,0.9152281383516978,0.9090488718737745,0.7174996044893576,7.688108081588555
2022-03-14,40.460487365722656,41.32479553222656,41.066810836791994,41.21692693332854,40.96708325493783,23124100,1.00613100270241,1.0021894303190548,0.7356105389606664,7.609835602435941
2022-03-15,40.66085433959961,41.30514354705811,41.088676071166994,41.16396763868769,40.95507427786574,20477600,0.8825416212612299,0.8839923632757241,0.7294451442656399,7.647520757277969
2022-03-16,40.45277786254883,41.271619415283205,41.09906929016113,41.09623527905541,40.935376379225865,28500700,1.1881819241112253,1.219535990361709,0.7529507837847718,7.608385593907893
2022-03-17,40.35258483886719,41.231543922424315,41.09177169799805,41.025411427608915,40.91252180901572,22931500,0.9448688796907889,0.9841333575266386,0.7464001059184963,7.589541222809827
2022-03-18,39.150333404541016,41.1244197845459,41.052052612304685,40.846832568269114,40.84341638138926,70390600,2.6152041673493485,2.9165267251259763,0.7753002507448002,7.363420966636991
2022-03-21,39.38153076171875,41.019222259521484,41.02091728210449,40.70728001526432,40.78608753355905,39892800,1.4300737122756704,1.62816736728592,0.7880162302872694,7.406904720649573
2022-03-22,39.304466247558594,40.90747413635254,40.9709774017334,40.57367870405425,40.72798473802961,28676600,1.0120009380116517,1.1683304175931983,0.7907135832698469,7.392410375135652
2022-03-23,39.281349182128906,40.8134521484375,40.92627815246582,40.45059970196613,40.67125393191586,25988800,0.9041507270417216,1.0579119346768853,0.7833922209208044,7.388062501963969
2022-03-24,39.304466247558594,40.75218315124512,40.88635719299317,40.341444134879694,40.61765441488224,21087300,0.745285439520242,0.856653487111422,0.7279040231351785,7.392410375135652
2022-03-25,39.52025985717773,40.64274711608887,40.85291000366211,40.26323610843189,40.57461933418794,18765800,0.6784370691032721,0.7586538847931815,0.6716445112444905,7.432996981975417
2022-03-28,39.43547821044922,40.54641265869141,40.81668815612793,40.18440202290973,40.52994713325701,21688600,0.7969333172883044,0.8743336554883681,0.6608546717852015,7.417051192991809
2022-03-29,39.49713897705078,40.45547294616699,40.78539886474609,40.11894839949459,40.48944485262147,28193400,1.029328490705945,1.1279248597385145,0.6396611155457759,7.428648391332914
2022-03-30,39.77456665039063,40.35798168182373,40.75734596252441,40.08615013767517,40.4614104133183,23821200,0.8647944555745121,0.95129427009454,0.6269448842349494,7.480827174218043
2022-03-31,39.25822448730469,40.21463565826416,40.71788734436035,40.007300075735124,40.414226651513836,31027600,1.1194025542968469,1.2266831133198124,0.6196233050507622,7.708554172694127
2022-04-01,40.16762924194336,40.0994197845459,40.69815803527832,40.02256952013591,40.40455616486401,30550300,1.0949996998189058,1.2018703830730473,0.6288713390374664,7.887120470777851
2022-04-04,40.42965316772461,40.0138744354248,40.68736854553222,40.06133939133483,40.40554036105462,25793000,0.9231126572871339,1.0143172374391873,0.633495348978484,7.938570215456954
2022-04-05,40.67627716064453,39.99576377868652,40.684594268798826,40.11990489317385,40.416157490450296,23150600,0.8488614734313245,0.9171486425284154,0.5803186764953289,7.986996104160203
2022-04-06,40.99995803833008,40.00038814544678,40.68921836853028,40.20371947842683,40.439051629582835,28661700,1.0402340932289895,1.1385598366291347,0.5826306154082233,8.050552508273972
2022-04-07,41.08575439453125,40.003522109985354,40.724535903930665,40.2877228037701,40.464412522325915,22790600,0.8192881008815833,0.918999448453553,0.5977144012422066,8.06739906382338
2022-04-08,41.75660705566406,40.04751987457276,40.77065010070801,40.42761654204572,40.51508681775094,24852200,0.8870004372150295,1.0106787361525886,0.6217735498696421,8.19912443214488
2022-04-11,42.04523086547852,40.12675704956055,40.796179656982424,40.58167504903932,40.57509246668144,33614900,1.1777019695691977,1.3624663263307666,0.6200105541191828,8.255797200782279
2022-04-12,41.865821838378906,40.18700542449951,40.81303459167481,40.70397474326214,40.62570930478722,21136400,0.7396626437889776,0.8595115581296315,0.6141407578817588,8.220569316115336
2022-04-13,42.2324447631836,40.27598876953125,40.837684326171875,40.84954331658799,40.68871853844983,19798000,0.703538784450009,0.8138542175719503,0.6041025940650773,8.292557611911098
2022-04-14,41.990631103515625,40.35789108276367,40.84824981689453,40.95821834391443,40.73977393315829,16915100,0.6075875254020552,0.699510969664934,0.599285536455314,8.245076256867883
2022-04-18,41.64740753173828,40.48274478912354,40.85210494995117,41.023855409421465,40.77536740761241,14394300,0.5748531547174995,0.5986447305140086,0.5805160540910169,8.177682544316088
2022-04-19,41.92823028564453,40.610079765319824,40.86897491455078,41.10998635001414,40.820577716554844,12890000,0.5441155736936794,0.5375623013438307,0.5618786971487619,8.232823535527025
2022-04-20,42.44306182861328,40.767009544372556,40.90091979980469,41.23694591940453,40.8842045444787,19563400,0.8420102125491087,0.8130715188237814,0.5730389324854496,8.3339133553193
2022-04-21,42.91109848022461,40.94849700927735,40.944999847412106,41.39638902043502,40.96369058117462,32821100,1.392153598344063,1.3429643262198983,0.5966753683658439,8.425814757659056
2022-04-22,40.4929084777832,41.00791912078857,40.93023490905762,41.31034325446818,40.94522853790436,44958400,1.815083411622357,1.7976546169939747,0.7251175248064043,7.950990720731077
2022-04-25,39.221412658691406,40.992976760864266,40.89713012695312,41.11139748344182,40.87762791519013,46028400,1.7613496777570883,1.800998514858226,0.798672972553278,7.701325980926229
2022-04-26,38.54276657104492,40.94834117889405,40.84613670349121,40.86676596797545,40.786064725223646,29507700,1.1125151116475762,1.145011953133658,0.831642102209809,7.568070333249102
2022-04-27,37.80171585083008,40.86357002258301,40.78109313964844,40.57485643300922,40.66903143603174,30582000,1.1478503891007135,1.17349319015555,0.8595125053179451,7.422561215195701
2022-04-28,37.75490188598633,40.762586784362796,40.71372596740723,40.30628933329275,40.554751845833884,33011700,1.2180373893500827,1.2473999983222748,0.8722515219058667,7.413369052566101
2022-04-29,36.11677932739258,40.60551452636719,40.61297966003418,39.907288380349875,40.3807137078558,41014200,1.4859302144433133,1.5224764446788495,0.9276303854883728,7.091715267930076
2022-05-02,36.06217575073242,40.40024185180664,40.50836685180664,39.541087177529164,40.211359278164686,33309400,1.2007863832480974,1.2220908998119098,0.9337337417502528,7.080993574980264
2022-05-03,36.79542922973633,40.21853065490723,40.414565811157225,39.27959594440604,40.07740123704985,33263100,1.1831860950529929,1.2088917879558643,0.9532486488208469,7.22497166464262
2022-05-04,37.73150634765625,40.071292114257815,40.338407363891605,39.13215883995368,39.98540535903442,29564600,1.0397673759384058,1.0669485436216979,0.9789618019357025,7.40877521835755
2022-05-05,37.31807708740234,39.88719806671143,40.261533126831054,38.959389149234504,39.88080425034296,20664300,0.7371159082242663,0.7442320155004308,0.9832654829312055,7.3275962580030205
2022-05-06,37.65349960327149,39.71558532714844,40.20400619506836,38.835018716285646,39.79345897006565,19322000,0.6935251839876873,0.7013230549083467,0.9824854118859043,7.393458193128356
2022-05-09,37.926517486572266,39.52408084869385,40.12835693359375,38.74849478964628,39.7202455785561,24391300,0.8762024914939426,0.8898775566016238,0.9797552192465112,7.447066657877414
2022-05-10,37.54428863525391,39.29903373718262,40.05199935913086,38.63380848922796,39.634913933720725,23007300,0.8425380399664776,0.8440569764598231,0.9992566003091585,7.372014058193316
2022-05-11,37.34927749633789,39.07320652008057,39.97266624450683,38.51147220419081,39.54528113225473,20133200,0.7386439617749219,0.7410958583411897,1.0097874299941778,7.33372261867345
2022-05-12,37.48968505859375,38.83606853485107,39.887972106933596,38.41415914270538,39.46466952152293,21623900,0.7906862115958341,0.7954345143662965,1.0093974680465387,7.361292365243503
2022-05-13,37.58329772949219,38.615701866149905,39.79713516235351,38.33502948430412,39.39089023556094,21080500,0.7649908152474876,0.7791699833583884,1.0261687758299771,7.379673694361037
2022-05-16,38.25414276123047,38.44603862762451,39.71277908325195,38.32732598686854,39.34631190323425,22754700,0.8134068954078277,0.8436449948446327,1.0409901011819565,7.511397564611703
2022-05-17,38.17613220214844,38.258433723449706,39.63349052429199,38.31292657879995,39.300422503191676,22043100,0.7752860619547228,0.8190351784844303,1.0472305383819607,7.496079790347091
2022-05-18,38.13713073730469,38.04313716888428,39.57546333312988,38.29618411770517,39.25480321825493,22365100,0.7827546259839074,0.8398377124612809,1.0487905453751043,7.488421652250201
2022-05-19,38.30094528198242,37.812629508972165,39.52333282470703,38.29663756192205,39.21739702467561,23186400,0.8254159359201212,0.8705892495159012,1.0468403339109003,7.520587480135053
2022-05-20,38.63636779785156,37.71980247497559,39.47559867858887,38.32899282248676,39.19461156480016,24181800,0.8939093925029208,0.9034320240048455,0.9349015064430841,7.586449415260387
2022-05-23,38.74557495117188,37.69601058959961,39.43297714233398,38.36866731093296,39.17700228583435,16761800,0.6550545061327582,0.6281341973273287,0.8724969060474947,7.607892801160013
2022-05-24,39.533447265625,37.745544624328616,39.41443634033203,38.47959873518935,39.19098052033594,25414700,1.0012190867741988,0.9507620289557311,0.899018818500641,7.762595579913844
2022-05-25,39.97027969360352,37.853972816467284,39.40062484741211,38.62156835027641,39.22154127222879,19831500,0.7981693802238811,0.7422537475926299,0.890828217547907,7.8483698725477575
2022-05-26,39.7752571105957,37.95499057769776,39.38707443237305,38.73144347030682,39.24325561883141,15500400,0.6466403831516564,0.5858504662455657,0.8841977794641054,7.810076185921643
2022-05-27,40.09508514404297,38.15390586853027,39.38192443847656,38.86131410590074,39.27666069825147,13347300,0.5909200383223862,0.5081537677496707,0.832323979078193,7.8728760642648865
2022-05-31,40.00928115844727,38.351261138916016,39.39910339355469,38.97064430138136,39.305390912376794,25016600,1.128262348078807,0.9865063708501457,0.8011216071732179,7.856028010644647
2022-06-01,40.09508514404297,38.51624393463135,39.413374481201174,39.077733905444376,39.3363593136186,15358100,0.7218023981279694,0.6175826625673836,0.7710894274221204,7.8728760642648865
2022-06-02,40.00928115844727,38.6301326751709,39.42747077941895,39.166452691444654,39.36274840557267,13527800,0.6606793748067821,0.5506915661528431,0.7625088648457915,7.856028010644647
2022-06-03,39.63484573364258,38.74597110748291,39.43454071044922,39.21106155260636,39.37341888902639,10819800,0.5414403430052946,0.4459615661404553,0.7484683348785819,7.7825056903161745
2022-06-06,39.97027969360352,38.86181011199951,39.447856979370115,39.28336804222514,39.39682519508824,12898100,0.6559855804318648,0.5352364441984853,0.7371574287166925,7.8483698725477575
2022-06-07,40.29010391235352,38.97998943328857,39.463253860473635,39.379247648904034,39.43185573302021,15383000,0.8007076917231143,0.6401503568912105,0.7238964042615305,7.911169001855585
2022-06-08,40.21209335327149,39.113379669189456,39.478786163330085,39.45856628741522,39.462453286755554,13249700,0.7076366403856039,0.5552749083733748,0.6790430440070843,7.895851227590973
2022-06-09,39.73625564575195,39.23272857666016,39.48356849670411,39.485012892971106,39.47319063416718,12078400,0.6592604661228685,0.5131182375078455,0.6770929203977112,7.802418047824753
2022-06-10,39.64265060424805,39.34037685394287,39.48093017578125,39.50002600833081,39.47983612318996,19868500,1.0896781806320446,0.8469038574331974,0.6833333956387296,7.784038216778051
2022-06-13,38.68317794799805,39.39537086486816,39.46942924499512,39.42223095496579,39.448594626123615,23762500,1.293727795316338,1.0191998595916818,0.705955013569557,7.59564082885457
2022-06-14,38.34775161743164,39.400051307678225,39.43303169250489,39.31989958948635,39.405424312057264,20278700,1.111547487854003,0.8775077321262761,0.6864533673456809,7.529778144693821
2022-06-15,38.3399543762207,39.40824241638184,39.39123771667481,39.226571473937234,39.36364117731858,22005600,1.2063289841621903,0.9553663118847108,0.7079051437832969,7.528247116302776
2022-06-16,38.09812927246094,39.40629234313965,39.33967475891114,39.11910078808235,39.31401325948102,22029300,1.2087407407407407,0.9573273110041992,0.7199965485527617,7.4807635141533115
2022-06-17,38.246341705322266,39.40356216430664,39.28460243225098,39.03598087543853,39.272143786768915,36469500,1.9307110349827719,1.574172648057996,0.7164864217205839,7.509865787185242
2022-06-21,39.510040283203125,39.44724578857422,39.25308815002442,39.08112939046374,39.28147306113888,34258500,1.7665403839222318,1.4642408271296983,0.7632900153640971,7.757999498599045
2022-06-22,39.619239807128906,39.49092903137207,39.21034080505372,39.1323780015747,39.29471881588359,23650600,1.1982613744545263,1.0118884679900948,0.7707005269122493,7.779441386427836
2022-06-23,40.63332748413086,39.54592304229736,39.18210273742676,39.27532557134195,39.34721327346191,21736400,1.1116364500193443,0.9395394819764407,0.7484693305495529,7.978562714407378
2022-06-24,39.75185394287109,39.53500175476074,39.139823379516606,39.3207092257733,39.36308153500737,28490700,1.425498993694486,1.223709048738846,0.7757714523228522,7.8054808536422575
2022-06-27,39.75185394287109,39.53383159637451,39.09021156311035,39.36177062740166,39.37832751178634,16974900,0.8461979441879941,0.7308643306311071,0.7812318485619805,7.8054808536422575
2022-06-28,39.36182403564453,39.49716854095459,39.03763542175293,39.36177571390098,39.37768031664352,16615700,0.8215987048807286,0.7155832522243947,0.780061654971848,7.728896476531697
2022-06-29,39.73625564575195,39.483517265319826,38.99941238403321,39.397440469315356,39.39174209425561,13901400,0.7068079597882027,0.5989416087295695,0.7788914619027925,7.802418047824753
2022-06-30,39.58804702758789,39.45816535949707,38.95260871887207,39.415593474865126,39.399440326935306,18880500,0.951447239918605,0.8092884999377619,0.7859120153498462,7.997931324098482
2022-07-01,40.28230285644531,39.47181644439697,38.90939353942871,39.49813722549181,39.43406238691609,14189300,0.713853234294517,0.611021230913257,0.7855219041525121,8.13819109585957
2022-07-05,40.11068344116211,39.49560832977295,38.85338523864746,39.55647496031755,39.46059654590613,19675600,0.9682947876816974,0.8569751073200647,0.8073634031519248,8.103519006671627
2022-07-06,40.180885314941406,39.50613861083984,38.847144775390625,39.61594261313887,39.48884316429967,14938900,0.7315142554176561,0.6681390064032466,0.8124338294292801,8.117701817076965
2022-07-07,40.05451202392578,39.49435901641846,38.86380676269531,39.65771112845191,39.51102625683403,13617100,0.6696849892222672,0.6272055900064963,0.8100471204553067,8.092170754581284
2022-07-08,39.88074493408203,39.47779159545898,38.89056632995605,39.67895244327382,39.52552502849081,13959200,0.6853137343319391,0.6523059542591431,0.8099072655350963,8.057064772970465
2022-07-11,39.88863754272461,39.48541069030762,38.932304763793944,39.69892245274533,39.53976473493135,12259000,0.6015773309526725,0.582837302766459,0.7957117348354931,8.058659308357557
2022-07-12,40.10979843139648,39.50876808166504,38.979402694702145,39.738053498331155,39.56211899753783,20528700,1.005761324533875,0.9877329559085231,0.8020921972733493,8.103340209083514
2022-07-13,39.89653778076172,39.56943607330322,39.05499786376953,39.75314723951502,39.57523345962504,13362500,0.6717826887948156,0.660508674474633,0.7818574194189264,8.060255385103165
2022-07-14,39.88074493408203,39.64608573913574,39.131369247436524,39.76529940090236,39.58721430176061,10271700,0.5297215090387146,0.5195634608752533,0.7779744986499579,8.057064772970465
2022-07-15,40.29937744140625,39.74405689239502,39.20144821166992,39.81616397618844,39.61514226802122,13021300,0.68744674403454,0.6724131075448889,0.7572514256885257,8.14164065622333
2022-07-18,39.7148666381836,39.82489376068115,39.24111541748047,39.80651661066417,39.61905302763543,16173100,0.8672494051873774,0.8468833127369457,0.7522813130094719,8.023552556067479
2022-07-19,39.84913635253906,39.90503349304199,39.2917366027832,39.81057563369988,39.62807590312185,14638500,0.83376145827519,0.7713939906466272,0.72747628864662,8.050678924629509
2022-07-20,38.75912094116211,39.86748752593994,39.31384902954102,39.71043709155342,39.59399923794695,29611400,1.709188981706886,1.543669658425671,0.7149709856317521,7.830464262453155
2022-07-21,37.645389556884766,39.768795013427734,39.30822647094727,39.51376589777545,39.517583172022945,32321000,1.820045730612847,1.6711074767026801,0.7719185210181202,7.6054582873229375
2022-07-22,35.10989761352539,39.492623519897464,39.259538650512695,39.094349870704015,39.344732757964216,58265000,2.9750150308083705,2.9065330022318423,0.8713341845164191,7.09321552824817
2022-07-25,35.35475540161133,39.272768592834474,39.21964820861817,38.73819801650471,39.18826305771508,27180700,1.392505613041468,1.3464343937263124,0.8393296497192118,7.142683888531699
2022-07-26,35.481143951416016,39.05923309326172,39.17947738647461,38.42800239125817,39.04288583786022,20571800,1.0443004560609814,1.0201165042689404,0.8421113711266152,7.168218033744416
2022-07-27,35.473236083984375,38.86480369567871,39.13727615356445,38.146596076279714,38.902899573002344,21560500,1.0809240382706418,1.0686355406853225,0.8334547454791092,7.1666204156402875
2022-07-28,35.978755950927734,38.6769287109375,39.091768417358395,37.94013511196047,38.78822727409746,22051900,1.083424614023318,1.0937535339330984,0.8452416261598454,7.268750060377823
2022-07-29,36.48427200317383,38.5217399597168,39.05793121337891,37.80148148255222,38.69787608700241,23129800,1.1246429239996403,1.1459810103408712,0.8531181628312574,7.370878934436099
2022-08-01,36.5395736694336,38.334603500366214,39.02598007202149,37.681299786064734,38.61323677650952,18612100,0.8953510019728211,0.9255907969755444,0.8296110613796465,7.382051471655368
2022-08-02,35.812889099121094,38.11971378326416,38.97621894836426,37.50335591111772,38.5034192205335,18710300,0.9021696808824824,0.934635321235653,0.8286002285423969,7.235240155512613
2022-08-03,35.80499267578125,37.900919151306155,38.919591445922855,37.34160703156187,38.39759857171969,17314100,0.8300945657022958,0.8708661884659434,0.8159403213256837,7.233644849446263
2022-08-04,35.09410858154297,37.652898979187015,38.84656211853028,37.1275595601315,38.26804994465394,29704300,1.3712412021874825,1.4748673308070577,0.8266034518441039,7.090025686794728
2022-08-05,35.50483703613281,37.43410358428955,38.76598991394044,36.973014557845914,38.1596886541237,17297500,0.7923997423641479,0.8658284502894588,0.8309477803400632,7.173004722622726
2022-08-08,35.18098449707031,37.198720932006836,38.67020401000977,36.80234502824824,38.042876726396116,20597000,0.9258676553616444,1.0301958367423945,0.8380565043766477,7.10757713624162
2022-08-09,35.29156875610352,36.95780944824219,38.58053024291993,36.65846157375827,37.934982296188565,14554000,0.6631301849761418,0.7286341818845943,0.8135703034466253,7.12991835728386
2022-08-10,35.41794967651367,36.733880043029785,38.48698753356934,36.54031758354449,37.836275134632686,16402700,0.7422225952835446,0.8186832290299612,0.7946133422832986,7.155450961138057
2022-08-11,35.37056350708008,36.50837097167969,38.394213180541996,36.428912433405024,37.73958056100317,15407300,0.6891730107265474,0.7764492563729384,0.7823700899143038,7.145877583381436
2022-08-12,35.66281509399414,36.276542854309085,38.30556777954102,36.35595078203256,37.65813877798321,15090900,0.6719102819517362,0.7607091786161625,0.7740760968414279,7.204920862780104
2022-08-15,35.986663818359375,36.09013271331787,38.225115432739265,36.32078059501607,37.5925907403509,15713600,0.7003519230974937,0.790356857669574,0.7622280166366255,7.270347678481951
2022-08-16,36.176231384277344,35.906487464904785,38.155943145751955,36.30701400351714,37.53704723619116,14112800,0.6297423499365362,0.7074967544824637,0.776050755806947,7.30864581358399
2022-08-17,35.812889099121094,35.759175872802736,38.0727953338623,36.25995448881275,37.469433191600174,11294400,0.5254532711378238,0.5671178309008318,0.7365570981025431,7.235240155512613
2022-08-18,34.90452575683594,35.62213268280029,37.96508377075195,36.13086603814829,37.3688485863153,25957400,1.2257699075929083,1.2896852703686594,0.6986430795261039,7.051724468975653
2022-08-19,35.086204528808594,35.620948028564456,37.862565994262695,36.031374465830226,37.279333133079746,19485400,1.01289023868839,0.9621640518990067,0.565944521230153,7.088428839369859
2022-08-22,34.88873291015625,35.5976469039917,37.76561553955078,35.92255146052794,37.185584104729806,15031400,0.8068401649815673,0.7400729664659514,0.5513318972606897,7.048533856842952
2022-08-23,34.33582305908203,35.540380859375,37.659478988647464,35.77143446991404,37.073828769606365,19014200,1.0249093363116157,0.9369548469779705,0.5454079503669338,6.936830063669537
2022-08-24,34.399009704589844,35.48666954040527,37.5737956237793,35.64072734940697,36.9689339043116,17384400,0.9477260739971461,0.8620626387356335,0.5363244199785953,6.949595594917377
2022-08-25,34.54909896850586,35.41518669128418,37.49782257080078,35.536762741702105,36.87403841663294,14327600,0.7978811676298904,0.7146993843975891,0.5138130315077284,6.979917970366922
2022-08-26,34.16204833984375,35.299075508117674,37.41426445007324,35.40583756057274,36.767685864601994,16795700,0.952118027103196,0.8421923225347333,0.4960415321179944,6.901722540700199
2022-08-29,34.22523498535156,35.18335857391357,37.336806564331056,35.293399220075486,36.66798190855296,15039500,0.8612837506031048,0.759454257417903,0.49485661195036384,6.914488071948039
2022-08-30,33.59333801269531,35.072381019592285,37.243746490478514,35.13148862889642,36.54740763812717,20705100,1.1790075600184837,1.0624675565386006,0.4853782037512044,6.786826594035564
2022-08-31,33.02463150024414,34.93336296081543,37.11403831481934,34.93083556902477,36.40925955428862,28368200,1.5660778274687717,1.4645474932242957,0.5011757411680897,6.671931418050189
2022-09-01,33.02463150024414,34.829889106750485,36.98214614868164,34.749292324379,36.276529042365304,21641700,1.2219327605832295,1.1196049781052682,0.47905939922130863,6.671931418050189
2022-09-02,32.621795654296875,34.68573703765869,36.82191551208496,34.54667359389499,36.133206164401834,21155700,1.1816219325902944,1.0951203919629986,0.49643657296594057,6.590546917609283
2022-09-06,32.46382522583008,34.54987907409668,36.676154937744144,34.34830708265071,35.98930887269314,23898600,1.3226277226835088,1.2430155597216064,0.494066903503407,6.558632318810423
2022-09-07,32.448020935058594,34.407701683044436,36.53007827758789,34.1673274495467,35.85043483592315,25548300,1.3721816373767406,1.317073668651499,0.5015708003469677,6.5554393946399445
2022-09-08,32.637596130371094,34.268684005737306,36.39559371948242,34.02163875248235,35.72444116119562,28753200,1.4947388449008046,1.4639730117207654,0.5252671143063928,6.593739071100502
2022-09-09,33.36427688598633,34.168369674682616,36.26815414428711,33.959032860435116,35.6318856994227,20259500,1.0400751993954478,1.0248795913816526,0.5442239741953099,6.740549616563996
2022-09-12,33.77501678466797,34.07397975921631,36.15189353942871,33.94150751988586,35.55906731060879,18553200,0.9440873560165266,0.9388728647362586,0.5493586486395113,6.823530964429771
2022-09-13,32.97724151611328,33.923508644104004,36.00579231262207,33.84967266238371,35.45781924023642,21284500,1.0679339345547085,1.069409174856954,0.5687106678928465,6.662357269614309
2022-09-14,32.605995178222656,33.74499683380127,35.85569854736328,33.731227187701705,35.34598300251039,23152200,1.1358856195826716,1.1591993782675427,0.5797690013348603,6.587354764118063
2022-09-15,32.40852737426758,33.5747787475586,35.7002513885498,33.60525577689845,35.23078866414792,22763400,1.0862494488441474,1.1308720304387665,0.5809536800129937,6.547460552270415
2022-09-16,32.582298278808594,33.45866737365723,35.55080711364746,33.507831253270844,35.1269262960954,45069300,2.0568736449786424,2.171165662850263,0.5592318204432974,6.582567304560494
2022-09-19,32.57440948486328,33.333077621459964,35.40468040466308,33.418933941993934,35.02682759761571,18960900,0.8663748730313868,0.9090405254618508,0.5604165844928236,6.580973539852661
2022-09-20,32.06098556518555,33.19169025421142,35.2481273651123,33.28960552515504,34.91052006693217,15561200,0.7101737783534183,0.7436942600884431,0.5758193341733916,6.477247047690257
2022-09-21,31.184226989746094,33.03411045074463,35.0696159362793,33.08909328368752,34.764390926650364,25612100,1.151534402810215,1.2181238929702656,0.6026750425030025,6.300116438814995
2022-09-22,31.53966522216797,32.891143226623534,34.90247848510742,32.94152870639994,34.63793109510204,19806400,0.8856845616260743,0.9362631611190988,0.6315055717270571,6.371925249461503
2022-09-23,31.215822219848636,32.72447938919068,34.72918003082276,32.77717570768077,34.503730747052884,19439700,0.8594632162635586,0.9110325494833279,0.648092589207484,6.306499589778546
2022-09-26,30.749794006347656,32.553866672515866,34.53818836212159,32.58409173612523,34.356517541535034,21345700,0.9343331325680909,0.992611621782593,0.6634946772255749,6.212348402070909
2022-09-27,30.71819877624512,32.37851486206055,34.358255004882814,32.406387644708076,34.21383837426877,20357700,0.880834620192343,0.9429979494425585,0.6781074583536967,6.205965251107361
2022-09-28,31.113136291503903,32.25450477600098,34.18353500366211,32.28322084916482,34.09224221416034,20567400,0.8901730776680057,0.9475071790688784,0.667839040056467,6.285754060142286
2022-09-29,30.520734786987305,32.12930994033813,34.018767280578615,32.11536503371934,33.95218309936924,17806900,0.788722799607386,0.8293556763979149,0.6721830232050902,6.166071809938971
2022-09-30,29.991514205932617,31.97765407562256,33.86568977355957,31.91309352631108,33.79686275060702,23523600,1.0376086604127084,1.1046632194427037,0.6891653241974127,6.535575664614385
2022-10-03,30.93146324157715,31.893137454986572,33.782121086120604,31.819604927764992,33.68449414240977,21495300,0.9474322388245217,1.045520637691079,0.7025931905047971,6.740403870391371
2022-10-04,31.44488906860352,31.842190647125243,33.70392375946045,31.78391770308295,33.596666492456585,25922500,1.1374930613910568,1.2624025664818277,0.7061479521506022,6.852286628882915
2022-10-05,31.12103843688965,31.775841522216798,33.616721649169925,31.720786344397872,33.49958303929709,17797900,0.7944912937138949,0.8690898578919252,0.7176012865232838,6.781714990083148
2022-10-06,30.392547607421875,31.663589096069337,33.51510787963867,31.594287417066827,33.37773851255689,36663300,1.6082415619331114,1.7642841702807337,0.7536135874955653,6.62296652195737
2022-10-07,29.597393035888672,31.47524490356445,33.38748062133789,31.404106999811763,33.2294896703346,31838700,1.3620196187601052,1.517821882431505,0.755484115878583,6.449691080389591
2022-10-10,29.412660598754883,31.2571270942688,33.24604839324951,31.214445437806347,33.079810098900104,21622200,0.918938296511896,1.0322623149922516,0.7695440341457418,6.409435266284757
2022-10-11,28.866491317749023,31.051589584350587,33.09258674621582,30.99083075970565,32.914581911403985,27708900,1.1617614780909544,1.3114555623731443,0.7530673796937661,6.290417245480867
2022-10-12,28.657665252685547,30.85417308807373,32.94948226928711,30.768624520941827,32.74764400321895,23336800,0.9780722921358533,1.0997090319414562,0.739643999799634,6.244911088652811
2022-10-13,29.235960006713867,30.695544719696045,32.81810161590576,30.622656471967733,32.609930905316794,33118100,1.3585391256692072,1.537732845007045,0.7793794980110803,6.37092970496709
2022-10-14,29.219894409179688,30.5274245262146,32.7006173324585,30.48906008503554,32.47698829762514,26019000,1.1107261982440717,1.2122575974013268,0.7675157827892252,6.367428783754479
2022-10-17,29.86244201660156,30.391826152801514,32.58776943206787,30.429382173756114,32.37445707091834,21962900,0.9316057919056436,1.0188495682615155,0.7823457048302183,6.507449006727812
2022-10-18,29.774093627929688,30.27748155593872,32.47963161468506,30.366973740820267,32.272482033938395,27488600,1.1372231600734495,1.2670827494652999,0.7868738420867813,6.488196641707257
2022-10-19,29.372499465942383,30.186895179748536,32.361250228881836,30.272261905117613,32.158757227350314,29563600,1.2131513226088932,1.3441304116939292,0.7629267570408041,6.400683586710646
2022-10-20,29.71786880493164,30.095805358886718,32.247248611450196,30.219462562242757,32.06303611274566,35523700,1.4121853896571772,1.587508645032679,0.7572598961113381,6.475944456558813
2022-10-21,28.39261245727539,29.954644870758056,32.1076895904541,30.045476837960152,31.919097930178197,51671100,1.9304251047803997,2.2366226236985707,0.8232655481314047,6.187152331038034
2022-10-24,28.89059066772461,29.861684703826903,31.97224510192871,29.935487678890098,31.800332939493742,28844800,1.0627504223214137,1.2338772469062598,0.8298817947166759,6.295668835118923
2022-10-25,29.26004981994629,29.78877725601196,31.837712821960448,29.871160263752596,31.700713993629137,25496500,0.9305770844412067,1.0815964892751986,0.8208558340316934,6.376179216413758
2022-10-26,29.26004981994629,29.696122932434083,31.699389190673827,29.812959269104375,31.605001673092552,20328200,0.7422673034250654,0.8578265266317744,0.8168509205765566,6.376179216413758
2022-10-27,29.059255599975582,29.623048973083495,31.56431652069092,29.741177967282585,31.50516849375463,20268000,0.7367587087965566,0.8488573261312528,0.8034210772366324,6.3324233123728675
2022-10-28,30.25600242614746,29.63627338409424,31.47134605407715,29.79020886812686,31.456181589142584,31824300,1.139646162969584,1.3263362365697426,0.8449427523789632,6.59321139329898
2022-10-31,30.015047073364254,29.590452575683592,31.369922904968263,29.811622030530422,31.399666510092455,26630600,0.9449679461532989,1.1033081678677663,0.815755115743985,6.540703809683979
2022-11-01,30.015047073364254,29.51896047592163,31.27244918823242,29.830995844133643,31.345367708652134,22968900,0.8193286640896589,0.9453857778522671,0.8202300608320231,6.540703809683979
2022-11-02,30.288131713867188,29.477315139770507,31.191495361328126,29.874532593632075,31.30390747356253,30648900,1.0687864618777387,1.2495224940467187,0.8308952582322231,6.6002128200859245
2022-11-03,29.838348388671875,29.449605178833007,31.100282135009767,29.871086478873963,31.2464345682727,22329800,0.7986429029230664,0.9067056129924891,0.7786882815213539,6.502198664004591
2022-11-04,29.91064453125,29.465267753601076,31.00751304626465,29.874853912433583,31.194050645252204,17599400,0.6459037023838513,0.7127330949537829,0.7602150840060593,6.51795301728048
2022-11-07,29.870471954345703,29.488158321380617,30.92168151855469,29.87443658309188,31.142145598549988,19697600,0.7254704484855985,0.7958345871612119,0.7409386421582538,6.509198843876702
2022-11-08,30.416648864746094,29.56566619873047,30.84550979614258,29.92607584801133,31.113694746243954,17392700,0.6529851411687521,0.7013769210469775,0.7437499427391192,6.628218527233702
2022-11-09,30.215843200683597,29.64357509613037,30.777959899902342,29.95367273874202,31.078484881712175,17574600,0.6670293820320777,0.7105060996568228,0.7413403297170662,6.584460129363148
2022-11-10,30.93871688842773,29.728712940216063,30.736241607666017,30.047486467283516,31.073003783936315,23049000,0.8918473106638224,0.935850187961789,0.7164418841394568,6.741984542761258
2022-11-11,30.762012481689453,29.805818843841553,30.69098922729492,30.115536563893603,31.0608080465933,22981000,0.8944734610218428,0.9320754998595052,0.7288911670805464,6.703478150167037
2022-11-14,30.77004051208496,29.851198768615724,30.653954124450685,30.177870273245162,31.049405398181207,23028500,0.894467341658675,0.9325852834531181,0.7196547162268082,6.705227571677648
2022-11-15,30.280105590820312,29.876499366760253,30.610279731750488,30.18760697015708,31.019236778284704,25074100,0.9785104370713253,1.014460105384644,0.7397345193806656,6.598463814213591
2022-11-16,30.424678802490234,29.929108333587646,30.569812889099122,30.210185239903097,30.995920779233938,18962200,0.7556258404415754,0.77129231629794,0.7248756304145466,6.6299683643825915
2022-11-17,30.649572372436523,29.97569351196289,30.530052413940428,30.252031633477706,30.982338488771294,18780400,0.7742090806442371,0.7701456881207681,0.7212612986215211,6.678975858061536
2022-11-18,30.962804794311523,30.104203128814696,30.482022972106932,30.31972431546188,30.981572461537578,17821700,0.789791828605818,0.7322955068793052,0.6473677966635163,6.747233638569648
2022-11-21,31.019031524658203,30.210625171661377,30.426903266906738,30.386325002052004,30.983041444405057,19184200,0.8687697643740181,0.7878722168695876,0.6300992488143567,6.75948623935637
2022-11-22,31.48488044738769,30.321866703033447,30.397056045532228,30.490949330179216,31.00272140530634,19809500,0.9087893757500798,0.8145393809508928,0.6309024453717351,6.861001316650314
2022-11-23,31.25998306274414,30.42186336517334,30.370135803222656,30.564190638042543,31.012810097754883,14170000,0.6593835113172454,0.5869868049343014,0.6341154296388257,6.811992991694815
2022-11-25,31.340309143066406,30.53591604232788,30.348771438598632,30.638106686140056,31.02565319757102,7725700,0.3703124075051809,0.3240716388049036,0.6280919162751888,6.829497182119592
2022-11-28,30.713823318481445,30.55880708694458,30.31140193939209,30.645317793982095,31.013424574861627,21560900,1.059530499174795,0.9226158713944278,0.5919484077544928,6.692977049082314
2022-11-29,30.794137954711918,30.597761631011963,30.275796508789064,30.65949114262303,31.00482509956164,14008800,0.7104432181219618,0.602004136436394,0.5827117775514722,6.710478745677427
2022-11-30,31.30817985534668,30.662418270111083,30.260740394592286,30.72127102002528,31.016721364494384,31358800,1.5572038580010121,1.3295388019718628,0.5907435158472435,6.822495755332648
2022-12-01,30.786109924316406,30.687317180633546,30.25277805328369,30.727446153767293,31.00767777860505,26276600,1.3191544370967316,1.113438183515135,0.5999801345443692,6.708729324166814
2022-12-02,30.66562843322754,30.72868118286133,30.235297317504884,30.721558751811123,30.994264078786326,21677100,1.0900333087942458,0.9170861797269086,0.6015865974416201,6.682474701082759
2022-12-05,29.774093627929688,30.72185363769531,30.206462745666503,30.63132397810813,30.946414257184106,27561000,1.352042117821584,1.1580566430500592,0.6300995565179222,6.488196641707257
2022-12-06,29.6295166015625,30.70980587005615,30.1840571975708,30.53591375177045,30.894771211865613,26293700,1.2693363714591572,1.100232426438116,0.6288948423412333,6.456691260261702
2022-12-07,29.85441398620605,30.681694126129152,30.166781501770018,30.471009012192887,30.853972889290727,23065900,1.0984711297666918,0.9629859591145434,0.6212646279540183,6.505699585217201
2022-12-08,29.798189163208008,30.66081142425537,30.140482559204102,30.406930931337186,30.812569605914934,19549100,0.9266333316111222,0.8168564479390703,0.6144376249137856,6.493447400068757
2022-12-09,30.03914451599121,30.615832805633545,30.13085075378418,30.371903653685187,30.782239210231648,20671200,0.9853742154884017,0.8616806474260005,0.603996009787565,6.545954983683758
2022-12-12,30.48090362548828,30.601777362823487,30.140638542175292,30.38228460338072,30.77042212847701,19629600,0.9432568733496873,0.8209265509617583,0.5959642795474258,6.642220549531036
2022-12-13,30.408618927001957,30.583706283569335,30.13018165588379,30.38479263420179,30.75623376763485,30176800,1.4255948816755966,1.2529215099695463,0.5995784804851609,6.626468690084814
2022-12-14,30.07931327819824,30.573666667938234,30.102870140075684,30.355699362201452,30.729687866088316,23329800,1.1066926304454558,0.9707283570866315,0.5786954825844981,6.554708325810979
2022-12-15,30.33632469177246,30.569248962402344,30.08717586517334,30.35385415549393,30.714261859252403,33007200,1.515280334574368,1.3562291576613519,0.5967668014288536,6.610714752447203
2022-12-16,29.81424903869629,30.527482795715333,30.075609893798827,30.302463191989393,30.67896723883844,62763800,2.61711353523695,2.524742060275573,0.6052005446301605,6.496947074366536
2022-12-19,29.741968154907227,30.466440963745118,30.0785013961792,30.249082712267285,30.64222217672349,26127200,1.0709034118261638,1.0558466550765682,0.6164455751039988,6.481196046196868
2022-12-20,29.7098388671875,30.40098133087158,30.084444961547852,30.197726155593017,30.605658125369136,24147300,0.9797853563530867,0.9738478696480471,0.6156423692929878,6.474194619409924
2022-12-21,30.34435272216797,30.343954944610594,30.11400218963623,30.211690590504915,30.595410854655366,24504300,0.9848900171380983,0.9908065245897264,0.62206768204494,6.612464173957814
2022-12-22,30.77004051208496,30.319457817077637,30.15624969482422,30.264866773512537,30.60225907651535,26865300,1.0529216043657448,1.0831803901583084,0.6365248791568501,6.705227571677648
2022-12-23,30.85036277770996,30.294960498809814,30.18853775024414,30.320628297721814,30.611988633424943,16918300,0.6513392777222856,0.6911566042073933,0.643753278042387,6.72273093082587
2022-12-27,31.525035858154297,30.335521125793456,30.234640579223633,30.43533377966777,30.647794406943742,25315900,0.9676449605034098,1.034814897959801,0.6485724975918089,6.869751749309593
2022-12-28,31.1716365814209,30.354396057128906,30.26082447052002,30.50545785602521,30.668337237315395,21793200,0.8207865400227218,0.8909443146312376,0.6746760930429421,6.792741042312537
2022-12-29,31.53306579589844,30.365640354156493,30.296003913879396,30.60332527887028,30.702248161181394,17347000,0.6710374815070124,0.7151055925734221,0.6638330624781746,6.871501586458483
2022-12-30,31.645517349243164,30.40861072540283,30.34146427154541,30.70258166652484,30.739239109732836,44007200,1.6458953131261678,1.792785609611148,0.6317056636975252,6.896006372393648
2023-01-03,32.22380828857422,30.486519718170165,30.391583061218263,30.847460392434304,30.797457508903083,31330700,1.1510081198814484,1.2807399331103242,0.6405404816486243,6.373207096592305
2023-01-04,33.035030364990234,30.649566555023192,30.48443141937256,31.055800389820583,30.885205464043757,28779500,1.0549225380894867,1.198889271029333,0.641343917103101,6.5336501531058975
2023-01-05,33.49283981323242,30.84273271560669,30.576476402282715,31.287899382526472,30.987465634600177,29987200,1.091800446554946,1.2480114852748363,0.6690537491440718,6.6241954542166495
2023-01-06,33.88640213012695,31.044332122802736,30.66900344848633,31.5353758346789,31.10114941873848,26010400,0.9419604136449976,1.0820416218110944,0.6786920404963631,6.7020339929927415
2023-01-09,33.75016784667969,31.24193105697632,30.758805809020995,31.746308407250403,31.205032494344017,23062200,0.8299127289306932,0.9572180931660401,0.6785174910136853,6.675089651272178
2023-01-10,34.22333526611328,31.45114059448242,30.86208740234375,31.982215727142105,31.3233973089232,16695300,0.6051233947482975,0.6950152296976774,0.6846511546213637,6.768672443486086
2023-01-11,33.595157623291016,31.60685329437256,30.92887050628662,32.135829241061046,31.412485948702333,20674800,0.7479441737027158,0.8687439014008363,0.70465994029933,6.64443181446723
2023-01-12,34.10912322998047,31.791878509521485,31.010752029418946,32.32376200191052,31.518236430321082,16980300,0.6293114997973674,0.7193368390711788,0.7071920338647116,6.746083649738328
2023-01-13,34.1499137878418,31.995408535003662,31.093449363708498,32.49768121961826,31.621439463949347,17229800,0.6458588738871878,0.7334729346196859,0.695491507556064,6.75415118385806
2023-01-17,33.32594299316406,32.144889450073244,31.154205589294435,32.57656329328928,31.688282739604826,28697000,1.084467498191263,1.2236654171182335,0.7058434555670361,6.5911866928519816
2023-01-18,32.608036041259766,32.284578800201416,31.20959934234619,32.5795606978579,31.72435149653247,22976500,0.9388713113143055,0.9791982017511822,0.7040902656174136,6.449199450388411
2023-01-19,32.681453704833984,32.43155307769776,31.265015525817873,32.589264793760385,31.761884916465863,24812600,1.0166290131332574,1.050986345386289,0.7013888338169666,6.463719955547708
2023-01-20,32.632503509521484,32.57768630981445,31.32025615692139,32.59338276669001,31.796026822075888,23377900,0.9593582145962762,0.9871391825753355,0.7046166599257015,6.454038612816538
2023-01-23,32.33064270019531,32.67700080871582,31.358536033630372,32.56835990321432,31.81699215062959,34249300,1.3779353640559522,1.4258892151778664,0.7076072768264858,6.3943367478180795
2023-01-24,32.97514343261719,32.787255954742434,31.413722038269043,32.60710119172888,31.86240984796244,32143900,1.2796418711396946,1.322196040194819,0.7640901794391717,6.521805748528541
2023-01-25,32.90171432495117,32.889823532104494,31.45298198699951,32.6351595853691,31.903166886275724,26527000,1.0362155923747314,1.0880392627665474,0.7873242545104097,6.5072829799630565
2023-01-26,32.8527717590332,32.95621032714844,31.494797172546388,32.65588455428949,31.94040629305053,19568100,0.7730608934441271,0.8048643369593723,0.7700581338218241,6.497603146169345
2023-01-27,33.154624938964844,33.05535974502563,31.542488861083985,32.70338363854429,31.988022710537365,17254000,0.687806738026516,0.7130693199755372,0.7642071818613442,6.5573035022303445
2023-01-30,33.489097595214844,33.15316133499145,31.606668701171873,32.77821353917958,32.04688839228942,22272600,0.8792342751595178,0.9226132581653548,0.7605822294491255,6.623455320393452
2023-01-31,33.91332244873047,33.26655158996582,31.67644157409668,32.886319149613,32.12008188469887,18665200,0.775625225563652,0.7733717353621131,0.7589343134015335,6.707358278813648
2023-02-01,34.011226654052734,33.35592250823974,31.743674659729002,32.99345319765488,32.19424442467353,19542000,0.832450134780075,0.8091902681184997,0.7602867886669127,6.726721718744717
2023-02-02,34.12544250488281,33.41044311523437,31.80692741394043,33.10126170310516,32.26997768272095,18443800,0.8033540526066713,0.7633230156966309,0.7378567492239373,6.749311266961204
2023-02-03,33.864376068115234,33.429019927978516,31.863834304809572,33.173939261677546,32.33250310959916,18314400,0.8185259748051998,0.7585137100615884,0.726333014364322,6.697677690551207
2023-02-06,33.67673873901367,33.41853675842285,31.90767147064209,33.22182492618575,32.3852182323213,15530700,0.7107588851153295,0.6455111482190555,0.7191381243665141,6.660566882706694
2023-02-07,33.08120346069336,33.38508853912354,31.944095878601075,33.20843240566266,32.41251177068883,21668500,0.9948264981909846,0.895040907068413,0.7517703765764082,6.5427822426023186
2023-02-08,33.05672073364258,33.3267578125,31.978424110412597,33.19398367499409,32.43777486727525,14080200,0.6503427414605623,0.5785607339201642,0.7423885497080078,6.537940062299276
2023-02-09,32.47748947143555,33.270874404907225,32.01369743347168,33.12574613179803,32.43933230273252,17485700,0.8136299074378897,0.7209083584668854,0.7321908870820153,6.423380021542861
2023-02-10,32.64065933227539,33.197451210021974,32.050627861022946,33.079547388986356,32.44722748036165,15398500,0.7191566739686861,0.6341296801270097,0.712611249803939,6.4556516669592465
2023-02-13,32.89356231689453,33.13463363647461,32.082335510253905,33.06183452497761,32.464730807284504,14486000,0.6809028284541799,0.6049588080098116,0.7142429126860559,6.505670680289077
2023-02-14,32.90171432495117,33.11342220306396,32.1246475982666,33.04658498211795,32.48186741582045,12292400,0.600964141570068,0.5194173452704728,0.695479408740389,6.5072829799630565
2023-02-15,32.942508697509766,33.13014583587646,32.17018520355224,33.036672955012406,32.49993177980827,11265200,0.5669765311617654,0.480238524890323,0.6652944207796541,6.515351268551518
2023-02-16,32.50196838378906,33.12117156982422,32.22474269866943,32.98574871013399,32.500011646631044,16625900,0.8543818939426446,0.715436867501982,0.6599917882231203,6.428221447377175
2023-02-17,32.811981201171875,33.13014545440674,32.28839199066162,32.96919942356617,32.512245746809114,15029200,0.789260445128775,0.6530596495503208,0.662847117950158,6.489535612049613
2023-02-21,31.97984504699707,33.112605571746826,32.33090061187744,32.874975197226256,32.49136728799296,17805500,0.9772534926020613,0.777250700728251,0.668558140564499,6.324956180729003
2023-02-22,32.04511260986328,33.06610403060913,32.37583908081055,32.79594066509645,32.47386710453689,15086800,0.8687007635420683,0.6611489410783895,0.5967666974855087,6.337864763448684
2023-02-23,31.433256149291992,32.99268112182617,32.40372131347656,32.66616118740079,32.43305883178219,16738200,0.9917378876022099,0.7360555247831129,0.5812662257391056,6.216852128887069
2023-02-24,31.60457801818848,32.93027143478393,32.42619480133057,32.56505802842819,32.40056938811185,16431500,0.9826973146942897,0.7246066203860376,0.5824898934431024,6.250736073977436
2023-02-27,31.718793869018555,32.85847988128662,32.4523983001709,32.48446144181775,32.373833093245445,14210900,0.857697604996421,0.6356318460281385,0.5665815705072419,6.273325622193922
2023-02-28,31.661680221557617,32.76710901260376,32.48404563903809,32.4061013256025,32.34590552964985,16685300,1.0243107513247196,0.7507705327436707,0.5584240862816501,6.262029716382585
2023-03-01,31.24561882019043,32.63372383117676,32.50223152160645,32.29557918222992,32.30275703123968,18411700,1.1311746541972474,0.8394778410167568,0.5620948594746732,6.179741321042556
2023-03-02,31.33536148071289,32.49993057250977,32.53265377044678,32.20412987732354,32.26481995082686,18818900,1.158766082128806,0.8938640200412038,0.5478182004707468,6.197490575127823
2023-03-03,31.212989807128903,32.35430793762207,32.562074203491214,32.109735584924046,32.223571709897534,23407500,1.4196128852271108,1.1146942392392183,0.5363967189481741,6.173287972768626
2023-03-06,31.123247146606445,32.217251491546634,32.59034236907959,32.015784305084274,32.18042172702337,22925600,1.3712131135382593,1.0930173727286692,0.5261990613960729,6.15553871868336
2023-03-07,30.927453994750977,32.079787254333496,32.60200439453125,31.91213379933825,32.13128573752249,23713500,1.384459098512116,1.1314350232756847,0.5274228883094588,6.116814856696138
2023-03-08,30.617441177368164,31.956599140167235,32.59895240783691,31.788829740103004,32.0719192841831,20295600,1.1896805952975154,0.9744668894630474,0.5029491049625303,6.0555006920237
2023-03-09,29.817951202392575,31.794660663604738,32.57830417633057,31.601127022225825,31.983528379014846,26506900,1.499170863252388,1.2610827454570022,0.5253839267747669,5.8973780040863
2023-03-10,29.92400360107422,31.66698637008667,32.54628353118896,31.44140098211615,31.902762701448548,23940700,1.3297589007647834,1.1404864866306879,0.5090676234391607,5.918352989222621
2023-03-13,29.809791564941406,31.52544298171997,32.51904663085938,31.286009609051888,31.82068540197768,21834500,1.191475963393266,1.0401104547809068,0.5331342555502816,5.895764195474863
2023-03-14,30.087167739868164,31.385123252868652,32.490128669738766,31.17183419293915,31.75270431718907,22433200,1.198165887320107,1.0634768618453807,0.5270155987960263,5.950623502935913
2023-03-15,30.2340145111084,31.251738262176513,32.46189861297607,31.082518032764796,31.693147854205513,21722200,1.131692302562617,1.0519986288596377,0.5298707810284494,5.979666776660694
2023-03-16,29.842424392700195,31.096734046936035,32.414270935058596,30.964413876568166,31.620570463558245,29164400,1.451730763487212,1.415391663649626,0.5429237938317539,5.902218298217521
2023-03-17,30.013748168945312,30.97232303619385,32.353845291137695,30.873874285365993,31.557557824553815,47352500,2.189637066586885,2.257392032279717,0.5425159205632133,5.936102620542251
2023-03-20,30.53586196899414,30.85851707458496,32.29470573425293,30.841682636187723,31.517491320414216,19247800,0.881444323445069,0.9270752917417965,0.5502657968162101,6.0393660010186005
2023-03-21,30.78876495361328,30.79896306991577,32.23275299072266,30.83664285689492,31.488913815833786,16648100,0.7644180415900057,0.8091576577456696,0.5237514769828412,6.089385014348431
2023-03-22,30.437971115112305,30.718605995178223,32.16650905609131,30.79867411958229,31.447700376589808,15321800,0.7031399864344803,0.7503404294205065,0.5278304832057449,6.020005201728083
2023-03-23,30.48691749572754,30.6712890625,32.09178070068359,30.768983012548503,31.410022616555995,15799000,0.7266052784316106,0.7743897226685865,0.5143696595881047,6.029685789990524
2023-03-24,30.723499298095703,30.62723512649536,32.03434753417969,30.764651230219663,31.38310013347912,14957700,0.6902526962527267,0.7372854162138023,0.5053958279556591,6.076476808863114
2023-03-27,31.04166030883789,30.593378448486327,31.972998275756837,30.791033047230922,31.369710336434366,14472800,0.6674726750030036,0.7151518625434715,0.5070272189311785,6.139402518740803
2023-03-28,31.000873565673828,30.56033811569214,31.910017471313477,30.811017858511196,31.355246149345717,13092600,0.6088632701416291,0.6496073657693446,0.505803551415654,6.131335739089799
2023-03-29,31.39246940612793,30.567680644989014,31.871347999572755,30.866394196379456,31.356705884905804,12308900,0.5806575177809824,0.6208189954704912,0.4996854419897687,6.2087853492360665
2023-03-30,31.539310455322266,30.577878093719484,31.849973487854005,30.930481459135912,31.36386684845155,13918700,0.6642756237710707,0.708485177278835,0.49111944546022723,6.237827491257754
2023-03-31,31.72694206237793,30.603575706481934,31.83088325500488,31.006334849920865,31.378105092134938,22801500,1.0897867886382864,1.1630157176334637,0.4931590947190065,6.189583183908893
2023-04-03,31.996170043945312,30.647221851348878,31.81815658569336,31.100604868399387,31.402342933382403,19354900,0.9330196417195706,0.9912862644657864,0.49764650852811804,6.242106650685833
2023-04-04,32.34696578979492,30.718197441101076,31.81848304748535,31.219305908532295,31.43938696696721,18577100,0.9067509064653672,0.9669734814272549,0.48622518059092723,6.310543105898837
2023-04-05,32.72224426269531,30.82343759536743,31.813425064086914,31.362442894643056,31.48969509621145,23561300,1.1409371923549805,1.237467134875425,0.4907120183320931,6.383755876312715
2023-04-06,32.74131774902344,30.969605922698975,31.810217132568358,31.493764309345952,31.538778337498194,21546600,1.0560601564048882,1.137604134922239,0.47032725167738504,6.387476907164127
2023-04-10,32.63350296020508,31.10508089065552,31.805831756591797,31.60231084752301,31.58170871485925,16114300,0.8052521813087927,0.8539071273263422,0.4698423586052877,6.366443408173434
2023-04-11,32.716434478759766,31.250413036346437,31.797067947387696,31.70841786002175,31.626207764423974,12539700,0.6415233628292778,0.6678234028173875,0.4493293306306919,6.382622450315375
2023-04-12,32.50910186767578,31.371509742736816,31.777468032836914,31.784673479798325,31.660831062590713,13095200,0.6863364527665435,0.7042920878147121,0.4533584339811233,6.342174100754353
2023-04-13,32.60862350463867,31.49024019241333,31.75137405395508,31.863144910735503,31.69799939365142,13515800,0.7239494716927872,0.7309617502758453,0.4397597983689657,6.361589695530852
2023-04-14,32.52569580078125,31.624403762817384,31.72166343688965,31.926244995501765,31.73045807628396,11008400,0.619781794965413,0.6009030029975281,0.43644624411143573,6.345411397595082
2023-04-17,32.7247314453125,31.75995292663574,31.693649215698244,32.00229132405517,31.769449188794884,11572900,0.7245400057785899,0.6364910926775997,0.4244587049335413,6.384241098735739
2023-04-18,32.29348373413086,31.847834014892577,31.662231369018556,32.03002393453857,31.789999563121786,16588500,1.0472676721092893,0.9140764298709939,0.4113964573769106,6.300109335391477
2023-04-19,32.01151657104492,31.90897159576416,31.62892692565918,32.02826132849155,31.798686504608966,17701200,1.1138122548166756,0.9730619733590394,0.414161235497685,6.245100592108879
2023-04-20,30.84218406677246,31.929182243347167,31.58414653778076,31.91530158928021,31.761176605085964,31521300,1.8872295152438987,1.7142048864571,0.45441380780896595,6.016976470010602
2023-04-21,30.949995040893555,31.95233612060547,31.542012023925782,31.823367632291006,31.72936556335293,23823800,1.3929065474874969,1.2820098880901014,0.4509991696373362,6.0380092247951245
2023-04-24,30.76754379272461,31.954538345336914,31.507813110351563,31.72281298090373,31.691647062543975,20362500,1.1720166456581425,1.0923677758882446,0.4537909494607192,6.002414959979769
2023-04-25,30.933412551879883,31.949125957489013,31.47366817474365,31.647631987663367,31.661912375851266,24959400,1.3945177819259222,1.3253774788101775,0.4637063548137915,6.034774160572907
2023-04-26,30.61826705932617,31.929995632171632,31.42816226959228,31.549597232583633,31.62098510853656,21499300,1.1736345068513827,1.133201111690673,0.47350656719011114,5.973292684124275
2023-04-27,32.169090270996094,31.968826675415038,31.413509788513185,31.608596569575298,31.642479428633013,28841000,1.5064373938700988,1.4941080101098494,0.5310735995751956,6.2758415163847365
2023-04-28,32.20226287841797,32.00197429656983,31.398704872131347,31.665136218036505,31.66443172078144,19197500,0.9890973877730612,0.9864194487231963,0.5408199651632832,6.282313133241513
2023-05-01,32.102745056152344,32.020764446258546,31.390720405578612,31.706813250238014,31.681620479031277,17043500,0.8913400354893859,0.8753654439507772,0.5411575068058478,6.262898282671184
2023-05-02,31.240253448486328,31.982968616485596,31.359285850524902,31.66237898340452,31.664311968029516,17268700,0.9080712418953667,0.8848962108218195,0.5635997165898067,6.094635500188831
2023-05-03,31.49734115600586,31.940487384796143,31.349635772705078,31.646661095080837,31.657764093048193,16703200,0.882683456634328,0.8568864414106102,0.574263014857158,6.144790530828847
2023-05-04,30.97487449645996,31.853118896484375,31.328231010437012,31.582681419021707,31.630984108868265,16163100,0.8711714010907496,0.8282642623733091,0.5755443850977299,6.0428629374377065
2023-05-05,31.372949600219727,31.78470048904419,31.327024879455568,31.562706960088185,31.620865108529106,15817400,0.8659080787667924,0.8113148086521097,0.5780323824523185,6.120523083925192
2023-05-08,31.372949600219727,31.721672821044923,31.32239231109619,31.544634830576904,31.611142931732658,10672400,0.593084423559329,0.550667964306578,0.5772030539306574,6.120523083925192
2023-05-09,31.157325744628903,31.64371738433838,31.311162948608395,31.50774825096281,31.593346179297217,12226800,0.6800564767025259,0.6321652948760424,0.5759591574465844,6.07845720225306
2023-05-10,31.20708465576172,31.578616523742674,31.302071037292475,31.479113622848416,31.578198668570337,14427500,0.7994974982973793,0.7476942875379069,0.576373748490998,6.088164627538225
2023-05-11,31.18220329284668,31.507295513153075,31.3008027267456,31.450836448562534,31.562669438149804,11068700,0.6175573713738304,0.578026320571882,0.5730564171660054,6.083310542792558
2023-05-12,31.173912048339844,31.439706325531006,31.29757373809814,31.424462696160372,31.547424050314117,10670700,0.5959130973329752,0.562025062039915,0.5647634033188789,6.081693010681449
2023-05-15,30.493877410888672,31.328163623809814,31.283191490173337,31.335835526134495,31.506108495826844,20408700,1.1122962068337816,1.0783312519140147,0.587154920002915,5.949025609323706
2023-05-16,29.89676284790039,31.20832757949829,31.258661804199214,31.198780985350297,31.44299690179051,20244700,1.0924733434172986,1.0727049893045832,0.5933746754447606,5.832535017489393
2023-05-17,30.00457763671875,31.10798063278198,31.24020427703857,31.085047333099673,31.38658830316025,16741100,0.9057534559338508,0.8936631064485674,0.5863254244520153,5.8535685164800855
2023-05-18,29.963111877441406,31.06402702331543,31.227117691040036,30.978196337322693,31.3307656982301,20365900,1.13615424460239,1.0870783614084112,0.5382252573588235,5.845478995409115
2023-05-19,29.89676284790039,31.01136541366577,31.22869392395019,30.875202671663427,31.274530292334816,16829200,0.9575339398761861,0.9076761555245156,0.5427865070627391,5.832535017489393
2023-05-22,29.822126388549805,30.96409454345703,31.2266563796997,30.774909692319273,31.21757327650011,16634300,0.9565904726250355,0.9042913433469353,0.5390545882132989,5.817974251664731
2023-05-23,30.054344177246094,30.92014112472534,31.231547431945796,30.706284405169445,31.171956449078383,21539700,1.250986603105905,1.1713393097485174,0.5523236037619578,5.8632774301775905
2023-05-24,29.747486114501957,30.87660207748413,31.224753799438478,30.614970282248734,31.11609486733029,16044200,0.9468165872597396,0.8785964973766741,0.5432012574904336,5.8034127416339
2023-05-25,28.876708984375,30.711983013153077,31.19760768890381,30.449421587213138,31.028275813096748,32465900,1.8956352260160474,1.757188930703997,0.5116867937054446,5.633533543349693
2023-05-26,29.02598762512207,30.55316925048828,31.181278953552248,30.313856447966373,30.949754707685972,18216700,1.0667001607952395,0.9977877087750567,0.5054670331659414,5.662656191308272
2023-05-30,28.943058013916016,30.395184898376463,31.15986515045166,30.183304216152052,30.871060719694995,19353300,1.1256427720173954,1.0935855839932247,0.4992472715796138,5.646477521269416
2023-05-31,29.5484561920166,30.31059503555298,31.14011703491211,30.12284249956772,30.819193875472315,53756700,2.8266949774181795,2.923580230772527,0.4951005472954012,5.764584156802497
2023-06-01,29.623096466064453,30.21688280105591,31.116803665161132,30.075247639234075,30.772288094711225,20565300,1.0705175237752669,1.1137070453276758,0.48639294981763415,5.779145666833329
2023-06-02,28.677675247192383,30.10202283859253,31.081597747802736,29.942145506658676,30.69014641441637,61527900,2.864580071889307,3.173217808378138,0.5407133590383559,5.59470421431212
2023-06-05,28.578155517578125,29.96228313446045,31.043422508239747,29.812241698174812,30.60732324199134,30125600,1.3573596602545748,1.531061610115163,0.5415426882752431,5.575288991638707
2023-06-06,28.77719116210937,29.83249521255493,31.004496345520014,29.71366545664477,30.535553356505773,18406700,0.8151417697548999,0.9322084457527077,0.5390546865514045,5.614118692779363
2023-06-07,29.241607666015625,29.736709308624267,30.96849529266357,29.668707571822946,30.484810388251258,25494100,1.0967871970580372,1.276895642163696,0.5494209289761885,5.704721328774232
2023-06-08,29.382591247558597,29.64548463821411,30.936129646301268,29.641458398083483,30.441586108224094,17749700,0.7581954302041545,0.8848821192462372,0.5461035959079206,5.7322257004155315
2023-06-09,29.41576766967773,29.557162857055665,30.896595611572263,29.619964042997218,30.401357934163453,14953900,0.633513262074971,0.7435412070468329,0.5477622621863848,5.738698061478477
2023-06-12,29.531869888305664,29.475060749053956,30.85644680023193,29.61157412350278,30.367260363737657,14044500,0.5907651848778078,0.6982364638475635,0.551494022649323,5.761348348374109
2023-06-13,29.42405891418457,29.42156982421875,30.81038913726806,29.59371553213914,30.330272071598323,17706700,0.7490680909650671,0.8847886430129395,0.5291026625734508,5.740315593589586
2023-06-14,29.63138771057129,29.408301067352294,30.763093490600582,29.59730335865649,30.302864841754126,16538700,0.7051846874206525,0.8287571884302015,0.5191510039610826,5.780763198944438
2023-06-15,30.22020149230957,29.419082260131837,30.720558204650878,29.656626990432976,30.299623141775907,18890900,0.8018040367997362,0.946328735032663,0.5394692683709662,5.895634398152216
2023-06-16,30.23678398132324,29.432765865325926,30.670848999023438,29.71188003718443,30.29715886097384,36102100,1.4827965559227192,1.7860727869891226,0.5419572322498535,5.898869462374433
2023-06-20,29.697731018066406,29.422814273834227,30.609977264404296,29.710532511554142,30.27365188674218,17687900,0.7252040160326426,0.8784241751963553,0.5498357004155873,5.793706060554905
2023-06-21,29.714319229125977,29.417423915863036,30.551593589782716,29.710893151322885,30.251717272718015,17121200,0.7012693437140136,0.8494309558772385,0.5519089543781404,5.796942241086379
2023-06-22,29.73090362548828,29.401251888275148,30.491882972717285,29.71279891076721,30.231293208120768,12431200,0.5188495756946404,0.616813251938383,0.5203949275714743,5.800177677411682
2023-06-23,29.448930740356445,29.38632411956787,30.430679550170897,29.68766860882333,30.20061232703197,18991500,0.787815746981367,0.9368415434259094,0.5286880958877489,5.745167817819828
2023-06-26,29.946521759033203,29.43981475830078,30.37743751525879,29.712321289795696,30.190647991032016,15840000,0.6805518140959295,0.779591936775094,0.5083700823555107,5.842242442774557
2023-06-27,30.31142807006836,29.504086780548096,30.33315216064453,29.769379078393094,30.195384464719716,17757800,0.763701287851925,0.8682115510887969,0.5158342290063093,5.913431716611436
2023-06-28,30.53533744812012,29.583700752258302,30.289364280700685,29.84232749455757,30.20871595426483,16756400,0.7246813052601715,0.8151197306219105,0.527029826555637,5.9571140140854215
2023-06-29,30.676319122314453,29.640093898773195,30.257020988464355,29.921755268629653,30.22705333340403,16740800,0.7870007232632925,0.8142402154549805,0.4955159646359476,5.984618013623635
2023-06-30,30.84218406677246,29.701048278808592,30.233634338378906,30.009415154167066,30.251176107261617,19098300,0.9009356648730475,0.9276437577521006,0.4921986318108836,6.177527882158048
2023-07-03,30.916826248168945,29.81300582885742,30.235127182006835,30.09583525835772,30.277280034356025,10367100,0.5561672841921959,0.5141165205810259,0.4266827260274651,6.192478320031177
2023-07-05,31.08268928527832,29.938232517242433,30.23778106689453,30.18982135615968,30.308864710862782,19868300,1.0960375431874088,0.9891727348918692,0.4163163058231186,6.22569981738507
2023-07-06,30.792428970336918,30.03899440765381,30.238278770446776,30.24721255750989,30.327828015155884,21558200,1.1790123743742469,1.0720305556207534,0.4167309802874561,6.167562197015758
2023-07-07,30.305349349975582,30.092181491851807,30.225717506408692,30.252749394887577,30.326946498874303,20482700,1.135757534422419,1.0231040180809798,0.415398703249906,6.070002700934066
2023-07-10,29.66378402709961,30.106241130828856,30.20662784576416,30.196657455098244,30.300940127432156,30326400,1.6249277322307019,1.501552531166484,0.4368441661098961,5.941500528010396
2023-07-11,29.53716087341309,30.112310791015624,30.1539892578125,30.133848256842512,30.270987999823568,28340300,1.4659369819294403,1.4039107566067568,0.4434426602054577,5.916138573722989
2023-07-12,29.427417755126957,30.10708818435669,30.098492355346686,30.06656916144103,30.237906813757036,27299600,1.3653005042933828,1.3415878066850777,0.4483974926175138,5.894157602089469
2023-07-13,29.241703033447266,30.097970390319823,30.04127151489258,29.988010482584478,30.198839998842924,25641900,1.2574449914709471,1.2495631238946523,0.4516266942486265,5.856959916321829
2023-07-14,28.709880828857425,30.05189504623413,29.9906640625,29.866283848896185,30.14044944315722,31576000,1.493383680328113,1.5175780193030772,0.46001731706412236,5.750438715031679
2023-07-17,26.557275772094727,29.86874876022339,29.891862754821776,29.551140222534137,29.99993282860575,97510600,3.8887709090938096,4.348689331563602,0.5437532707688215,5.319283199954127
2023-07-18,27.241044998168945,29.718961811065675,29.817186164855958,29.331131153546973,29.891741148980778,79722200,2.924949882447556,3.364633862645019,0.5935226387370516,5.45623859357639
2023-07-19,28.67612075805664,29.667881298065186,29.763249588012695,29.26874921111932,29.8440697611014,61881000,2.1001117405650493,2.5139099687025706,0.645099163495984,5.743676749723906
2023-07-20,28.39754676818848,29.60204267501831,29.70374153137207,29.185777549887813,29.787343369222462,32839900,1.0855623405244894,1.3105141948194625,0.6462922301882112,5.68787983904051
2023-07-21,28.60014533996582,29.545504760742187,29.65259792327881,29.130003053704765,29.74078658376142,25179400,0.815159610630608,0.9945318404309499,0.6562598588292217,5.728459271525911
2023-07-24,28.684555053710938,29.50728597640991,29.6021473312378,29.087579434657737,29.699365739445714,30784200,0.9779419671582765,1.2003988617497634,0.6689454431443433,5.745366094955034
2023-07-25,28.904041290283203,29.45516195297241,29.55658409118653,29.07009961138397,29.668176545360907,35719500,1.0999912849414566,1.3665739893102729,0.694323250235847,5.7893280382220755
2023-07-26,28.98845863342285,29.389013481140136,29.51287502288819,29.06232428014958,29.64152094097118,27916000,0.8464411026657013,1.0541142438414406,0.7061420804984022,5.806236389778952
2023-07-27,28.32156753540039,29.27832498550415,29.469428825378422,28.991776018744893,29.589758062321348,28097500,0.837543906035309,1.054842657908416,0.7255959413753234,5.672661596778637
2023-07-28,28.72676086425781,29.180847072601317,29.446028785705572,28.966536480222313,29.55591503494631,30642100,0.8948542398699163,1.1414614070557596,0.7431682913836198,5.7538196976855644
2023-07-31,28.768972396850582,29.077186489105223,29.42131668090821,28.947720853234532,29.52505453933471,24500400,0.7098959179188278,0.9074286750483559,0.7384001371078606,5.76227444651191
2023-08-01,28.22027015686035,28.942358684539794,29.386459846496585,28.87843983453223,29.473886524335715,27289500,0.7717883971409085,1.0055722028072522,0.7623482823895353,5.652372262567875
2023-08-02,28.127410888671875,28.794594764709473,29.351072807312015,28.806913268259816,29.42108355823125,20481600,0.5787487513934237,0.7526865281988443,0.7639485058264921,5.633773037652117
2023-08-03,27.90793228149414,28.650369930267335,29.312788925170903,28.72129603142499,29.361744292476853,20465700,0.579193472728392,0.7499902154635547,0.7714355522068506,5.589812622512828
2023-08-04,27.536500930786133,28.51192750930786,29.262432060241704,28.608458402792717,29.290166121430158,24584000,0.6917297718141503,0.8989046044435812,0.7681855158707304,5.515416868945612
2023-08-07,27.460525512695312,28.401764583587646,29.216692848205568,28.499131460878676,29.218415509322906,24314000,0.6899688898209299,0.8836879291369072,0.7551011377328163,5.500199390747616
2023-08-08,27.494291305541992,28.299621105194092,29.189044494628906,28.403432398465657,29.15080279544914,22178900,0.6349309499816783,0.8121611082381756,0.7496140520916885,5.506962502151204
2023-08-09,27.612476348876957,28.208874034881593,29.160774269104003,28.32810325088578,29.090476268132583,20798500,0.6010059774066138,0.760175370486124,0.7479256963606657,5.530634347143607
2023-08-10,27.87416648864746,28.1404972076416,29.139396438598634,28.28487117829165,29.042777845407674,19031600,0.555251646723926,0.6957596230126089,0.7551009486890206,5.58304951110924
2023-08-11,28.161176681518555,28.11306200027466,29.11165084838867,28.273090750027546,29.008205250745355,15271400,0.45640219483329547,0.5744584504495449,0.7458151109521836,5.640536149055704
2023-08-14,28.330013275146484,28.201698875427248,29.085789184570313,28.278511942896014,28.981609486996376,17934000,0.6083122438866044,0.6759545908073794,0.6483148496626274,5.674353234201395
2023-08-15,28.07676315307617,28.243484783172608,29.07377094268799,28.259297772436984,28.94612531703872,15528600,0.5910728158499445,0.6063163635605451,0.5917561754756034,5.623628561562704
2023-08-16,28.085205078125,28.213938999176026,29.063911933898925,28.242717515835842,28.912363739042103,17395100,0.7233613174207234,0.6860139768579376,0.5330869252998207,5.625319434921586
2023-08-17,27.90793228149414,28.189458274841307,29.046526756286625,28.210833207803297,28.872974270118654,19128000,0.8187655166509716,0.7539257704740627,0.5389960174318851,5.589812622512828
2023-08-18,28.009227752685547,28.159912395477296,29.021879158020024,28.19163268826827,28.839101857670297,21722700,0.936760767367001,0.8587483203713506,0.5381518338951512,5.610101574691653
2023-08-21,27.85727882385254,28.118548583984374,28.9913729095459,28.159789463085822,28.800598993599014,27074400,1.176959768384834,1.062480162673144,0.5195803728379659,5.579667000327601
2023-08-22,28.02611541748047,28.07465229034424,28.96357986450196,28.147058601599596,28.77022708865319,21722000,0.9739147589200047,0.8479318106993989,0.4858140041897487,5.613484085473292
2023-08-23,28.017667770385746,28.026112747192382,28.93329582214356,28.134735665293515,28.740714958525054,15766400,0.7266854471172992,0.6146250063932477,0.4655541776934207,5.611792066018596
2023-08-24,28.178062438964844,28.018937492370604,28.908375892639164,28.138862024690788,28.718650153836418,18561400,0.8747325280525968,0.7231012407964453,0.44487234821385024,5.643918277805406
2023-08-25,28.152734756469727,27.9902361869812,28.878802833557135,28.14018323724116,28.696457393155374,14912100,0.7298041918923859,0.5816717067214695,0.4334763243997264,5.638845275696823
2023-08-28,28.32156753540039,27.96786594390869,28.84083015441895,28.157457932303945,28.68175583010616,16050400,0.8020982968204466,0.6274634657262586,0.43685304258173774,5.672661596778637
2023-08-29,29.283906936645508,28.02104778289795,28.821772613525397,28.264738789860285,28.705369598990057,28782800,1.4330366967087176,1.1316916357722886,0.446138728118674,5.865413137020421
2023-08-30,29.241703033447266,28.076762390136718,28.812652053833013,28.357783003535232,28.72640228269426,15021400,0.7581905465176202,0.5918574000890462,0.4427621725461609,5.856959916321829
2023-08-31,29.528717041015625,28.157801628112793,28.808940010070806,28.469300530914317,28.757865606550002,24333200,1.216322774510767,0.9533331713964005,0.438963498223872,5.914447318332169
2023-09-01,29.427417755126957,28.252347469329834,28.802870292663577,28.56054979036314,28.78412255355302,14748700,0.7558094843746317,0.5767814634646151,0.4296777416886391,5.894157602089469
2023-09-05,28.95469093322754,28.327055740356446,28.792985496521002,28.598087042064513,28.79081150961869,17486000,0.9120411758999144,0.6846359792925611,0.43474265887937663,5.799472896343427
2023-09-06,28.8533878326416,28.395010566711427,28.77112281799317,28.62240140307185,28.793265483070567,19187100,1.0086375342418226,0.7492759354067918,0.43769704396955156,5.779182416036849
2023-09-07,28.541051864624023,28.44143934249878,28.735715293884283,28.61465382798158,28.78337475293541,26605800,1.377599879460399,1.0318531898372052,0.4495152310669848,5.716623158013741
2023-09-08,28.237154006958008,28.459588718414306,28.68975162506104,28.578701464074577,28.76195433152453,24872400,1.268663739381322,0.9585921224511599,0.449093252791014,5.655754009285637
2023-09-11,28.650789260864254,28.484069347381592,28.649241027832037,28.585566968530735,28.757594916988836,18883900,0.9544158392222308,0.7265926946958606,0.4562686303923348,5.738602983551446
2023-09-12,28.73520851135254,28.504329109191893,28.607101516723638,28.59981854403757,28.75671701872859,15784400,0.802120504066908,0.6088865088842946,0.4533140823335584,5.755511717140261
2023-09-13,28.5832633972168,28.529654121398927,28.560430259704596,28.598241863387972,28.749914915924204,21027900,1.0538554891031837,0.804538401740211,0.47188557301333367,5.725077906840087
2023-09-14,28.73520851135254,28.562154293060303,28.513480644226078,28.611286306051266,28.749338194176296,26570100,1.3016866748595377,1.011399114098409,0.47272955470811057,5.755511717140261
2023-09-15,28.52416610717773,28.59296598434448,28.46811538696289,28.602989144253783,28.74050791625478,38205200,1.788137788622673,1.436092543642062,0.4676644765257659,5.713241029264038
2023-09-18,28.304685592651367,28.607738876342772,28.42810211181641,28.57457928219641,28.72341684474092,16233700,0.7696810060372762,0.6121628300259312,0.4630217340993831,5.669280232092812
2023-09-19,28.194944381713867,28.62462215423584,28.398725318908696,28.53842357738855,28.702692434426137,23379300,1.11826777144754,0.8862625047119644,0.46428792272658104,5.64729964249123
2023-09-20,28.3637752532959,28.64150514602661,28.37525760650635,28.521790403665438,28.689401564577892,23742000,1.1301564996851157,0.903160376586912,0.47061902479134565,5.681115581541106
2023-09-21,28.102088928222656,28.645726203918457,28.348751029968263,28.48181883457565,28.66636969648553,17993800,0.852016281012241,0.6893760506550295,0.4803268478229953,5.628701181639348
2023-09-22,28.09364318847656,28.641505241394043,28.325789833068846,28.444849725423353,28.643909833426356,22740000,1.0662035511048615,0.87315332295891,0.4803266856653668,5.62700954421659
2023-09-25,27.99234962463379,28.633485984802245,28.311439208984375,28.40175447772911,28.618358452689396,17616900,0.8207936822242671,0.6837702975203648,0.4765277242828807,5.606720974069704
2023-09-26,27.848838806152344,28.609849548339845,28.337270469665526,28.349095842340844,28.588181211648727,18841600,0.8721828317704965,0.77886901122708,0.4765275626243888,5.577976509000658
2023-09-27,27.350786209106445,28.51319351196289,28.339465293884277,28.25401873441376,28.539655917431386,22083500,1.038351558420705,0.958560130565756,0.4554235269838589,5.478219183177972
2023-09-28,27.477405548095703,28.42497863769531,28.31549098968506,28.18005557381204,28.497999040202536,18772100,0.8749367291560438,0.8465043910941286,0.44782591181809916,5.503580373401503
2023-09-29,27.359230041503903,28.316504287719727,28.294724655151366,28.10188171359222,28.453341432410433,19787600,0.9321418308751136,0.9029259260881691,0.44276102549892415,5.479910438568791
2023-10-02,26.810522079467773,28.18565950393677,28.258932189941405,27.978895081770844,28.38891714405974,24722600,1.1378852702388917,1.1285848887785175,0.460910478873385,5.40932049612539
2023-10-03,26.996238708496094,28.087736892700196,28.22516586303711,27.885308760506582,28.3343023034494,21389400,0.9757063292455763,0.9848722328411934,0.4452934003655596,5.446790887969924
2023-10-04,26.62480735778809,27.97630786895752,28.179581184387207,27.765261007866723,28.26726328597249,23694100,1.0698407459324075,1.1032089677743657,0.4507806723006224,5.371850489109619
2023-10-05,26.861173629760746,27.892313957214355,28.137035484313966,27.679157448047107,28.212122515140656,22774400,1.0372865962872133,1.0654887454289212,0.44107285264354024,5.41954000876107
2023-10-06,26.59820938110352,27.810366725921632,28.102568321228027,27.5762100131001,28.148831804001944,31291800,1.40468646297266,1.4596083959271384,0.4595035494319468,5.366484052006721
2023-10-09,27.115516662597656,27.733603096008302,28.070343437194825,27.532334455909393,28.108309641593934,20344300,0.910270300744058,0.9581663686491683,0.4652533178285271,5.470856539505729
2023-10-10,27.382789611816406,27.665982151031493,28.04261978149414,27.518092089805297,28.079857875720304,19151900,0.8505109887108643,0.906574612635194,0.46990649645701216,5.524781824436159
2023-10-11,27.124135971069336,27.593025779724123,28.02069709777832,27.480572459449494,28.042378585341833,15694200,0.7053121316949363,0.7511465919467046,0.46070310765387673,5.472595580686654
2023-10-12,26.649940490722656,27.488762378692627,27.991147689819336,27.40146465290408,27.98777316986657,21718300,0.9867991649717034,1.0382394593236421,0.473673230562874,5.376921377722374
2023-10-13,26.443016052246094,27.384704875946046,27.961849365234375,27.310183833793797,27.927194459371652,24528400,1.1502183236150818,1.1680387374149068,0.48447891766315776,5.335172074859759
2023-10-16,26.943078994750977,27.316624546051024,27.94998092651367,27.27522146817067,27.888601696053193,21087900,0.977753544014071,1.0075574814077817,0.4956614833774891,5.43606532551063
2023-10-17,27.1672477722168,27.265239715576172,27.9441153717041,27.264938259032206,27.86031330688314,21186000,0.9873222344631662,1.0152793163460065,0.4943696154951317,5.481293865221384
2023-10-18,26.77064323425293,27.185583114624023,27.92964241027832,27.217862542386563,27.817581147172152,22024300,1.0305137689671444,1.0556088955214495,0.4923057982707407,5.401274496344294
2023-10-19,27.227598190307617,27.14185857772827,27.921944847106932,27.21878974695047,27.794444560628445,28806600,1.314601811407445,1.3701616905519602,0.5070632732730015,5.493470232117962
2023-10-20,27.218976974487305,27.09812526702881,27.908841056823732,27.218807578144457,27.771877204309188,27271200,1.231797403311885,1.287043585674962,0.5080169916947647,5.491730806108274
2023-10-23,27.06378555297852,27.051697063446046,27.88689323425293,27.2040435757477,27.744108904257004,31725800,1.3887536769855722,1.4743764253688776,0.5079555084877327,5.460419213790077
2023-10-24,29.57272720336914,27.137891483306884,27.91174751281738,27.429632492664027,27.815819425790814,61617900,2.4663324342774255,2.7518074480148798,0.6251052694686164,5.966626047540405
2023-10-25,29.04679679870605,27.222692012786865,27.93114818572998,27.583648140858504,27.86409304825808,30832800,1.2128831662541482,1.3584002309290966,0.6390999100950043,5.860513749202944
2023-10-26,29.719295501708984,27.33478651046753,27.96382999420166,27.78704312760617,27.936846085648313,34367000,1.3116762544690863,1.4917971773966356,0.6755097822841144,5.996197829020152
2023-10-27,28.831249237060547,27.408387470245362,27.982296333312988,27.886491328506587,27.97192071903703,23924800,0.9059786952169416,1.0342169820496472,0.713356853353074,5.8170246355018795
2023-10-30,29.848617553710938,27.56029224395752,28.019084129333496,28.073360492811766,28.045516673337964,31497700,1.1776408374348137,1.35016663987569,0.7407508973524243,6.022289988822996
2023-10-31,30.288331985473636,27.724896907806396,28.067705192565917,28.28431015877956,28.133470214990343,28903400,1.065675496107608,1.2370208338593978,0.7493021426400306,6.111007257406052
2023-11-01,30.5211238861084,27.91971273422241,28.117605361938477,28.497340037572787,28.227103692289088,26071200,0.9570575524131919,1.1116685543268778,0.7433584176032676,6.1579756079552554
2023-11-02,30.95221328735352,28.12426471710205,28.17629627227783,28.731137489932856,28.333970735232793,24946000,0.9121165502571795,1.055428127019967,0.7477245643815372,6.244952680871097
2023-11-03,31.05567169189453,28.3471378326416,28.233848457336425,28.952521699643494,28.440704106082272,23323200,0.8653880939010198,0.9828098453921855,0.7242299488015378,6.265826562644877
2023-11-06,30.728046417236328,28.527764320373535,28.285354690551756,29.12161929179519,28.530403804558905,15544000,0.5819297049581953,0.65465566139848,0.7091418089660128,6.199724525989106
2023-11-07,30.986692428588867,28.70795946121216,28.338657188415528,29.29924530482316,28.62672884863851,17654600,0.6628031370013776,0.7425429418674333,0.7082792661237629,6.251909230423558
2023-11-08,30.840124130249023,28.893758869171144,28.369781532287597,29.445995669149433,28.71352866360363,16971500,0.6356336092745616,0.7209754032751056,0.7005197270254063,6.2223374489438115
2023-11-09,30.710798263549805,29.0968017578125,28.399163436889648,29.566453059092325,28.791852961640732,15685800,0.5941927393236852,0.6659809486091027,0.6910358944687867,6.196244519483441
2023-11-10,30.788393020629883,29.314070606231688,28.424356956481933,29.68282829352447,28.870148650228543,12791200,0.49555927179379694,0.5484586584579099,0.6811206949941994,6.211900123228158
2023-11-13,30.88323211669922,29.5110782623291,28.45347324371338,29.79715246716016,28.94909309989406,17236700,0.6728070108670938,0.7374984415009409,0.6841383862363497,6.231034963821014
2023-11-14,30.934972763061523,29.699464511871337,28.49307888031006,29.90551630486505,29.026970733743763,17667100,0.6943757728016274,0.7557966326064574,0.67767190029597,6.241474213680484
2023-11-15,31.038427352905277,29.912853717803955,28.536779670715333,30.013412595154595,29.10585138547559,22855500,0.8968322169772451,0.974696569160192,0.6668945907697242,6.262347325796739
2023-11-16,31.193618774414062,30.111154747009277,28.589831008911133,30.1258131836555,29.187724616414354,19110800,0.7644347519651071,0.8202434651951488,0.6466334371481333,6.293658918114936
2023-11-17,31.236730575561523,30.312042427062988,28.649822540283203,30.2316148400275,29.26807779128287,19355200,0.7866653172986139,0.8346862974690313,0.6341318091897701,6.302357202649665
2023-11-20,31.667821884155277,30.542244243621827,28.71016319274902,30.368396463277765,29.362185402768063,18656400,0.7789520447052772,0.8047086871219437,0.6457711600095705,6.38933466039427
2023-11-21,32.116153717041016,30.66941556930542,28.777782096862794,30.534849535064744,29.47018416019053,22946400,1.0422097586576593,0.9836722512292688,0.5444650655957405,6.479790585329486
2023-11-22,32.202369689941406,30.827194213867188,28.850164222717286,30.693660978386333,29.577328690768997,14613100,0.6890995412636376,0.6299025310847638,0.5138575990122003,6.4971856150838905
2023-11-24,32.25409698486328,30.953934288024904,28.9205419921875,30.84227393138414,29.682299996419754,6766700,0.3413032288555495,0.29674710929539805,0.4798015061998582,6.5076221711420175
2023-11-27,32.202369689941406,31.122490310668944,28.994106063842775,30.971806860770545,29.7811262589108,15245300,0.7861607490476787,0.6823080489730448,0.4366925799674911,6.4971856150838905
2023-11-28,32.30583190917969,31.245351028442382,29.07412899017334,31.09885686538094,29.880134323627225,14521700,0.7831242460210674,0.6509205951909233,0.39142820731184713,6.518060266515198
2023-11-29,32.55585479736328,31.358727169036865,29.16134719848633,31.237618573188787,29.98506453828354,16387400,0.914603552171649,0.7391819858886309,0.3840992072259315,6.568505160111198
2023-11-30,33.04730224609375,31.485036087036132,29.255017738342286,31.409969399179733,30.105152291531,36623500,1.9855403371246734,1.6329895138383304,0.3948764058156417,6.66766013923867
2023-12-01,33.262847900390625,31.60056781768799,29.358232917785646,31.58643401834268,30.228983491878434,20762500,1.1385490073717106,0.9234900553965045,0.38237493910059983,6.711148868110973
2023-12-04,32.79726791381836,31.68764762878418,29.452305412292482,31.701751532197505,30.32970052803294,22109200,1.2164467794905485,0.983941721484128,0.38582414069296506,6.61721293667009
2023-12-05,33.12489700317383,31.807490158081055,29.554956359863283,31.837289196100013,30.43931607607768,23003300,1.240190757106015,1.0188478413135618,0.39013514589444115,6.683315742983387
2023-12-06,33.19387435913086,31.917849254608154,29.661857070922853,31.96648778305533,30.547337969530744,20218500,1.0825700255777482,0.8944143000826001,0.4047925335798924,6.697232690375944
2023-12-07,33.32320022583008,32.042003059387206,29.781305351257323,32.09569849189102,30.656195312915035,15223200,0.8189370312241531,0.6775475797008113,0.40694794751897356,6.723325619836314
2023-12-08,32.97833251953125,32.15537977218628,29.891323890686035,32.179758875475805,30.747259517096065,21850400,1.156276814481295,0.9698505827163983,0.41039674390034053,6.653744731161168
2023-12-11,32.47826385498047,32.23987331390381,29.993704566955568,32.208187921142915,30.815142040150356,21914500,1.1323350920279,0.9708626463160825,0.42720936471262105,6.552850326024008
2023-12-12,32.15925979614258,32.30367469787598,30.100679321289064,32.20352809971431,30.867852540385343,17096700,0.883716170010188,0.7625756946710559,0.41556988398671385,6.488487715377925
2023-12-13,31.891984939575195,32.35152530670166,30.198594245910645,32.173857322558206,30.908014595255533,32473200,1.6166538264794945,1.4342429727694705,0.4392800032416588,6.4345620456187325
2023-12-14,32.65069961547852,32.43213891983032,30.319112091064454,32.2192708742649,30.976355184283886,28551600,1.4015476538768907,1.2556499984035887,0.470318315215059,6.5876411551903455
2023-12-15,32.21961975097656,32.48343896865845,30.42628101348877,32.219304100618395,31.025110657487524,51721600,2.3507659751241023,2.2181503068560766,0.48238829519620624,6.500666006418319
2023-12-18,32.47826385498047,32.545515632629396,30.543882102966307,32.243966934367165,31.082097057389205,22057200,0.9963897742795811,0.9535051468580006,0.492303327533245,6.552850326024008
2023-12-19,32.39204406738281,32.581726741790774,30.64941265106201,32.25806951846389,31.133467528369348,17642500,0.7987938292412647,0.7644488744998748,0.4741976518825849,6.535454526612076
2023-12-20,32.15925979614258,32.58388204574585,30.744942054748535,32.248659068719,31.173694676125162,18134600,0.8301170451941984,0.7864648900624901,0.46255829170562635,6.488487715377925
2023-12-21,32.271339416503906,32.58733053207398,30.847886123657226,32.25081910184137,31.21673956790472,15421000,0.7045982793747484,0.6689394674199021,0.464282685599834,6.511101023161394
2023-12-22,32.32307434082031,32.59077939987183,30.96134880065918,32.2577005531727,31.26012524527396,13171600,0.5931423154733023,0.5756321548132167,0.4690245298897707,6.521539118534573
2023-12-26,32.314453125,32.596383571624756,31.078777542114256,32.26310556001339,31.30147143663577,11856600,0.5380305158950567,0.5239666831326001,0.47247315849840066,6.519799692524885
2023-12-27,32.16788864135742,32.58948640823364,31.183273735046388,32.25403728204616,31.335448581918968,15267600,0.6916448445672316,0.6781943176239372,0.4711797293438543,6.490228680702666
2023-12-28,32.32307434082031,32.57784738540649,31.286390266418458,32.260612240024656,31.37417900383667,14931700,0.6786658212716832,0.6669794666076087,0.47764645411358087,6.521539118534573
2023-12-29,32.50413131713867,32.55068883895874,31.401060028076174,32.283804533083135,31.418490859260277,16222700,0.7731902994589045,0.728422154464992,0.46730010674515443,6.558069373710597
2024-01-02,33.52150344848633,32.56362161636353,31.526938133239746,32.40168062026439,31.50096194119071,23810900,1.1266669284889275,1.0739611476201,0.5082536225368599,12.165760034042524
2024-01-03,33.76290512084961,32.611903476715085,31.657816696166993,32.531321048891556,31.58966559529498,26263900,1.2306396900148138,1.1856780525118693,0.520754579289045,12.253370508384803
2024-01-04,33.943965911865234,32.65285692214966,31.795420303344727,32.66585865488905,31.68199109790558,24214600,1.1314054656921264,1.100627115554802,0.5285142218053597,12.319081825255033
2024-01-05,34.659576416015625,32.7261420249939,31.897157287597658,32.855736536901105,31.798759149596172,30276700,1.3821733163997125,1.4165263008080975,0.5401536491752463,12.578794092776464
2024-01-08,34.573360443115234,32.788650035858154,32.00768856048584,33.019319766064356,31.907567043459665,28483000,1.2620895040927183,1.3355427485744535,0.5552417110115477,12.547504242098391
2024-01-09,34.2270622253418,32.85108652114868,32.097843894958494,33.134342857424116,31.998527638827593,17880100,0.7993029830866557,0.85154800846514,0.5555092622022666,12.421824287912491
2024-01-10,34.26213073730469,32.94027986526489,32.20646152496338,33.24175122693655,32.08729638778748,16354700,0.7403122223919698,0.7845572507036199,0.5355678754109331,12.43455149455306
2024-01-11,33.22760009765625,32.99369688034058,32.274041175842285,33.240403500338424,32.13201418033135,31289800,1.372282608695652,1.501313813921879,0.5806442043975217,12.059095437542714
2024-01-12,33.80622863769531,33.089409065246585,32.34439910888672,33.29429160865813,32.19766964924759,18774800,0.8489100376372966,0.9096740933686838,0.5825695397294577,12.26909365488942
2024-01-16,34.44623565673828,33.17918586730957,32.42290134429932,33.40400056561814,32.28584870836487,31039400,1.3956094106538672,1.496711125889919,0.5837276782105242,12.501367598859295
2024-01-17,34.0780143737793,33.272105598449706,32.48541736602783,33.46819235687158,32.35612971485171,21377100,1.0315378295922146,1.034357821972063,0.5855740134453136,12.367731236910602
2024-01-18,34.139381408691406,33.35516147613525,32.54709156036377,33.53211512371157,32.42606115382581,17112800,0.8357367210539206,0.8330307945093025,0.5868360349161957,12.390002810197544
2024-01-19,34.48130416870117,33.459624481201175,32.62215671539307,33.62251408037725,32.50665891911504,20561700,0.9970631257041843,0.9960533197126875,0.608497428473813,12.514094805499864
2024-01-22,34.70048904418945,33.58668594360351,32.69643264770508,33.725178362645075,32.59269147303953,26039200,1.2389297582799472,1.2512310877626225,0.6070710844974855,12.593642269782894
2024-01-23,37.02378463745117,33.824308204650876,32.82010585784912,34.039331341198036,32.766459832428225,49713700,2.186935408164567,2.3159590170517554,0.709455561722384,13.436822132500145
2024-01-24,36.19091033935547,34.017700004577634,32.929708099365236,34.24424362673684,32.90075200917047,27910400,1.189241840430831,1.2855892621901226,0.7434856294135592,13.134552013120656
2024-01-25,37.076393127441406,34.25579700469971,33.05546810150147,34.51397215061347,33.06450264125952,24613200,1.0210022856526555,1.1215019702332567,0.7739721928926055,13.455915019129113
2024-01-26,37.17283630371094,34.50604438781738,33.1812601852417,34.76719730805132,33.225613765277224,20367200,0.8360274330224104,0.9253927326010655,0.7789980972036936,13.490916567947442
2024-01-29,36.8659782409668,34.73318958282471,33.299880294799806,34.967081206424226,33.368373156480736,23905700,0.9635284624543239,1.0800432022702426,0.7868648937614431,13.379550394840283
2024-01-30,37.23419952392578,34.96969299316406,33.423795738220214,35.18299723666247,33.51997419049819,20044600,0.8017302840709672,0.9079073262902415,0.8025272452122817,13.513186756788976
2024-01-31,37.12899398803711,35.150067520141604,33.54250324249268,35.36833026060292,33.66150437863697,23392300,0.9364132254662542,1.0554456498031848,0.7982045946280507,13.475005136867264
2024-02-01,37.25172805786133,35.32450866699219,33.662803192138675,35.54770147938943,33.802297464096746,19586500,0.7946849245594015,0.883545966584356,0.7948703635062888,13.519548283441148
2024-02-02,36.93611526489258,35.47411613464355,33.76816905975342,35.679931363723064,33.925192279814226,21548600,0.8790476297316895,0.9695263688712055,0.7940564309829738,13.405004808121424
2024-02-05,36.2785758972168,35.55506610870361,33.851417503356934,35.7369451288177,34.017481833437856,20466200,0.8519401158470719,0.9228861442170245,0.7873822539311675,13.16636795305397
2024-02-06,36.03309631347656,35.62805290222168,33.928032035827634,35.76515000354711,34.09652553853741,17517600,0.7462306356012708,0.7878606069246784,0.7809355432678252,13.077277506569976
2024-02-07,35.43692398071289,35.68854598999023,33.99168857574463,35.73389038232481,34.14909018332861,21815600,0.9215955605789311,0.9680605171391033,0.785976855604299,12.860912224789462
2024-02-08,34.98979568481445,35.72492923736572,34.04743709564209,35.66302422065716,34.182059026524136,19523500,0.8192825890227841,0.8630723084265494,0.8096484553938701,12.69863860956543
2024-02-09,34.82322692871094,35.80471057891846,34.097784996032715,35.58304352618609,34.20720286582558,18479400,0.7968873810209157,0.8140674004494961,0.7794015803284406,12.638186800802186
2024-02-12,35.15637969970703,35.87221813201904,34.14979549407959,35.54240887604523,34.244425486762104,15060500,0.6546973190469731,0.6642321704569571,0.7693196001930172,12.75909595611031
2024-02-13,35.18268203735352,35.909040451049805,34.19250308990478,35.508149177122206,34.2812198612951,14483600,0.6531213741721331,0.6515119822768013,0.7596756563424613,12.768641707202091
2024-02-14,35.20021438598633,35.96515045166016,34.2312504196167,35.478822054156886,34.31725886226339,12443200,0.5726468094310556,0.5639500871178521,0.7513467309718589,12.77500461829967
2024-02-15,35.58597183227539,36.03747997283936,34.28702449798584,35.489026794930076,34.36701231206778,12081400,0.5625088900327107,0.5525752878912951,0.7478399262957428,12.915005275791351
2024-02-16,35.4983024597168,36.08832988739014,34.3344926071167,35.48991019157643,34.41137663158343,12645500,0.599827482301757,0.5839083529624062,0.7561685228425062,12.88318795141263
2024-02-20,35.5070686340332,36.128658866882326,34.38075649261474,35.49154432895327,34.45434494540499,12069500,0.5921236927481712,0.5615373678355192,0.7662507572835423,12.886369406961421
2024-02-21,36.03309631347656,36.079124450683594,34.434954414367674,35.54312070843168,34.51625676376074,16268200,0.8694395075445718,0.7561479726391954,0.6820861538506232,13.077277506569976
2024-02-22,35.70871353149414,36.05501461029053,34.489562034606934,35.558891453485245,34.563019774260084,22068900,1.1981556062035739,1.0255569256146515,0.6750721550995529,12.959551191256052
2024-02-23,35.6473388671875,35.98356189727783,34.552943534851075,35.567315016694984,34.605542091629786,15228600,0.848398007112045,0.7121085100628359,0.6606065958093115,12.937276849078295
2024-02-26,34.79692077636719,35.864766120910645,34.605696754455565,35.493944136663764,34.613047138090074,25108400,1.3805768880770708,1.1653685895189603,0.6974286180377216,12.628639665264998
2024-02-27,35.00733947753906,35.771834182739255,34.66800384521484,35.447600835794745,34.62850958277435,17074100,0.9567836030867494,0.8039608849940548,0.689099450983582,12.705005673999237
2024-02-28,35.15637969970703,35.66794319152832,34.71811744689941,35.41986548950067,34.64921037167367,12437000,0.7121127883134946,0.5946397602813344,0.6698117244430059,12.75909595611031
2024-02-29,35.08624267578125,35.56580562591553,34.775449905395504,35.38809188819406,34.66634889340338,20486500,1.1828479113884585,1.009660588644469,0.6351815013334295,12.733641542829169
2024-03-01,35.24404525756836,35.465421485900876,34.83076553344726,35.37437316146781,34.6890036527824,12130900,0.715819921802623,0.603768990933486,0.625099270844036,12.790911896043623
2024-03-04,35.34048843383789,35.385640144348145,34.889734420776364,35.37114604455067,34.71455207556888,18753900,1.1158303398112408,0.932371902335188,0.6321134762145064,12.825913444861952
2024-03-05,35.37555313110352,35.34048900604248,34.954060287475585,35.37156576707951,34.74047368558985,20640100,1.2274215589843374,1.0235964621424385,0.6382504710368913,12.838639267057115
2024-03-06,35.00733947753906,35.289201164245604,35.008780288696286,35.33687754902804,34.75093901076433,16331100,0.9746131276260339,0.8091714721509173,0.6373737342223545,12.705005673999237
2024-03-07,34.65665054321289,35.25018749237061,35.05545181274414,35.27209402466469,34.747241423801526,17100600,1.0350985987617387,0.8440124305342914,0.6426339983748054,12.577732223148125
2024-03-08,34.63911437988281,35.23265342712402,35.101945037841794,35.211810248971176,34.743001147569416,17807900,1.083537445927022,0.8737885610189782,0.6211543255197111,12.571367927605136
2024-03-11,35.18268203735352,35.250626182556154,35.16224090576172,35.20903613357902,34.760243535404086,12344600,0.7654035084455977,0.6074607553858099,0.6163323664027928,12.768641707202091
2024-03-12,35.18268203735352,35.251941299438485,35.219433059692385,35.20652621965278,34.77680975116681,12452700,0.7783990771251235,0.6142789026592361,0.6040582037915716,12.768641707202091
2024-03-13,35.29664611816406,35.25763950347901,35.275283355712894,35.215109067130044,34.79719549104905,13751800,0.8615743947292333,0.6800198826622276,0.5891539925653507,12.810002013781773
2024-03-14,34.867061614990234,35.2409818649292,35.30219451904297,35.181961690735776,34.79993533904675,17475400,1.0778730828099061,0.8695987954578275,0.6001127001063115,12.654095462991547
2024-03-15,34.62158203125,35.19276237487794,35.319368057250976,35.12859219935618,34.79294109168217,54893900,2.9909259715323744,2.655916476708024,0.6141401926123187,12.565005016507556
2024-03-18,35.00733947753906,35.16821422576905,35.340635528564455,35.11704432108788,34.80134887151969,16200800,0.874242394399297,0.7899647059248036,0.6040581261091287,12.705005673999237
2024-03-19,35.04240417480469,35.144981002807626,35.34829208374023,35.109935735727575,34.81080202066813,15226900,0.8147469797258993,0.7535360307596348,0.5865237028012007,12.717731496194398
2024-03-20,35.173912048339844,35.10202178955079,35.36030311584473,35.11602871788112,34.82504162959643,15198800,0.8155768152913409,0.7621663641663664,0.5742497076791416,12.76545886720789
2024-03-21,35.54213333129883,35.09369277954102,35.38660453796387,35.15661010963519,34.853162872800446,21868300,1.1740981438733702,1.092249460600593,0.5575922794967607,12.899095229156583
2024-03-22,35.39308547973633,35.08098011016846,35.4092236328125,35.17913157345435,34.87433630836656,17816400,0.9499544254986869,0.8885729766566307,0.562414248809446,12.845002178154694
2024-03-25,35.83144760131836,35.13270645141602,35.46130058288574,35.2412569094414,34.911870084560746,14587200,0.8002218449833493,0.7398464354061598,0.5308526474279838,13.004094337829937
2024-03-26,35.81391143798828,35.17303504943848,35.501454238891604,35.29579543596967,34.947244255283394,17854100,0.9773458372028162,0.9063864502736557,0.5194553880367756,12.997730042286946
2024-03-27,36.41885757446289,35.23615894317628,35.54090667724609,35.40275373487379,35.00495458152573,19260100,1.0349828847176918,0.9895992934934852,0.5448807212171239,13.217279548507067
2024-03-28,36.78706741333008,35.321200180053715,35.59508773803711,35.53459313282201,35.07484135924355,19771400,1.0645039975297934,1.0175492951512604,0.5549624537814498,13.350911757119535
2024-04-01,37.06761932373047,35.412378883361825,35.65365249633789,35.68059562719424,35.152989514713624,15031600,0.8030395792798308,0.775272881963832,0.5676749012650191,13.831103380810015
2024-04-02,37.29556274414063,35.51013259887696,35.70993766784668,35.834402019284376,35.237011994298996,17260800,0.9258235679833295,0.8932881665815167,0.5501404792386329,13.916156294112437
2024-04-03,37.558589935302734,35.61928443908692,35.767099685668946,35.998610392238504,35.32805426649522,18211800,0.9832358922834139,0.9502030134267477,0.5207705241711462,14.014300074028675
2024-04-04,37.21665954589844,35.72975044250489,35.77095718383789,36.11461507353945,35.40211721862868,16461400,0.8884211492094075,0.8897489424184649,0.5374281975609112,13.886715010537323
2024-04-05,36.927345275878906,35.84328517913819,35.78568588256836,36.19201794995273,35.46193008361888,14338700,0.7796699750363363,0.7865553759954886,0.53479793960081,13.778762688505624
2024-04-08,36.585426330566406,35.94060077667237,35.77586654663086,36.22948541477308,35.50598875996976,14457800,0.79337219399969,0.8020244713488355,0.5326061775666997,13.651181895167566
2024-04-09,36.38497161865234,36.000715255737305,35.76010925292969,36.24429362466634,35.54045867599653,17224100,0.9326860596083868,0.9588243447784067,0.5295535281765094,13.57638589007643
2024-04-10,36.09988021850586,36.04657516479492,35.74478729248047,36.230539966936774,35.56239677570278,17900400,0.9552185920872848,1.0031796160250495,0.5529730040846378,13.470009254610083
2024-04-11,35.779151916503906,36.07070045471191,35.715686340332034,36.18755062880031,35.57089697730282,14782200,0.7866594327475686,0.8333438566329711,0.5528398832143381,13.350335361787387
2024-04-12,35.387142181396484,36.09670448303223,35.68084930419922,36.11132125285709,35.563690906875124,21555000,1.1347672305756988,1.2176817215550848,0.5427311811127915,13.20406410748313
2024-04-15,35.73460388183594,36.15235557556152,35.650506820678714,36.07544340799793,35.57039337648143,16442800,0.9631144300229667,0.9321951452922297,0.5361647639096759,13.333713078399736
2024-04-16,35.43169403076172,36.17357330322265,35.6204183959961,36.014133943499246,35.56495418645321,14016800,0.8263000248182403,0.801502273538211,0.5308706765199254,13.220687814255212
2024-04-17,35.44059753417969,36.19348297119141,35.60365882873535,35.95951142832595,35.5600774549915,21009200,1.2177520345666948,1.2005929474907737,0.5435139691138133,13.224009993517653
2024-04-18,35.75242614746094,36.22240867614746,35.59804542541504,35.939789020624524,35.567620540970694,20173700,1.1527044732386769,1.1493582948451533,0.5434020581173826,13.340363130462341
2024-04-19,36.073150634765625,36.2489595413208,35.61076995849609,35.9524901267332,35.587445250531275,24706500,1.4003491449915264,1.4029844474377,0.5473986507895369,13.460035599900607
2024-04-22,34.38932037353516,36.19877128601074,35.59876045227051,35.803616816904814,35.54045996123731,51243200,2.6531030669281637,2.808715507274196,0.6495306486211945,12.831745171658694
2024-04-23,35.369327545166016,36.175665283203124,35.60968246459961,35.762255933882074,35.53374888609726,25972800,1.3062344470752958,1.412008618793445,0.6890927574589011,13.197416902189389
2024-04-24,35.1822395324707,36.14408168792725,35.61019966125488,35.707016276604804,35.519964205562886,15946600,0.8058581958218335,0.8661008310692233,0.7102350148879335,13.127608436145211
2024-04-25,34.941688537597656,36.07022323608398,35.605379791259764,35.63412792050889,35.49728672838778,16837700,0.8561299319044756,0.9121662215547017,0.7077765617421697,13.037851237297648
2024-04-26,35.351505279541016,35.99844512939453,35.60840560913086,35.60721147851195,35.491569808825155,18246200,0.9313578989090124,0.9822942407911328,0.7282555294112854,13.190766850126783
2024-04-29,35.7167854309082,35.93090343475342,35.61102188110352,35.61764709302588,35.50040179400488,19438600,0.9811867612018688,1.038263070157775,0.7435307935152984,13.327064449721563
2024-04-30,35.1822395324707,35.82523727416992,35.604700622558596,35.57617970630634,35.48792484257217,20222200,1.013167489880074,1.071444996345191,0.7540743579730836,13.127608436145211
2024-05-01,34.923866271972656,35.69350109100342,35.593036575317385,35.51405461732218,35.46580489862709,17754000,0.890527647914039,0.9350384732992638,0.7614641500934873,13.031201185235043
2024-05-02,34.68332290649414,35.5668342590332,35.56604110717773,35.43493731152903,35.435119330308154,17394900,0.8704775068219907,0.9150400305355268,0.7510233901913612,12.941446833156343
2024-05-03,34.64768600463867,35.45285129547119,35.54482055664062,35.3599609965871,35.40423959204661,13195600,0.6622297534153216,0.7006815125451599,0.7342470736800066,12.928149575799996
2024-05-06,35.03969192504883,35.37556457519531,35.53266761779785,35.32945918025012,35.38994360510552,13348800,0.6717876416699777,0.7102342408796928,0.7354502403503297,13.07441940671982
2024-05-07,35.02187728881836,35.307409858703615,35.53716674804687,35.30016566678043,35.37550963191779,11935200,0.6087486968354779,0.6440506420918112,0.7287684821703578,13.067772201426077
2024-05-08,35.17333221435547,35.26108245849609,35.540486602783204,35.288086290359004,35.36758110573887,10438000,0.5427130452867467,0.5673214578824419,0.7105047901076581,13.12428483349834
2024-05-09,35.44951629638672,35.24460067749023,35.546349334716794,35.30346057664735,35.370794250470155,12881000,0.6730609459534307,0.6997645540270823,0.711395811409884,13.227337866317818
2024-05-10,35.99297332763672,35.274892234802245,35.56448394775391,35.36912845769396,35.39519342996688,16888500,0.8933532896596942,0.9210740164248247,0.717186813709992,13.430118905925472
2024-05-13,36.11770248413086,35.29404716491699,35.58195709228516,35.44042122211652,35.42352711836546,21365700,1.115658073099971,1.1536333318862768,0.7140685294454606,13.476659306672689
2024-05-14,36.073150634765625,35.32611999511719,35.59661033630371,35.50068116617834,35.44900255038116,17664400,0.9136849989189547,0.9549064505864941,0.7007048357756211,13.460035599900607
2024-05-15,36.073150634765625,35.357747650146486,35.610562286376954,35.55520206794856,35.47347894584721,14926000,0.7843825575516922,0.8118891113736059,0.6984775827706514,13.460035599900607
2024-05-16,35.85933303833008,35.36309299468994,35.627602157592776,35.584166922270605,35.488610478885754,12913200,0.6918049464921564,0.7050257792043929,0.6935775150701066,13.380253479146953
2024-05-17,35.6900634765625,35.34393863677978,35.64827041625976,35.59425230839364,35.4965105964417,14670400,0.8076568405347897,0.8030952758154698,0.6886774600319043,13.317093641780948
2024-05-20,35.74351501464844,35.41164836883545,35.670358428955076,35.60846780422743,35.50619704421452,8665000,0.5403723299432999,0.47914054848404686,0.5648404907395144,13.33703810443104
2024-05-21,35.29805374145508,35.4080846786499,35.67266586303711,35.57890456015387,35.498034561753364,18327000,1.1708336128333636,1.006750562730003,0.540340449860015,13.170822387476694
2024-05-22,35.44951629638672,35.4214485168457,35.678002548217776,35.56658186836653,35.49613188468016,12374100,0.7996536197863234,0.6798007311067576,0.5314316943160154,13.227337866317818
2024-05-23,35.12877655029297,35.43080291748047,35.67464515686035,35.52488612378809,35.48172579313557,14105000,0.9196300094733952,0.7745912541535774,0.5238588252922003,13.107659703341827
2024-05-24,35.40496826171875,35.43347606658936,35.68540328979492,35.513465375019585,35.47871569386432,10420000,0.6971587769078533,0.5766943745622215,0.49045002754603784,13.210715582930167
2024-05-28,35.06642150878906,35.400957870483396,35.6943000793457,35.47088976871191,35.4625472944496,15071300,1.0233083005415191,0.872583464933276,0.4672861327070564,13.084393061429296
2024-05-29,34.83477783203125,35.38358478546142,35.69084884643555,35.410307679504236,35.43792888415868,17652000,1.20908208874205,1.0202838345008527,0.45926797254036555,12.997959465228606
2024-05-30,35.930606842041016,35.433921813964844,35.70861289978027,35.45985998069821,35.45724958838936,19633200,1.3361858486068467,1.129046004087366,0.4917865497898042,13.406847993859648
2024-05-31,36.66115951538086,35.53281364440918,35.738357849121094,35.57426946019179,35.504461742389026,38917400,2.4678764634971486,2.178590769614533,0.5118321781638908,13.679440346280343
2024-06-03,36.50970077514648,35.62591438293457,35.75770919799805,35.663358156854144,35.543882880928535,20688100,1.2814559270921504,1.1596493310916245,0.5189593235028009,13.622926290823647
2024-06-04,37.02643585205078,35.72525157928467,35.79037620544434,35.793175080206204,35.60202221312941,16040200,0.9853438079070398,0.900910211263057,0.5358867060366524,13.815736522490692
2024-06-05,36.839332580566406,35.81612434387207,35.810533905029295,35.89280912785956,35.65054418832302,11964000,0.7348792783883515,0.6739532178224236,0.5403412075090156,13.745922362908788
2024-06-06,36.8215217590332,35.89853382110596,35.8306861114502,35.981257949876095,35.696464877370474,10259100,0.6305035621045179,0.5829009582573346,0.545241264414081,13.739276580999476
2024-06-07,36.474063873291016,35.94976119995117,35.83179023742676,36.02819184734418,35.72695895564187,10410200,0.644684643176073,0.5974949543926686,0.5483593588452941,13.609629033467304
2024-06-10,36.00188064575195,35.95020656585693,35.816086502075194,36.02568601862111,35.737740198391286,15210700,0.9468900668270682,0.8776148806169816,0.5439046454553601,13.433442508572343
2024-06-11,36.01078414916992,35.94486064910889,35.794949798583986,36.02426679295909,35.74844780430418,12083300,0.7745839190806507,0.6995526401594729,0.5354408396513197,13.436764687834783
2024-06-12,35.43169403076172,35.91278781890869,35.757672424316404,35.96783129179744,35.73602608769467,15065300,0.9738538537244401,0.8744159406711457,0.5777591721924129,13.220687814255212
2024-06-13,35.44059753417969,35.88116016387939,35.71531257629395,35.917618552976705,35.72444065422349,12297400,0.8017423000982179,0.7186965721678917,0.5790954898079242,13.224009993517653
2024-06-14,35.34259796142578,35.85532341003418,35.67783134460449,35.86285468711471,35.70946643097652,10480600,0.6887557531306856,0.6168294638328506,0.5808773657813653,13.187443247479912
2024-06-17,35.15550994873047,35.82859573364258,35.642394638061525,35.795488521554304,35.68774264735903,22286600,1.4288548984534406,1.299507173161112,0.5871135753309108,13.117634781435735
2024-06-18,35.707881927490234,35.82681407928467,35.62484375,35.78714503640535,35.688532423050454,17125700,1.0689826073495559,0.9954835666767693,0.6058228189344262,13.323742270459123
2024-06-20,35.85041809082031,35.85443229675293,35.61415267944336,35.793171041587726,35.69488088061006,17704700,1.1072742049520794,1.0285650214576068,0.5978043781897003,13.376927029731219
2024-06-21,35.85041809082031,35.87447738647461,35.609163436889645,35.79862314151464,35.700980379049675,30375300,1.7984718912721243,1.7394580434837883,0.594240369208676,13.376927029731219
2024-06-24,36.67897415161133,35.95198726654053,35.627159881591794,35.88246609485718,35.739333076012876,20773800,1.2061700249289538,1.1815150884353278,0.6071590915831994,13.686087551574087
2024-06-25,36.59879302978516,36.011678504943845,35.65139289855957,35.950687707707466,35.77303738792551,17475700,0.9943086290014697,0.9985684045384559,0.62898607514058,13.656169434214522
2024-06-26,36.54534149169922,36.08562450408935,35.667607650756835,36.00732140142097,35.80332382336762,19709900,1.1068214465011124,1.1220421430009264,0.6218585912029532,13.63622497156443
2024-06-27,36.367149353027344,36.16224308013916,35.68631675720215,36.04159073014539,35.825434628452314,15560800,0.8789872960103032,0.884288300444349,0.6223039719198425,13.569735838013829
2024-06-28,36.74134063720703,36.20277976989746,35.7123316192627,36.10823357843697,35.861352511148574,27639200,1.5267408332136505,1.5589318097623992,0.6058220683160844,13.70935846363991
2024-07-01,37.186798095703125,36.229061698913576,35.741019058227536,36.2109540086528,35.9133307693664,16412100,0.9666609436195436,0.9296352217901724,0.5862218203125924,13.950006644326598
2024-07-02,36.616607666015625,36.23440704345703,35.75188819885254,36.249587690306406,35.9409102555095,21659400,1.2720844320978228,1.2311092533439525,0.6044858375193591,13.736109221316383
2024-07-03,36.63442611694336,36.21480655670166,35.796790313720706,36.28623896903373,35.968106955957886,6653900,0.4018690149440869,0.3983985741260007,0.5866674634565541,13.742793515785452
2024-07-05,36.76807022094727,36.2112434387207,35.82476516723633,36.33212765969216,35.999478064388846,17552200,1.0424905690186286,1.0616333047121418,0.5795401552325569,13.79292787083349
2024-07-08,36.99970245361328,36.22015247344971,35.86111442565918,36.39570621149417,36.038702550240785,15380400,0.8998143084305377,0.9309110101271768,0.5764217963735874,13.879820836891366
2024-07-09,36.79479217529297,36.236188888549805,35.898176498413086,36.433714398522625,36.06835312377224,20475200,1.1636208230114498,1.2338449245328158,0.5786491423626317,13.802952166007076
2024-07-10,37.19773864746094,36.29598178863525,35.935101165771485,36.50647861270723,36.11264275215219,13826800,0.7888895450226123,0.8376709853157369,0.573887435503001,13.954110809716726
2024-07-11,37.39694595336914,36.36528987884522,35.9687043762207,36.5912850261036,36.163007583572465,12487800,0.7116715316570108,0.7629759618398377,0.5850231823608979,14.028840105685312
2024-07-12,37.51466369628906,36.46943836212158,36.01535285949707,36.67922585183555,36.21601370563978,11129100,0.641434485684134,0.687602700810436,0.5474290882937112,14.072999952189488
2024-07-15,36.935150146484375,36.544165992736815,36.055578536987305,36.70359959418305,36.24421513469251,15874900,0.9056257828007602,0.9831009608626126,0.5595649550527142,13.8556051162736
2024-07-16,37.53277969360352,36.6536750793457,36.11256767272949,36.782569127461194,36.29474707817921,16016900,0.8995216224625154,0.9935905349194323,0.5766010236124821,14.07979586621938
2024-07-17,38.057952880859375,36.79879722595215,36.18077301025391,36.90403424683245,36.363892403774514,20401700,1.1518721302636241,1.2543819781480274,0.5780309743928033,14.276805822085622
2024-07-18,38.09417724609375,36.91811199188233,36.2418627166748,37.01738119914305,36.43174671131644,15752800,0.8928574464961716,0.9656933880580838,0.5821776357301964,14.290394788105377
2024-07-19,37.68670654296875,37.00992641448975,36.29515930175781,37.081126469983595,36.48096082236163,17608000,0.9982824303596237,1.0719669204937574,0.5921664399962066,14.137538954663267
2024-07-22,35.39580154418945,36.987195587158205,36.29960868835449,36.92061933419368,36.43840555655096,54985800,2.9141090963822855,3.175279825945109,0.7029868779109325,13.278144180414476
2024-07-23,35.21470642089844,36.913982200622556,36.29491249084472,36.75815143768937,36.39041735515283,25257700,1.3228764550805623,1.4380077395317907,0.68423273361111,13.210209367455768
2024-07-24,35.92098617553711,36.88009185791016,36.29347274780273,36.67842141272249,36.372008289285546,22889000,1.182058369070342,1.2943060486146531,0.6911542782541445,13.47515842934075
2024-07-25,36.17453002929688,36.86155128479004,36.29460929870606,36.63043175715815,36.36426404379579,19740300,1.0193697973684754,1.118311984134034,0.729520733305009,13.570271174338973
2024-07-26,36.301300048828125,36.85825881958008,36.29917228698731,36.599085880174336,36.36179486752255,15911500,0.8209109808290729,0.9031996364382345,0.7316815155856059,13.617826831328076
2024-07-29,36.24697113037109,36.83354034423828,36.30264869689941,36.56555114209784,36.35729197586955,12937200,0.6937716230503225,0.7360284480240641,0.7124093266379894,13.59744624433846
2024-07-30,36.25602340698242,36.787001609802246,36.31058250427246,36.536072310182085,36.3533206594426,16089200,0.8635487553598773,0.9120573170077727,0.6989135526783169,13.60084205482339
2024-07-31,36.6906623840332,36.790704345703126,36.33059448242187,36.550795174358385,36.36654974668145,23605400,1.2603804089853108,1.3247128471903824,0.6901493816177169,13.763889612780318
2024-08-01,36.98947525024414,36.80845680236816,36.35551368713379,36.592574229204644,36.39097819780156,18166800,0.9410687233270489,1.0087458175761914,0.711296662141552,13.875984272243201
2024-08-02,37.0981330871582,36.824959945678714,36.391515274047855,36.640722691866884,36.41870976209005,26124900,1.3239146265634287,1.438179883218796,0.7614122876563687,13.916745446222428
2024-08-05,36.03870391845703,36.7769100189209,36.40329902648926,36.58338757058976,36.40380757214366,26855000,1.3224634112711013,1.455171453388726,0.7989094399720841,13.519318275844928
2024-08-06,36.45523071289063,36.75993194580078,36.42982810974121,36.571182155570796,36.405824165898444,18104200,0.8967691602788751,0.9767651798066497,0.8061162521771326,13.675571350791978
2024-08-07,36.47334289550781,36.72371215820313,36.451195602416995,36.56186413080289,36.408471959216456,12176300,0.6056135752378986,0.6556980675261901,0.8072481196765026,13.682365833801855
2024-08-08,36.6906623840332,36.68839797973633,36.483680419921875,36.574130631110535,36.41953825038574,13237100,0.6571501336183594,0.7142334531321358,0.8040789017161195,13.763889612780318
2024-08-09,36.89892578125,36.65761108398438,36.52496337890625,36.60506350255239,36.43833776140003,11818700,0.5857316528618022,0.6417406441895178,0.8221888725937866,13.842016150253842
2024-08-12,36.69971466064453,36.645839309692384,36.54034553527832,36.61407789856116,36.448587835880204,11099000,0.5566512654299703,0.6082995093814264,0.8190196491163239,13.767285423265246
2024-08-13,36.92608642578125,36.61550464630127,36.54564407348633,36.643792996391646,36.467313270778284,15349400,0.7711135113410866,0.8635587911864726,0.8049844373182864,13.85220501272864
2024-08-14,37.03475189208984,36.564344596862796,36.556145095825194,36.68102717693433,36.48956576573168,10931100,0.5625317453660128,0.6218114040681373,0.7990992811886901,13.892969048747885
2024-08-15,36.25602340698242,36.47243690490723,36.54073684692383,36.6405506274151,36.48040724185916,17489600,0.8960382318389287,0.9932513021884853,0.8045322032904234,13.60084205482339
2024-08-16,36.772159576416016,36.42670955657959,36.53939338684082,36.65308481303423,36.491848509880995,13377500,0.6928731823247029,0.7585034029033997,0.7914026933521197,13.794461924284748
2024-08-19,36.88987350463867,36.50141315460205,36.54076042175293,36.675636116996564,36.507457333204826,9401400,0.552112057359424,0.5335777587963371,0.6727827101719743,13.838620339768914
2024-08-20,36.98947525024414,36.59015159606933,36.55106864929199,36.70552555825824,36.52635999661813,8784000,0.5420756610249822,0.4994590898995657,0.662822207738493,13.875984272243201
2024-08-21,37.17057037353516,36.65263080596924,36.57444244384766,36.74981554066556,36.551623148654095,13683400,0.8691128740290014,0.7793931357538642,0.6356575164194872,13.943919085201912
2024-08-22,37.00758361816406,36.6942834854126,36.59437843322754,36.774364881379704,36.56950395137998,13529600,0.8766347891754108,0.7693652338763177,0.6017011333931063,13.88277732423307
2024-08-23,37.31544876098633,36.74499092102051,36.63205352783203,36.82589667943748,36.5987566890116,11757300,0.7721930886639864,0.6711076492675541,0.59445718478263,13.998267794180881
2024-08-26,37.56899642944336,36.81109218597412,36.674621505737306,36.896668084199945,36.636805306283435,10309500,0.682998475600667,0.5898056052900406,0.5980795817295135,14.093381970199113
2024-08-27,37.53277969360352,36.87493000030518,36.71842514038086,36.95725014223838,36.671941556766576,9778200,0.6616315671239847,0.559859929094257,0.5994379464242747,14.07979586621938
2024-08-28,37.56899642944336,36.918846702575685,36.76669486999512,37.015511693400754,36.70712017922449,12732700,0.8944464406578442,0.737086556366018,0.5786114287019789,14.093381970199113
2024-08-29,37.3516731262207,36.936956596374515,36.79957069396973,37.04752706795503,36.7323967653812,17338100,1.221521997203014,1.0034429852864322,0.5573322367364089,14.011856760200638
2024-08-30,37.83158493041992,36.9736291885376,36.83919403076172,37.12219924533264,36.775502183618016,20009900,1.4407946371353892,1.1549916495014,0.5206598006029992,14.19188766364224
2024-09-03,38.87290573120117,37.115339279174805,36.89964378356934,37.288933196367736,36.857753303131084,23319900,1.7007740670226006,1.3571016467672734,0.512510428389896,14.582521782029874
2024-09-04,37.5599365234375,37.17057456970215,36.91726303100586,37.31474303704105,36.885289900005844,31272700,2.176283962791332,1.7979445754250534,0.5736312794711107,14.089983297674163
2024-09-05,37.406005859375,37.217207717895505,36.93340728759765,37.323434734406185,36.90571013370659,28199800,1.8588031266344978,1.6015273909127783,0.591288407642703,14.032238778210262
2024-09-06,37.26112365722656,37.245730781555174,36.947722930908206,37.317500346103365,36.91964791894267,18100300,1.1742686325284537,1.0298378333845588,0.5967213286655195,13.97788863821128
2024-09-09,38.691802978515625,37.335374641418454,36.99421600341797,37.448386311095014,36.98914419578867,27850300,1.7174914288233891,1.5627216403586108,0.6356574153014118,14.514584107031144
2024-09-10,39.52486038208008,37.47663192749023,37.04988639831543,37.646145746426924,37.08858404623147,36980400,2.111988431591419,2.0534983281217167,0.6637277124118974,14.827091687945254
2024-09-11,39.66068649291992,37.61336193084717,37.09936416625977,37.83800676990245,37.1894508088467,22395500,1.2538027528739686,1.235398680373227,0.6831958741510459,14.878044586439298
2024-09-12,39.71501541137695,37.747375106811525,37.161332321166995,38.016769497661926,37.28849255796553,18397000,1.0088643736302365,1.0184960251140072,0.6759520921659398,14.898425173428912
2024-09-13,40.23114776611328,37.94613132476807,37.23326675415039,38.22766266608586,37.40389080142231,20029700,1.0908020537665093,1.092702492861049,0.6727830474389286,15.092043611870258
2024-09-16,40.74728393554688,38.14488754272461,37.31285102844238,38.467626596510726,37.535004257662486,24714500,1.3056276516558272,1.3378229664165269,0.674594079298533,15.28566348133162
2024-09-17,39.91422271728516,38.296105003356935,37.37114143371582,38.6053976556321,37.628306942353575,18769600,0.9676238631337246,1.0123046445009114,0.7099088737263749,14.9731544693975
2024-09-18,39.73312377929688,38.43328742980957,37.4299080657959,38.71280014360018,37.710848779096445,16897900,0.8532864320948286,0.9148881521229018,0.7275661707414056,14.905218225418782
2024-09-19,39.78745269775391,38.564131546020505,37.48170234680176,38.81514800590053,37.792284226886935,23097200,1.139251963289937,1.238102854971741,0.7411485633069969,14.925598812408396
2024-09-20,40.14059829711914,38.72078227996826,37.536575393676756,38.94138136696897,37.88437497473918,52671900,2.369286837550245,2.7068146057674705,0.7533727669262195,15.058075489880899
2024-09-23,40.07720947265625,38.858870315551755,37.587826309204104,39.049555472272516,37.970368484461424,18083200,0.8020076802595775,0.9227026320945725,0.7633332607376027,15.034296230366337
2024-09-24,40.43941116333008,39.0023910522461,37.65791152954102,39.181922680944666,38.067193687554315,15154000,0.664951267330243,0.7738082897876811,0.7692185190892115,15.170170149343782
2024-09-25,40.339805603027344,39.14274234771729,37.714052047729496,39.29219724495254,38.15631572345522,21990100,0.9397384257038445,1.1160716324912097,0.7692186876424483,15.132804785849485
2024-09-26,40.40319061279297,39.28445205688477,37.76095680236816,39.398006137127815,38.24442846421357,15779600,0.6699733107795409,0.8046430201006758,0.7769154845742005,15.156582614344037
2024-09-27,40.64767837524414,39.44925231933594,37.812026824951175,39.51702254075794,38.33867355876379,15659300,0.6672436067876111,0.7985847588742491,0.7828010806681206,15.248298117837319
2024-09-30,40.6657829284668,39.59096221923828,37.871608352661134,39.62642829196831,38.42993274973254,13509700,0.5837329753370581,0.6918525713929867,0.7760097964919204,17.539090738339347
2024-10-01,40.93743896484375,39.69418888092041,37.982441101074215,39.75128645128978,38.52826632679572,17536400,0.7673077305934445,0.9338870350508525,0.7502032013092211,17.65625557640515
2024-10-02,40.79255294799805,39.85581970214844,38.09399803161621,39.85045468907152,38.617061880568365,12040800,0.5499875301810727,0.6503786799724007,0.6750471141632801,17.5937664562364
2024-10-03,40.31264114379883,40.00115146636963,38.18183113098144,39.894472446664594,38.68355518500878,12258400,0.5810827658030346,0.6698246152786937,0.6637284483350985,17.386781220145984
2024-10-04,40.00477600097656,40.138334083557126,38.25843605041504,39.904977547075255,38.735367766027125,14531200,0.6946965280232879,0.7985611479162628,0.677763520540245,17.253999449175783
2024-10-07,39.69690704345703,40.1885892868042,38.32634819030762,39.885161308635425,38.773075188671434,12885000,0.638849485871188,0.7104576163096588,0.6225285184447937,17.121216032932416
2024-10-08,39.85083770751953,40.20488815307617,38.398425521850584,39.88189239424344,38.815340385489,10855100,0.5754764469017201,0.5999097187021334,0.5840452215965556,17.187606095780932
2024-10-09,39.94139099121094,40.21892337799072,38.47213287353516,39.88755892728796,38.859499232772215,12614200,0.6865341514574604,0.699814746761397,0.5641242178372903,17.22666159022726
2024-10-10,39.49812698364258,40.208078956604005,38.528282165527344,39.850470170750306,38.88454345829654,12352800,0.6835503136701763,0.6939773721399164,0.5832945041240268,17.035482493455483
2024-10-11,39.54410934448242,40.17372703552246,38.57937484741211,39.82129294920098,38.910408787166574,10658700,0.6055054314667175,0.6038977572717081,0.5650428407168591,17.055314616214602
2024-10-14,39.71883392333984,40.12230453491211,38.63178886413574,39.811534946738014,38.94211173368318,9923500,0.5884627267406453,0.5727580822465254,0.5553650061241135,17.130673063098286
2024-10-15,40.22463607788086,40.1378252029419,38.71550750732422,39.85087791160876,38.99240680600465,15444500,0.9249768299128446,0.9033137040722197,0.5432531762361912,17.348824768175444
2024-10-16,40.380977630615234,40.17021789550781,38.79402244567871,39.901363599133184,39.04686056383252,9459000,0.5794099072417357,0.5588873067174012,0.5308871082688192,17.416254643665717
2024-10-17,40.3257942199707,40.19713497161865,38.87107147216797,39.94178556302247,39.097014824857546,10539500,0.6714192750430089,0.6239357365431278,0.5235226651647092,17.392454122026972
2024-10-18,40.45454406738281,40.21283226013183,38.94634910583496,39.990619706294886,39.15025126574089,13058400,0.9520094891835992,0.7732175772823816,0.5093881416372117,17.447983736697875
2024-10-21,40.18785095214844,40.21836433410645,39.01212760925293,40.00940363447142,39.19094144952158,18760000,1.364313032752967,1.1017655499290078,0.5107178934028649,17.33295939902278
2024-10-22,38.16466522216797,40.10462703704834,39.0414266204834,39.83371426187109,39.15069532295869,42576300,2.8155902556768866,2.4113311376117545,0.6164819916831898,16.460362450353173
2024-10-23,39.41535949707031,40.058404731750485,39.09121208190918,39.79387095093768,39.161074310178755,27174700,1.76678734699729,1.5187108358294303,0.6600294899783133,16.9997850015437
2024-10-24,38.495731353759766,39.96303176879883,39.120431671142576,39.67023860834931,39.13498242953487,23506400,1.4908422201919873,1.295491473192226,0.692583994812335,16.603150772727137
2024-10-25,38.0543098449707,39.83336334228515,39.156397399902346,39.51634063088468,39.092603112493144,19717400,1.2346447423622895,1.0840091416231383,0.7044753373155295,16.412766342895186
2024-10-28,38.27501678466797,39.71382503509521,39.18645454406738,39.39811931219737,39.060540903558824,13575000,0.8498522383981083,0.7461546241249516,0.6970611252401533,16.507956912537992
2024-10-29,38.008331298828125,39.567369651794436,39.208823699951175,39.26575854901935,39.01927778180468,15072300,0.9509241547088484,0.8233216061137841,0.6887344475642653,16.392935865409232
2024-10-30,37.962345123291016,39.42585926055908,39.22828109741211,39.141623937045225,38.97782944225513,16372600,1.0190362083184217,0.8869965928920436,0.6881045715130085,16.373102097376943
2024-10-31,38.74403381347656,39.34742889404297,39.25975036621094,39.10375821099106,38.96866098622459,31077900,1.8272814265282393,1.6525207429826931,0.722597419898246,16.710243248462483
2024-11-01,38.03591537475586,39.248985862731935,39.28031700134277,39.00205889325437,38.93208272695131,16682400,0.9747076954897334,0.8840973138755328,0.7269615799592841,16.40483283568227
2024-11-04,37.76002883911133,39.15214195251465,39.289208602905276,38.88377031666932,38.88611982938895,14760900,0.8577390540342656,0.7797833729047505,0.7484027897504759,16.285843389673886
2024-11-05,37.94395065307617,39.05679759979248,39.29670768737793,38.794263682041404,38.849172018553155,12322800,0.7130232868980206,0.649602519885076,0.7478080779190371,16.36516859016403
2024-11-06,37.85198974609375,38.95232753753662,39.30309188842774,38.70452330718925,38.81006683139788,21957100,1.2370468984952345,1.1428054228178641,0.7619134760378934,16.325505989918955
2024-11-07,37.30940628051758,38.84289150238037,39.29790008544922,38.571655018934806,38.75121739803003,24225500,1.320676903132461,1.2459633677357849,0.7536369642417725,16.09149056096231
2024-11-08,37.22663879394531,38.72701797485352,39.29539939880371,38.443558235602474,38.69143000179142,21305900,1.1287532240688445,1.0913485455584067,0.7531770500483141,16.055793069050527
2024-11-11,37.18985366821289,38.60056896209717,39.28256477355957,38.324157800612994,38.63254465537657,17116400,0.8898454660064204,0.8793571369343253,0.7563957441483484,16.039927699897863
2024-11-12,37.15307235717773,38.44699077606201,39.2481681060791,38.21262585361916,38.57452613387857,16984600,0.8794726457371239,0.8783032426157702,0.7439805383601161,16.024063976018365
2024-11-13,37.83359146118164,38.31962146759033,39.25364120483398,38.17652734005368,38.54546987220418,19953500,1.00587387797941,1.0440526541389767,0.7738685895730665,16.317570837432875
2024-11-14,37.58529281616211,38.182596397399905,39.25722694396973,38.12021929015925,38.50781587000645,13636600,0.6821084707831973,0.7245679138293079,0.7706497200976716,16.210480006970695
2024-11-15,38.30260848999024,38.07499961853027,39.278056640625,38.13758969014315,38.49976852177053,21482500,1.0523910206417075,1.137364514248333,0.7922610910088419,16.51985717335737
2024-11-18,38.85438919067383,38.00832653045654,39.28130836486817,38.20585630924131,38.513675214668694,17405400,0.8554993755317565,0.9318131859483767,0.8074350952498079,16.75783935592047
2024-11-19,38.56010437011719,38.028098487854,39.2620132446289,38.23959421980092,38.515495965862755,10520600,0.5613224472156233,0.5796515346941878,0.6924815534388735,16.630914757426
2024-11-20,38.82680130004883,37.99867057800293,39.245335540771485,38.29551870363405,38.527704018183776,14706500,0.8116566399628238,0.8172052929275192,0.6524776892104132,16.745940740374266
2024-11-21,39.08429336547852,38.02809867858887,39.232721099853514,38.370640100000195,38.54953105141102,12534100,0.7133604621382431,0.7010581004396708,0.6304066940914712,16.85699667916974
2024-11-22,39.68205261230469,38.10948581695557,39.22173919677734,38.49553652974348,38.59394366164214,17017400,0.9760201886954776,0.9550364995291994,0.6391431162582577,17.114809339218795
2024-11-25,40.44534683227539,38.21800231933594,39.215700454711914,38.68123274903224,38.66654770754933,28365900,1.56070590196613,1.585429911465785,0.6621341365359115,17.44401698309142
2024-11-26,40.80400085449219,38.35778579711914,39.233496017456055,38.883401140028425,38.750369399586305,17247000,0.9432950954343139,0.9656146671756295,0.6786875101911051,17.598703921011587
2024-11-27,40.81320190429688,38.500328636169435,39.25509757995606,39.06719168900637,38.83126479192789,12372400,0.6841714974255921,0.6962265650129214,0.677308259695726,17.602672319891216
2024-11-29,40.77641296386719,38.60194759368896,39.27487678527832,39.22997466756454,38.9075451123961,9023100,0.531363527418537,0.5159249981560017,0.6345454257559702,17.586805305465383
2024-12-02,40.3257942199707,38.716441535949706,39.27858070373535,39.33433843446036,38.963162724457845,12783900,0.7615763156491634,0.7658969493889372,0.6239696115277791,17.392454122026972
2024-12-03,40.30739974975586,38.843810081481934,39.28318450927734,39.42701094067898,39.01587790192051,15415900,0.9165843929328126,0.9265440979190848,0.6170723078707236,17.384520614814058
2024-12-04,39.10268783569336,38.901746940612796,39.25645004272461,39.39612302591845,39.01928221304886,21431600,1.240664235501362,1.278459253659831,0.6621340925386405,16.86493018638265
2024-12-05,39.13027191162109,38.96566104888916,39.232259368896486,39.37080387217585,39.02363475024777,16176900,0.9524067450148761,0.9717401302020886,0.6442013250732362,16.876827156655686
2024-12-06,38.96474075317383,39.048427772521975,39.2034903717041,39.33213119417565,39.02132518173507,15685900,0.9473131458805717,0.9423520309840306,0.642821760458331,16.805433818105293
2024-12-09,38.95554733276367,39.13487319946289,39.169647750854494,39.29626606451737,39.018745658246,15570300,0.9569047769032097,0.9355072412392967,0.6662722615081087,16.801468709772
2024-12-10,38.90036392211914,39.2203987121582,39.13433937072754,39.25856109857468,39.01410323722141,16337200,1.0064459929776963,0.9782609216342176,0.6713302549806084,16.777668188133255
2024-12-11,38.61528396606445,39.293509292602536,39.087896270751955,39.19729660976419,38.998463265803494,13986100,0.8696395616640055,0.8410545712185798,0.6731695573528725,16.65471363379158
2024-12-12,38.698055267333984,39.33673248291016,39.04600631713867,39.14974981524702,38.98668255998116,11232300,0.7178757274752694,0.6761121603518001,0.6391431615045523,16.69041277097653
2024-12-13,38.88197326660156,39.40156650543213,39.01739295959473,39.1242472868046,38.982576313181966,13360400,0.8546406043202837,0.8031445775658138,0.6478797636335827,16.76973632619351
2024-12-16,37.5944938659668,39.366160774230956,38.96918731689453,38.97855648482005,38.92814170740882,30228300,1.8810321803403347,1.783480069153122,0.6708702946064321,16.21444840585032
2024-12-17,37.50252532958984,39.298567581176755,38.92529968261719,38.83798208908384,38.872235182788465,15374000,0.9627710572508734,0.9044149734034699,0.6561560262293067,16.174782515058908
2024-12-18,37.00593185424805,39.2208589553833,38.86840156555176,38.66350111433757,38.79904681696335,19199600,1.170533164577953,1.1184847198987937,0.6740886252309313,15.960602499407718
2024-12-19,36.75762939453125,39.117400360107425,38.80472633361816,38.481989521975066,38.71899123176993,17859100,1.0784435089948292,1.0340739320216723,0.6740886230724783,15.85351002367237
2024-12-20,36.72084426879883,38.999227905273436,38.74918067932129,38.31426140262495,38.64063252733969,47590900,2.5987622939227024,2.6475595736925563,0.6616735916804579,15.837644654519707
2024-12-23,36.73004150390625,38.851627349853516,38.69289932250977,38.16338331703269,38.56570738916583,21292300,1.1492792411798027,1.1706748648673613,0.6294864949618848,15.841611408126164
2024-12-24,36.60128784179688,38.65942440032959,38.63054840087891,38.01461231939118,38.4886713284847,11712200,0.6619317202414156,0.6426859776457529,0.6106339371413295,15.786080148182098
2024-12-26,36.74843215942383,38.45664596557617,38.561024322509766,37.894023732727625,38.420426655188194,12946400,0.7406856479855186,0.7123634880587886,0.5959196897255484,15.849543270065913
2024-12-27,36.71164321899414,38.25156803131104,38.48763763427734,37.78141606475301,38.35341554004333,15168100,0.8609079260843222,0.8293995259199313,0.6028166715076371,15.833676255640082
2024-12-30,36.417362213134766,38.03361549377441,38.409468994140624,37.6515061741227,38.27749188016456,15672000,0.8730350166590812,0.8521698467160032,0.605115514419494,15.706753302418782
2024-12-31,36.77602005004883,37.85612678527832,38.33589851379394,37.56812654325852,38.218610631924726,13549900,0.7532128517404905,0.7363863975657223,0.5894818737009977,8.871537339846693
2025-01-02,36.97834014892578,37.689673805236815,38.27170829772949,37.51195641046493,38.16997257376791,22470200,1.2250557935164212,1.2162664967192491,0.5830446681950197,8.920343336508259
2025-01-03,37.02431869506836,37.585755348205566,38.2489013671875,37.46551472328431,38.12504497068165,15229900,0.8445993533753695,0.8495127624651896,0.5416614885287284,8.931434813736644
2025-01-06,36.42656326293945,37.45056991577148,38.18912544250488,37.366566965156224,38.05843784488784,27115000,1.4594430649004078,1.512555746730057,0.5600541694852879,8.787237327738678
2025-01-07,35.792015075683594,37.291933631896974,38.13505111694336,37.216609642349304,37.969558520605325,31517100,1.6270614718775627,1.7425445459584783,0.5830449305423088,8.634164267371862
2025-01-08,35.81040954589844,37.13467674255371,38.09017311096191,37.08268582363969,37.88488601179329,22901600,1.1603308079746144,1.2617606888181103,0.565112339995532,8.638601594443568
2025-01-10,35.38737106323242,36.95902709960937,38.0324201965332,36.92122727502947,37.78694424910463,27338400,1.3475695746922072,1.4837039716857545,0.5698901445926132,8.53655135382329
2025-01-13,35.67750549316406,36.81213817596436,37.98580368041992,36.802777581518484,37.70422116063637,19734000,0.9591444979327651,1.0656076036885769,0.5628671707418669,8.60654094011378
2025-01-14,35.8272590637207,36.668598365783694,37.943101959228514,36.70987105601394,37.63061480389458,15740100,0.7567364864621231,0.8505237280022946,0.5711076339501364,8.642666230212072
2025-01-15,35.73366165161133,36.51118278503418,37.88289451599121,36.61689873178511,37.556224484197195,27817100,1.2924474081218948,1.5084257778773618,0.568312631357028,8.6200875788161
2025-01-16,35.88340759277344,36.42562847137451,37.83984436035156,36.54704243283162,37.49062382178842,24678300,1.1615881340399363,1.3267144288090187,0.5194385625855045,8.656211028463511
2025-01-17,36.29521560668945,36.36526298522949,37.810548095703126,36.52305892557998,37.443745068255126,24082100,1.110761337898681,1.2818158553181778,0.5208716217922135,8.755552125388414
2025-01-21,36.51984786987305,36.340958786010745,37.78206604003906,36.52275311075075,37.40751380557348,25717600,1.168630432258664,1.3496238123566546,0.5196847509609388,8.809740520648571
2025-01-22,36.45433044433594,36.32579383850098,37.75411285400391,36.51623666633029,37.37013406591711,31488900,1.3879034851081657,1.6361252872022372,0.530411837288207,8.793935648716479
2025-01-23,36.66959381103516,36.323231315612794,37.741316604614255,36.53084210868314,37.34266189905899,25153500,1.1663371005648413,1.3056863944088062,0.5298588805787923,8.845863970295984
2025-01-24,37.00652313232422,36.337055397033694,37.73691429138184,36.57614506331562,37.32947998663802,37123900,1.6604440102934925,1.8959202162919655,0.5862586893100744,8.927141962059018
2025-01-27,38.036041259765625,36.40879306793213,37.75383804321289,36.71518279631086,37.35718827185871,35520300,1.5084070048606646,1.780553809716348,0.6231592157061456,9.175494244258553
2025-01-28,37.81142044067383,36.461942481994626,37.76700500488281,36.819586381488286,37.37500129808676,21031900,0.8780671909126795,1.0500218572534628,0.6249137608599064,9.121308609674717
2025-01-29,37.69910430908203,36.511315536499026,37.76431526184082,36.90334999364007,37.38771122008657,24238100,0.9931207475868121,1.2049370897971212,0.640304284308311,9.094214412044638
2025-01-30,36.941009521484375,36.5374979019165,37.751429595947265,36.90693661533953,37.370193506415895,27913500,1.1157335477916561,1.3682287419059884,0.6720816169382691,8.911338010352367
2025-01-31,36.86613464355469,36.5420036315918,37.722700119018555,36.90305071326478,37.350426492186045,45178700,1.6984786561857719,2.1642368680263266,0.6808960684007033,8.893275825415941
2025-02-03,37.41833114624024,36.56400318145752,37.69397895812988,36.952125040214824,37.353089419796014,27967100,1.040661254939886,1.3263128681528222,0.699619002582461,9.026483058983922
2025-02-04,37.25922775268555,36.57574863433838,37.66796142578125,36.98137291759299,37.34940857010541,19190200,0.7088481725094626,0.9026543311151818,0.6934911225383693,8.988102296332176
2025-02-05,37.55872344970703,36.63235664367676,37.64259986877441,37.036358682556234,37.357616996756455,16830500,0.6337227242339403,0.7900818243203152,0.6824031376363024,9.060350115852438
2025-02-06,37.380889892578125,36.71180038452148,37.60853179931641,37.069171178748796,37.3585296593377,15370600,0.5968974968564108,0.7196326187134445,0.6585383322878744,9.017451046290267
2025-02-07,37.32474136352539,36.78751697540283,37.56138557434082,37.09351119634657,37.357204628129374,15754800,0.6204269757433798,0.738493487909412,0.658518406439806,9.00390624803883
2025-02-10,37.390254974365234,36.887661170959475,37.50028373718262,37.12177250853882,37.35850072013862,16737500,0.6731772983097468,0.7932038154916224,0.6420460428850472,9.01971019974548
2025-02-11,37.895652770996094,36.998568534851074,37.442116775512694,37.19547539067761,37.37956550644676,15182700,0.6162843041467584,0.7209311292275233,0.6556170152119858,9.141628107615475
2025-02-12,37.93309020996094,37.10386009216309,37.384514541625975,37.265724421085544,37.40127235756496,14440300,0.5876997486455512,0.6843352934424696,0.6523412855827783,9.150659200083687
2025-02-13,38.4104118347168,37.23769760131836,37.33719451904297,37.374742270002805,37.44084645470817,17056700,0.7097241027493191,0.8022198227268541,0.6602967515297749,9.265804248715243
2025-02-14,38.363616943359375,37.361708068847655,37.297950973510744,37.46892081032248,37.47703353269449,12438200,0.5310736947903909,0.5851903583558175,0.6579569735132302,9.254515843242697
2025-02-18,38.56016159057617,37.47495536804199,37.26300621032715,37.57284850367997,37.5195091428075,16357700,0.7101349771767601,0.76891293515968,0.6570209387095105,9.301928618588095
2025-02-19,39.31826019287109,37.6148759841919,37.267317657470706,37.739078188364836,37.59004839967274,21039600,0.9227597268245958,0.9893557591568873,0.6593601480361396,9.484805940505805
2025-02-20,39.76750946044922,37.78053493499756,37.280062408447264,37.932262119039535,37.67543902950711,19771700,0.8900207631148048,0.9266019978764501,0.6546804086384519,9.59317905012436
2025-02-21,40.02020263671875,37.94806537628174,37.30117164611816,38.13111359691375,37.76739054351541,25465100,1.145505118991042,1.1825839252808654,0.6832261463082606,9.654136623721199
2025-02-24,40.54432678222656,38.124955558776854,37.33294723510742,38.3609434240864,37.87629000385702,27560600,1.2670206217368378,1.2658011579899477,0.6626360727953091,9.780571918276179
2025-02-25,40.90933227539063,38.26862010955811,37.37312660217285,38.60364712421061,37.99523283803481,24356900,1.149229125814141,1.1104814339981872,0.6336221155814972,9.868622769277655
2025-02-26,40.41329574584961,38.39871387481689,37.409086837768555,38.77599461198575,38.09005883441971,18651400,0.8849971969284124,0.8467537896538176,0.656083984462336,9.748963094637434
2025-02-27,40.49752807617188,38.538635063171384,37.44507629394531,38.93995018000348,38.184469392919794,19212300,0.9226123659917099,0.865943712013578,0.6420449511891902,9.769282592578193
2025-02-28,40.338417053222656,38.7085054397583,37.47420516967773,39.073137501262444,38.268937928617945,25197500,1.2179763104272259,1.1237201252554934,0.6401730530534827,9.730899989475567
2025-03-03,41.059078216552734,38.9181526184082,37.54349685668945,39.26227471224247,38.37835519481146,22334000,1.1426513255809314,1.003080923488379,0.6532759574841656,9.904746218925066
2025-03-04,40.1231575012207,39.05339393615723,37.59590950012207,39.344263549288016,38.446778814670644,32627500,1.649620628966686,1.443026045630538,0.6855655275534133,9.678972588121503
2025-03-05,40.0950813293457,39.195186614990234,37.657692489624026,39.41577000453161,38.51141812897163,18038400,0.9146705068657079,0.7986099059079708,0.7131752983889956,9.672199728883063
2025-03-06,41.39601516723633,39.3870512008667,37.75046020507813,39.60436478193206,38.624539581452595,22845900,1.1410415658399249,1.0070047212974629,0.7590355077813122,9.986026051138982
2025-03-07,43.10876083374024,39.673444747924805,37.878218536376956,39.938116786866175,38.800391395267795,44992100,2.092359477460053,1.987721851037119,0.8222104059987572,10.399194390545244
2025-03-10,43.51121139526367,39.98276824951172,38.0138419342041,40.27841151147546,38.98512943448332,39837000,1.7543809429230566,1.7315991348654793,0.8577756219086176,10.496278174465811
2025-03-11,40.64727783203125,40.14561939239502,38.09476173400879,40.31354163724268,39.05031172458324,64142300,2.5577736443518155,2.66654012071918,1.0229666243030913,9.805406962451045
2025-03-12,39.86109924316406,40.24389171600342,38.157015075683596,40.270451885425665,39.08210731354719,49650800,1.8525864899555238,2.0029697531832387,1.0959689583604206,9.615755861069452
2025-03-13,40.90933227539063,40.3927038192749,38.24096885681152,40.3312976368509,39.153763194403794,30708600,1.1120576847830004,1.2234793482330775,1.1324700344411227,9.868622769277655
2025-03-14,40.77830505371094,40.51109848022461,38.328187713623045,40.373869771789956,39.21747071829819,17432100,0.6308438990575936,0.6935498168182797,1.1357457627895033,9.837014865864349
2025-03-17,40.85318374633789,40.63557682037354,38.409730987548826,40.4195187217469,39.28161632724092,15560900,0.5599637555993137,0.6181135566230771,1.1535282349582048,9.855077971026216
2025-03-18,41.39601516723633,40.77736949920654,38.49808448791504,40.51251838322208,39.364533928809365,16254400,0.5850283014063332,0.6488650848916916,1.167567090955064,9.986026051138982
2025-03-19,41.12459945678711,40.86768646240235,38.580090103149416,40.570811818799704,39.43355610637712,14373300,0.5236052784197381,0.5741654661360897,1.155867982490684,9.920552011082599
2025-03-20,40.946773529052734,40.92664966583252,38.67049430847168,40.60661769596666,39.49289796608989,18109300,0.6617077469935164,0.7286488188150111,1.1525922537894728,9.877654781971307
2025-03-21,41.1713981628418,40.98420944213867,38.77808197021484,40.66040631185953,39.55872150321742,68445500,2.3188862922280187,2.674505887230417,1.1366815038775098,9.931841336780584
2025-03-24,40.76894760131836,40.99544048309326,38.87725273132324,40.67074357752227,39.60618135020177,18050000,0.6215348570865821,0.7079875667185125,1.11562312440936,9.834757552860015
2025-03-25,40.70343017578125,40.98514537811279,38.98357391357422,40.67385658688027,39.64921071591077,21483200,0.7434321342892465,0.8465386965419317,1.1170272131495849,9.818952680927923
2025-03-26,41.34922409057617,41.03194179534912,39.09700828552246,40.73817730151797,39.715877907074116,21684400,0.7464772853431145,0.8531555352854198,1.1123481200684466,9.974738565891876
2025-03-27,42.079246520996094,41.11102771759033,39.22204803466797,40.86589817956351,39.8085590291887,21905200,0.7505991374613568,0.8576819330177082,1.1376182283106915,10.150843028571147
2025-03-28,42.05116653442383,41.19666519165039,39.34839813232422,40.97878088002639,39.89650442155086,19530600,0.6757928774034158,0.7697008395195859,1.1053288407273019,10.144069249107268
2025-03-31,42.45361709594727,41.266392135620116,39.4798023223877,41.11924147201886,39.99678334995856,27786900,0.9524895005367991,1.0924049688388071,1.1020532191929546,10.08879187130817
2025-04-01,42.47233200073242,41.3838508605957,39.60334465026855,41.24810723665824,40.093863689204596,15710800,0.5546211338018013,0.6217415633847296,1.046833554669331,10.093239331670429
2025-04-02,41.87334060668945,41.47276382446289,39.710414505004884,41.307653271899305,40.16364709773342,21924100,0.7686902838117524,0.8702405217291208,1.0454298987524595,9.950893404030234
2025-04-03,42.69695281982422,41.537810707092284,39.83526695251465,41.43996751455882,40.26299242016835,30474800,1.0543886469189938,1.2106208954815956,1.0440260252759803,10.146618827901769
2025-04-04,40.27290344238281,41.39601783752441,39.9073331451416,41.32881855530397,40.26338108770617,42663400,1.4820689506634734,1.67156249958371,1.092226217992188,9.570561207192812
2025-04-07,39.85174179077149,41.21304435729981,39.96423751831055,41.188144577729446,40.247238370179325,38812000,1.3506812045047298,1.5186548189783176,1.1287273660105501,9.470475218343381
2025-04-08,39.4680061340332,41.15408077239991,39.992876815795896,41.024321868806,40.21668024327163,29790200,1.1026250554038537,1.170895974275207,1.0206279178996844,9.379283243683536
2025-04-09,40.141876220703125,41.16811962127686,40.039485931396484,40.940279426129536,40.21374675219052,49426000,1.8301665704853518,1.9002612369006695,1.0384103679116954,9.539423545447416
2025-04-10,40.81515121459961,41.16341056823731,40.10180686950684,40.92836245360287,40.23733124091245,36501700,1.3372574822482757,1.3902560161003192,1.0469428847728905,9.699422427762356
2025-04-11,41.58543395996094,41.20376701354981,40.19469535827637,40.99094069230364,40.290198014208464,30144300,1.0792204514250014,1.1461712769842247,1.0579749710691062,9.882474493324802
2025-04-14,42.12747573852539,41.267481613159184,40.299922180175784,41.09918212527714,40.36224812104443,24323000,0.8573597387772252,0.9397330637291473,1.073263586144448,10.011286761008172
2025-04-15,42.29864883422852,41.31261329650879,40.39752853393555,41.213417049939174,40.438185403914396,21795300,0.7608310904920985,0.8461090351089072,1.0530263608579102,10.05196479634762
2025-04-16,41.471317291259766,41.329949188232426,40.48177032470703,41.23797897768399,40.47870037988872,17271600,0.5998829867654176,0.6714960658330208,1.0900892762853052,9.855355500920192
2025-04-17,41.88022994995117,41.37662200927735,40.56820045471191,41.29914573694753,40.533662323812734,16504800,0.5748520012441055,0.6418464869708056,1.1057405485773817,9.952530606112223
2025-04-21,40.824668884277344,41.359285545349124,40.6370760345459,41.253957465264655,40.54507434579174,23802500,0.8989117512436158,0.9196120201220884,1.1485993718821508,9.701684232410509
2025-04-22,41.0719108581543,41.37443370819092,40.71201942443847,41.23661969315891,40.565734601178505,37633800,1.370573627115607,1.429813358860441,1.2213305790204927,9.760439480771527
2025-04-23,40.60594177246094,41.36955928802491,40.77633316040039,41.17655512928291,40.5673113529935,29402100,1.0555648798438306,1.1064206574303448,1.2408608217106647,9.649705332644658
2025-04-24,40.71055221557617,41.337625694274905,40.83263114929199,41.13217389940608,40.572928641722235,16597300,0.6013510135137583,0.6239032458847076,1.2324578444438703,9.674565240005899
2025-04-25,39.85468292236328,41.22639751434327,40.87106300354004,41.01050809206867,40.54476214292385,23361900,0.8442171940697842,0.8723378403194468,1.252281524216275,9.47117415677373
2025-04-28,40.3111457824707,41.13939647674561,40.909077682495116,40.94390215782124,40.535600717023726,16188500,0.5885496668878325,0.6048738894827755,1.260234937476937,9.579649219857234
2025-04-29,40.84368133544922,41.0588996887207,40.95867897033691,40.934357317595335,40.54768230990316,14712800,0.5479210242646324,0.5488023725832766,1.2566094305749442,9.70620240249724
2025-04-30,41.89924621582031,41.0302453994751,41.025460662841795,41.02625149837867,40.600684816017555,29563000,1.0732753777457005,1.0919724236239847,1.294057549393682,9.957049682733883
2025-05-01,41.176517486572266,40.99540424346924,41.06262580871582,41.040562544873296,40.62326648937264,18921900,0.6907178053148902,0.7000158412624118,1.2881073005484542,9.785298481597842
2025-05-02,41.59494018554688,40.94030361175537,41.099174423217775,41.093360415413635,40.661371340203,15366500,0.5768394087945065,0.5703427698248534,1.2487816053306713,9.884733578368168
2025-05-05,41.404747009277344,40.9968957901001,41.12686531066895,41.12301628149589,40.69052332722552,9210000,0.3688949094104651,0.34601337738059834,1.145480009783541,9.839535559872129
2025-05-06,41.98483657836914,41.10355052947998,41.1556755065918,41.20509440500763,40.741280709623304,12131500,0.5133410924434998,0.4611179659982563,1.0899858353171414,9.977389606938537
2025-05-07,41.73758316040039,41.21702938079834,41.17224052429199,41.25580761980694,40.7803513939675,12826600,0.5629589380912389,0.49184992261759597,1.0450217876791719,9.91863163897273
2025-05-08,41.471317291259766,41.28350143432617,41.1934009552002,41.27633235042149,40.807448095822096,14967400,0.7106580426445155,0.5755673996139145,0.947631065734338,9.855355500920192
2025-05-09,41.471317291259766,41.31630973815918,41.21287673950195,41.29490234478704,40.83348218191769,10878400,0.5499652176726578,0.4210245700099257,0.908166188641875,9.855355500920192
2025-05-12,40.891231536865234,41.281599617004396,41.2239330291748,41.25645750593734,40.835746862503875,20160000,1.0455919043387136,0.7833028430629442,0.9238566906247663,9.717502360388714
2025-05-13,40.55839920043945,41.203145790100095,41.213919448852536,41.18997576255659,40.82487048359939,20069600,1.052512615850149,0.7811649780140686,0.9086411852086986,9.638407187823042
2025-05-14,40.27310562133789,41.101868629455566,41.21691841125488,41.10265479672624,40.803232645863645,20447500,1.0761340853333936,0.8034922904821402,0.9191017906171822,9.570609253544056
2025-05-15,41.34769058227539,41.095687294006346,41.24197059631348,41.12599153820711,40.82458393748764,14608000,0.7742330082010505,0.5755786638095775,0.9100677671043556,9.825976516937288
2025-05-16,41.83267974853516,41.093309783935545,41.25070388793945,41.19329517728597,40.86411710654832,13407700,0.7164969526288085,0.5322435329058353,0.8972299797023837,9.94123064822075
2025-05-19,42.136985778808594,41.15892562866211,41.23126838684082,41.28317047266908,40.91403352506833,14778600,0.809269477492593,0.6010824902400255,0.8444517235992912,10.013546752586466
2025-05-20,42.0514030456543,41.20790023803711,41.20207221984863,41.35633547962005,40.95863625136582,12189900,0.7174977898061504,0.5072003062366593,0.7598164459989253,9.993208641451671
2025-05-21,41.60445022583008,41.257825660705564,41.22121566772461,41.37996545544958,40.9839622895801,16038600,0.9826799789354821,0.6951655683045487,0.7398463348615969,9.886993569946462
2025-05-22,41.01485824584961,41.27304096221924,41.24429084777832,41.34519334024958,40.985173895708314,14947700,0.9204926101397239,0.667977086335224,0.7455520370575013,9.746881344371618
2025-05-23,41.19553756713867,41.34008369445801,41.25001495361328,41.330940409477115,40.99342345145069,12393400,0.7898725206145422,0.5630481853378679,0.7051359351743833,9.78981846475443
2025-05-27,41.3667106628418,41.392861938476564,41.261783065795896,41.33434710027375,41.00806216562288,12873700,0.8292430613527915,0.5873013671657947,0.6975282714730675,9.83049650009388
2025-05-28,41.01485824584961,41.401420783996585,41.26501655578613,41.3039195903286,41.00832867857295,12783000,0.8285504094787774,0.5846454353886527,0.6827883469206248,9.746881344371618
2025-05-29,41.20505142211914,41.36671104431152,41.26119728088379,41.29450357430865,41.01604329596692,9960400,0.6893955019442111,0.45818844165788736,0.642372671151777,9.792079362867655
2025-05-30,41.80414962768555,41.398092651367186,41.274788284301756,41.34304129367788,41.04694942662255,26569500,1.7915565325277807,1.2086616956391556,0.640946210468665,9.934450673485864
2025-06-02,41.93728256225586,41.41520977020264,41.29459846496582,41.39963570020911,41.08186445154934,11873300,0.8101467411403314,0.5432051027140903,0.6490293486317888,9.966088742512135
2025-06-03,41.6805305480957,41.428998947143555,41.304781112670895,41.426387590484026,41.105341553374686,13140900,0.8847729490782058,0.6332424912655626,0.635240220190773,9.90507350257282
2025-06-04,41.11946487426758,41.38573036193848,41.31179145812988,41.39715685560627,41.10589540909598,14360100,0.9596614209773442,0.6944637887049636,0.6262059952163067,9.77174034519793
2025-06-05,41.176517486572266,41.35767707824707,41.3212532043457,41.37614358236494,41.10866490233035,12095900,0.8103272017889515,0.5903254732916022,0.6171719515621543,9.785298481597842
2025-06-06,41.652000427246094,41.36671123504639,41.3273087310791,41.40241566282982,41.12997217781723,10135200,0.690146858446761,0.500275479265311,0.6205002871159031,9.898293527837936
2025-06-09,41.50935745239258,41.36861324310303,41.31591094970703,41.41260059516913,41.14485003172214,13399400,0.9046545887620665,0.6669977911428882,0.6147945851003357,9.864395467233372
2025-06-10,41.965816497802734,41.422342491149905,41.31420394897461,41.46528782399138,41.177044795097856,13724100,0.9471542962044055,0.6871329042739315,0.5895940389243733,9.972869623781948
2025-06-11,41.59494018554688,41.47416954040527,41.2970304107666,41.47763566794905,41.19343284962527,14602100,1.0271270253825673,0.740873748103433,0.589118817102009,9.884733578368168
2025-06-12,41.04338455200195,41.51268348693848,41.26845146179199,41.436278418811234,41.18754860265964,22370500,1.5629934463339994,1.1274038691716615,0.6029077649718702,9.753660412571572
2025-06-13,40.90074157714844,41.49033603668213,41.248999481201174,41.38527491008144,41.176301268325865,13544100,0.9498362659592038,0.6883952083086614,0.5639184456546203,9.719762351967008
2025-06-16,40.415748596191406,41.41948947906494,41.20337539672852,41.292939070663344,41.1464756733402,20449300,1.399536049894997,1.050061670769493,0.5710505270685153,9.60450731414862
2025-06-17,39.79762649536133,41.302521514892575,41.19386985778809,41.15052834920601,41.09357962714495,23028200,1.5327644866052337,1.2068227130572806,0.5952998992497449,9.45761511383889
2025-06-18,39.6264533996582,41.181274032592775,41.18936408996582,41.00537835401098,41.03604526528272,18654200,1.2154806290145812,0.9986979696464173,0.5957754795796593,9.416937078499442
2025-06-20,39.65498733520508,41.083800888061525,41.19310371398926,40.87676968555328,40.98188613076988,37068100,2.2604353832677133,1.969185423052327,0.5857902747828507,9.423717959769256
2025-06-23,40.28261947631836,41.047188949584964,41.195918579101566,40.820183951340425,40.954463909026686,16014400,0.9734020018247033,0.8820519847987255,0.5819863228403029,9.572870151657279
2025-06-24,40.53937530517578,41.014380836486815,41.190403060913084,40.793440270753315,40.93818592456194,16716300,1.0028896454222382,0.9412257945292992,0.574378658153617,9.633886298131522
2025-06-25,40.054386138916016,40.948764610290525,41.15978210449219,40.723054162959286,40.90352710943858,15599700,0.9283085090334784,0.8929807273880052,0.5853147503287414,9.518632166848063
2025-06-26,40.03536605834961,40.89979000091553,41.11793991088867,40.65756005775837,40.869481578023326,15870000,0.9357981718619582,0.917331177826643,0.5815110081059878,9.514112183691473
2025-06-27,40.23506927490234,40.85129089355469,41.07666831970215,40.617322840343505,40.84460266417544,21439600,1.222831906812082,1.2397797221916385,0.5843639481295572,9.561570193765803
2025-06-30,41.147987365722656,40.81848278045654,41.07020172119141,40.667862318951045,40.8565001034518,22796000,1.3143397138041994,1.3098469508537334,0.5972019118346192,9.562671938782794
2025-07-01,41.53788375854492,40.798512840270995,41.06335479736328,40.75072150367427,40.88322103110251,19233200,1.085881290521461,1.1016759643416523,0.59244719193774,9.653282720339027
2025-07-02,41.45229721069336,40.78710117340088,41.0759073638916,40.81753823767609,40.90553774402764,18313900,1.019096902933467,1.0556562247166243,0.5976776787267472,9.633392656890646
2025-07-03,41.41425704956055,40.80184078216553,41.08275428771972,40.87436860071271,40.9254875207152,10301300,0.579774338655234,0.6131103591504339,0.5815115502675379,9.62455223468048
2025-07-07,40.7010383605957,40.7780668258667,41.08465621948242,40.8578609587968,40.916685592867374,22039300,1.206644750367439,1.3233279994235774,0.6124177858101725,9.458802296960293
2025-07-08,40.94828796386719,40.74288120269775,41.08941093444824,40.86647305451778,40.91792490153403,16736200,0.900037886538824,1.0047410049259096,0.6162215308500919,9.516262381752897
2025-07-09,40.52035903930664,40.693431282043456,41.10272445678711,40.833509814973866,40.90233408340746,23519800,1.231337706399372,1.411719992561997,0.6233536135762385,9.416812951035478
2025-07-10,40.61505508422852,40.62589321136475,41.10880264282227,40.812704602521926,40.89106824030241,19359300,0.9987888731102744,1.1575896437903295,0.6142900760612235,9.438820034964996
2025-07-11,40.2188606262207,40.557089233398436,41.096306228637694,40.75614803335038,40.86470715739724,20174300,1.0260874297512612,1.1984947215688773,0.6066218045076883,9.346745601476453
2025-07-14,40.18021011352539,40.51393051147461,41.0619255065918,40.70129680289086,40.83786413606893,15757300,0.815142732618668,0.9517049006342847,0.5774189008697761,9.337763335347955
2025-07-15,39.87097930908203,40.46244239807129,41.03581474304199,40.62221894633764,40.79994708403023,15653200,0.8053640170033411,0.9491652206730916,0.5859096133613046,9.265899000648536
2025-07-16,39.8613166809082,40.434720802307126,41.00114227294922,40.54975206391579,40.763138048613676,17971300,0.9305633514012845,1.0862966070344857,0.562834179581763,9.263653434116412
2025-07-17,39.57141876220703,40.423410415649414,40.96447570800781,40.45657746375305,40.71640395895067,18411200,0.9648752740229637,1.1006438197228257,0.5399353850362122,9.196282005530222
2025-07-18,39.465118408203125,40.41534366607666,40.91408134460449,40.362152791795914,40.66733393735273,21079700,1.097746385209792,1.246830532972039,0.5435943123675753,9.171578114103381
2025-07-21,41.05957412719727,40.48557300567627,40.90052116394043,40.42857387135795,40.68271590558193,47574000,2.4114963503649633,2.7028261560214837,0.6304275566438985,9.54212496068763
2025-07-22,41.51375198364258,40.54712963104248,40.90136985778808,40.53192416776601,40.71530555570195,23521000,1.1700051682979884,1.3234381280718552,0.6459364657220078,9.647674566417898
2025-07-23,41.39778900146485,40.590050315856935,40.899899291992185,40.61438748526113,40.742069612398545,23357200,1.1429787806683265,1.2960220669768614,0.6680328800019151,9.620725108458933
2025-07-24,41.62971115112305,40.668816566467285,40.91466888427735,40.711084977247985,40.77687908450539,20411000,0.9871860723140036,1.1322307503021538,0.6637316656611194,9.674623137852373
2025-07-25,41.62971115112305,40.74853382110596,40.93609512329102,40.798573184283704,40.81032347927471,16571500,0.8001297860100048,0.9228289671009232,0.6674136566156939,9.674623137852373
2025-07-28,40.93395233154297,40.78347797393799,40.94931205749512,40.811466436403634,40.81517166955974,18243700,0.8877185879962357,1.0184497403758992,0.6856519656729219,9.512930822721028
2025-07-29,41.27216339111328,40.78968677520752,40.94780151367188,40.855342336852175,40.83309291354224,13118500,0.6537237487071658,0.7335567209307216,0.6661581614232212,9.591530083967841
2025-07-30,41.16586685180664,40.77108592987061,40.93446525573731,40.88491610018117,40.84614287190555,13313300,0.6733632250706199,0.744528096256651,0.6555602472058617,9.56682707906549
2025-07-31,41.32048416137695,40.764495277404784,40.918135223388674,40.92639877267601,40.8647444911005,25538700,1.268525311447757,1.4112328580909368,0.6734155908047914,9.602759689677445
2025-08-01,41.43644332885742,40.76560459136963,40.905836029052736,40.97497444469329,40.88716405336549,20841300,1.0087954310806748,1.1407540264080127,0.6978430477655586,9.62970826111192
2025-08-04,41.50408935546875,40.80575714111328,40.90382881164551,41.02536634095762,40.911357202467585,13629900,0.6734433117645431,0.7480085156153274,0.6730269184974553,9.645428999885773
2025-08-05,41.2335090637207,40.820018196105956,40.90820182800293,41.04518945741125,40.923990608791236,14863700,0.7378175616930733,0.8157946386545176,0.6605195390506402,9.582546931314853
2025-08-06,40.92428588867188,40.840214538574216,40.90277679443359,41.033674831817024,40.9240021883944,17812000,0.8968734052513821,0.9718317205611701,0.6561413487821689,9.510684369664416
2025-08-07,41.50408935546875,40.88466625213623,40.90552436828613,41.07847621502195,40.94675070475025,15543400,0.7902361597839477,0.8455923754479326,0.6696699827828013,9.645428999885773
2025-08-08,41.697357177734375,40.958591079711915,40.919174346923825,41.1374172590898,40.97618625271041,13057000,0.6760575340132224,0.7101154882621831,0.6633889430252555,9.690343876626226
2025-08-11,41.72634506225586,41.03589782714844,40.92960021972656,41.19350562129609,41.00560424524161,12914900,0.67365714159037,0.7001372637458908,0.6720857885373309,9.6970805762226
2025-08-12,41.79398727416992,41.13204822540283,40.92939697265625,41.25069435014122,41.03652122676821,12469300,0.6558602323884805,0.686475335378818,0.6691866700934976,9.712800428471963
2025-08-13,42.23849868774414,41.25090732574463,40.935421295166016,41.344770953722445,41.083657597786875,14327700,0.7608995244278397,0.7866603591963773,0.6957608433087348,9.816103581145617
2025-08-14,42.03556823730469,41.37411479949951,40.942522048950195,41.41056117120647,41.12098742678757,10582800,0.5739503094877954,0.5826839337739637,0.6928619541586027,9.76894313787304
2025-08-15,42.75065994262695,41.5383918762207,40.97514595031738,41.53818962562747,41.18489615289892,21239200,1.1513942614061579,1.1606282579690732,0.7208855725945238,9.935128359117614
2025-08-18,42.89561080932617,41.63019371032715,41.00952781677246,41.66746783359877,41.251983002170576,12692100,0.7598963263385344,0.6931154496684846,0.631016130528921,9.968814516672953
2025-08-19,43.42708969116211,41.725860595703125,41.04502960205078,41.83505086765242,41.337281303699655,17944200,1.0925882740476036,0.9716454239822636,0.6155544067291,10.09232865466022
2025-08-20,43.54305267333984,41.833123779296876,41.08570350646973,41.997717706289315,41.423782141724764,20982100,1.2868652603540733,1.1268883560902971,0.6107226206143146,10.119278112619185
2025-08-21,43.51406097412109,41.927341270446775,41.11666839599609,42.14213135084472,41.505753860642265,11866800,0.7473923176700769,0.6386057828189278,0.5986434336768746,10.11254052649832
2025-08-22,42.94392395019531,41.99305191040039,41.143648071289064,42.21849255078287,41.562152687683565,19123700,1.1948418062487758,1.0241480811542443,0.6334315511301536,9.980042349333576
2025-08-25,42.74099349975586,42.083403968811034,41.17760025024414,42.268254545923156,41.60838173913738,16021200,1.0079973122085002,0.8638720503971734,0.6179703818880089,9.932881906060999
2025-08-26,42.48008346557617,42.14379997253418,41.2091870880127,42.28842872874725,41.64256612056634,17328200,1.0759799622157058,0.9305488219950676,0.6203864177365691,9.872247177071184
2025-08-27,42.77964782714844,42.22448902130127,41.25646507263183,42.335211500023554,41.68715756004015,12046600,0.7509768571506941,0.6528108866481732,0.6184537034972649,9.941865058713988
2025-08-28,42.45109176635742,42.281019401550296,41.30953437805176,42.34624771586488,41.71711576420946,15842800,1.0184074832006926,0.8652670969007612,0.6000935691545592,9.86550959095032
2025-08-29,42.74099349975586,42.34624691009522,41.37182518005371,42.383842552425925,41.7572678322701,14792700,0.9697577981928036,0.8113372543917748,0.5764183813594925,9.932881906060999
2025-09-02,42.325469970703125,42.387315940856936,41.42523483276367,42.37828325892851,41.77955026907139,21123700,1.3515963094830954,1.179198780993484,0.5991273100875787,9.836315452983719
2025-09-03,42.26749038696289,42.439015007019044,41.46493225097656,42.367731556836546,41.79868517565537,21828500,1.3662499307596039,1.2106843049368143,0.6228025042770688,9.822841167266482
2025-09-04,42.69268035888672,42.527434730529784,41.507998352050784,42.39867906179371,41.83374381029189,14480500,0.9158862189815925,0.8051355644678365,0.6319828152436784,9.921654073400376
2025-09-05,42.88594818115234,42.596527671813966,41.56462959289551,42.44508564458977,41.87500672679622,13406700,0.8537377093756279,0.7472531270013171,0.6121729546710292,9.966568950140827
2025-09-08,41.861629486083984,42.60474128723145,41.6011548614502,42.389518391398745,41.874482129121226,30273900,1.8276506576159204,1.6607194931612625,0.6619394404830683,9.728520280721325
2025-09-09,42.103214263916016,42.62358474731445,41.63851776123047,42.36225133163848,41.88345201676023,15595500,0.9339511965510489,0.8610349114584144,0.6561417178579507,9.784663876646892
2025-09-10,42.025909423828125,42.63518085479736,41.656076202392576,42.33021876898987,41.88903858174328,14807800,0.880612845358121,0.8248210774710626,0.6653218808236983,9.766698457865404
2025-09-11,42.65402221679688,42.65595703125,41.67839897155762,42.36105719259054,41.919037939980676,15510600,0.9191749908737928,0.8675661934111148,0.6566247169182479,9.912670034222899
2025-09-12,42.48974990844727,42.67866611480713,41.6991480255127,42.373313641719754,41.94141880148917,13723500,0.8057709487382655,0.7715691051215187,0.6522760604098966,9.8744936301278
2025-09-15,42.39311218261719,42.66078872680664,41.71872512817383,42.37519921704332,41.95913226741576,15034700,0.8991351743794886,0.8408128112565467,0.6266682424939664,9.852035305233082
2025-09-16,42.26749038696289,42.62938270568848,41.75005416870117,42.36494123322613,41.97122474269212,16173600,0.9572802955130002,0.9104790204097809,0.6397139680323267,9.822841167266482
2025-09-17,42.7216682434082,42.594111633300784,41.78552177429199,42.398915234195854,42.00065389958295,14414000,0.8621403798286426,0.8135508883022964,0.6392310748027643,9.92839077299675
2025-09-18,42.19984436035156,42.526951217651366,41.81911148071289,42.37995610335354,42.00846529020133,16507300,1.0007387035495054,0.9391344736248931,0.6305339617903367,9.80712042849263
2025-09-19,42.01624298095703,42.452060317993165,41.84713523864746,42.345316758363396,42.00877029768195,29164200,1.6799668893723123,1.640905091024484,0.6300508755798926,9.76445200480879
2025-09-22,41.7070198059082,42.39021511077881,41.87689842224121,42.28452657241528,41.996936945063375,18507700,1.0680075260319513,1.0432804950284973,0.5991281887349575,9.69258944315835
2025-09-23,41.890621185302734,42.347696495056155,41.91110664367676,42.247011773642654,41.99276769958256,16796400,0.9670919616569491,0.9457065012676872,0.594296589485926,9.73525786684219
2025-09-24,41.72634506225586,42.31000957489014,41.94821395874023,42.197424467796296,41.982319753020725,21162400,1.2051717416999366,1.184183828949832,0.5827006741508335,9.6970805762226
2025-09-25,41.890621185302734,42.26555824279785,41.988800048828125,42.16820510755881,41.978723730757274,19012200,1.0616634469580104,1.0626272797452583,0.5918810233178998,9.73525786684219
2025-09-26,42.141868591308594,42.25009708404541,42.04020904541016,42.16569686791593,41.98512156842596,12456200,0.7022085445839737,0.7008656925225089,0.58125109198774,9.79364702929988
2025-09-29,41.79398727416992,42.20274677276611,42.08678642272949,42.130295954225836,41.97762610590611,15854500,0.8911180188284478,0.8973523337669588,0.5909143795731697,9.712800428471963
2025-09-30,42.47042083740234,42.209994316101074,42.11500335693359,42.16268880024265,41.9969513894942,24399100,1.3588676205266752,1.418173871042553,0.5817342631690228,9.062725785387109
2025-10-01,42.35446166992188,42.21434288024902,42.13181755065918,42.18095288306924,42.010971400491364,19921900,1.1154394969578898,1.1628060363022372,0.568205541767227,9.037981360527263
2025-10-02,41.93893814086914,42.176655769348145,42.14264053344726,42.15790386000256,42.00814656678069,21550100,1.1831863141940795,1.2605002694708953,0.5648233321646575,8.949313159767055
2025-10-03,42.19984436035156,42.142350578308104,42.154043197631836,42.16189819336913,42.01566412731288,18016000,0.9767903847738678,1.0567457697028595,0.568688574383259,9.004987708694266
2025-10-06,40.044918060302734,42.05151500701904,42.12234733581543,41.960281037839,41.938379967822286,75944200,3.663917593912849,4.164516160872822,0.6112070536308056,8.545149878976734
2025-10-07,40.00626754760742,41.94666767120361,42.10379364013672,41.774184514959806,41.862610853304055,34001300,1.5706522831214227,1.8328383780819886,0.6160386019469474,8.536902280033383
2025-10-08,39.928958892822266,41.84182014465332,42.076929550170895,41.5984487414229,41.78678136465771,35601000,1.5691869702076624,1.8736557818393331,0.6073415714751758,8.520405454116885
2025-10-09,39.45545959472656,41.681892013549806,42.0427214050293,41.39435453697563,41.695356981523155,34868200,1.4740043774313927,1.7943774984664407,0.6058922650919161,8.41936585494165
2025-10-10,39.1703987121582,41.51592445373535,41.99971969604492,41.18254922032635,41.596339010175505,38107700,1.531990318651912,1.9360422286913272,0.626841677178572,8.358536963682294
2025-10-13,39.07210922241211,41.349874305725095,41.952433013916014,40.98155493481071,41.4973496067338,26453700,1.0396184642640365,1.3363459299030267,0.6405101414646225,8.337563055828525
2025-10-14,39.85846328735352,41.22942295074463,41.91952049255371,40.874593825529075,41.4330795549934,22346100,0.8676678492564905,1.118990647511411,0.6498964331846733,8.505362458807655
2025-10-15,39.69136428833008,41.077907752990725,41.8886775970459,40.761905298176785,41.3647769955164,18233200,0.7027589335510231,0.9099646448701424,0.6332512762666933,8.46970535022943
2025-10-16,39.67170333862305,40.951500701904294,41.86362594604492,40.65807654012405,41.298381950148034,16751200,0.645335148617743,0.8368885643048583,0.6219791699527061,8.46550991744676
2025-10-17,39.85846328735352,40.84361171722412,41.830713424682614,40.58192289700305,41.24191455160707,20523500,0.8040444530981578,1.0202753597597254,0.628150879454143,8.505362458807655
2025-10-20,40.10419845581055,40.76347064971924,41.79885025024414,40.53642533117519,41.19729823412485,28079200,1.07980705205622,1.3753464668948396,0.627616409403122,8.55779967048677
2025-10-21,39.61272811889648,40.64957599639892,41.75657791137695,40.44845416810102,41.13515822960609,29881700,1.120920903422853,1.4397053146772016,0.640251747284838,8.452925247128537
2025-10-22,39.12125396728516,40.51932144165039,41.703123245239254,40.3220541489757,41.05618159186802,31009500,1.1421326106953733,1.4678197228923737,0.6872989187110882,8.348050009755411
2025-10-23,37.74513244628906,40.31204700469971,41.613255920410154,40.07663303443412,40.92633652733551,52663600,1.8264983346394135,2.405504968494424,0.7310385812134814,8.054400647534486
2025-10-24,38.15796661376953,40.11285190582275,41.535703887939455,39.893902899132726,40.817773001313306,27485700,0.9290552473806447,1.236367689670212,0.7392009735858455,8.142494967791825
2025-10-27,38.56097412109375,39.95120124816894,41.451910171508786,39.76695730122425,40.729271084441955,27487200,0.9111918453116659,1.2295240358189814,0.7377001486685331,8.228492385672725
2025-10-28,38.64944076538086,39.76015224456787,41.366986770629886,39.66052715495345,40.64770911114544,30719200,1.0077746987505172,1.3522851881737115,0.7280269102813065,8.247370205164954
2025-10-29,39.524261474609375,39.618642234802245,41.28893020629883,39.647549471111155,40.603652341085194,53730200,1.670059561506094,2.2930041229537266,0.7953987956564756,8.43404742763631
2025-10-30,38.29557800292969,39.43647422790527,41.18398071289062,39.518790283665304,40.51313962194184,47371000,1.4155948824501317,1.9770861512233218,0.8366976837019209,8.171859741210938
2025-10-31,39.062278747558594,39.279595947265626,41.09494506835937,39.47531299451229,40.45624311706407,52181800,1.4836193376769449,2.1069672556765426,0.8690837007353285,8.335465339437189
2025-11-03,38.79688262939453,39.217194175720216,41.01200424194336,39.41070057878679,40.3911701567633,39851100,1.1943158130391411,1.5825951270282472,0.8012215308328656,8.278832694975401
2025-11-04,38.64944076538086,39.149352836608884,40.93017318725586,39.3381996441767,40.32286704337575,33632800,1.008513629243321,1.317224144607969,0.8006704533161791,8.247370205164954
