Date,Price,SMA_20,SMA_50,EMA_20,EMA_50,Volume,Relative Volume_20,Relative Volume_50,20-Day Average Swing,PE Ratio
2016-01-19,26.103599548339844,26.427457332611084,26.21214225769043,26.25688435264252,26.26908447341348,20364300,1.3207743577420694,1.4899273352862186,0.4069986242040818,5.975839417828457
2016-01-20,25.841800689697266,26.410398864746092,26.197962875366212,26.21711111781266,26.249824590045854,28290200,1.8549479024942939,2.0206061804256428,0.4228973760079439,5.915906383071252
2016-01-21,26.68535614013672,26.425748538970947,26.20548210144043,26.261952179232285,26.26934188178517,31354100,1.9234599839211184,2.185709878019179,0.4669619518913114,6.109019670092264
2016-01-22,27.366012573242188,26.46248779296875,26.232131576538087,26.36762594063542,26.318212996778897,23075700,1.3657820278007373,1.5814272943809395,0.4857936340656613,6.264840844693791
2016-01-25,27.360200881958008,26.481408500671385,26.260963478088378,26.462583843950586,26.364400287481523,24298800,1.3903890191608501,1.6332325877045524,0.498587826892593,6.263510387038097
2016-01-26,28.06995010375977,26.542713356018066,26.30146171569824,26.61629163667711,26.43961632342492,22620900,1.2298438943289707,1.4909565417300945,0.5240251848803487,6.425991709530105
2016-01-27,28.523719787597656,26.625557136535644,26.35666744232178,26.798622551643945,26.53108005466363,33795700,1.709413338661177,2.16265960602847,0.5520487378479182,6.529872201501047
2016-01-28,28.512083053588867,26.694601440429686,26.418536567687987,26.96235450761563,26.617614904233953,20085200,0.9849908698606339,1.273124231600955,0.5670534775770752,6.527208229673876
2016-01-29,29.07057762145996,26.804213047027588,26.482265701293944,27.163744436076737,26.724289580404424,29082600,1.35920006916906,1.8001437262738684,0.5786071716628649,6.6550631581540145
2016-02-01,29.530170440673828,26.95260829925537,26.554726905822754,27.389734387352203,26.845792882584817,28536600,1.2825936828555358,1.7280987945952873,0.6012028971701928,6.760276727651322
2016-02-02,29.03567314147949,27.086336135864258,26.61384998321533,27.546878033677327,26.940235432792097,21607000,0.9629472326575798,1.2958715871443205,0.6087785572235187,6.647072552607839
2016-02-03,29.44872665405273,27.22261381149292,26.67686664581299,27.728411561852603,27.047997187914678,20309800,0.8957997340802668,1.2022258504425785,0.6172484475971218,6.741631981376913
2016-02-04,29.338172912597656,27.36543502807617,26.741924858093263,27.882032320331284,27.14601348734072,19594300,0.8632673556751117,1.14984692611082,0.6253940467453104,6.716323157406019
2016-02-05,29.6523494720459,27.531237506866454,26.817863960266113,28.050942497831205,27.252898183892874,25790300,1.1201743264590438,1.4864045991209394,0.6317934604610205,6.788246903578717
2016-02-08,29.518529891967773,27.703147888183594,26.88882801055908,28.190944107341195,27.349187571340522,27058100,1.1491281025930031,1.5313529462899946,0.6364482900236451,6.757611882533928
2016-02-09,29.175302505493164,27.850333881378173,26.956030769348146,28.2848329186602,27.42654342590932,22633900,0.9443768979205591,1.2587110261660006,0.6585546901786457,6.6790375946632095
2016-02-10,29.076400756835938,27.997228813171386,27.017692413330078,28.360322461272467,27.49621372415819,18633100,0.7717958250017345,1.0197455121149472,0.6579729220834727,6.656396235680379
2016-02-11,28.7331600189209,28.14965057373047,27.06996078491211,28.395874317281187,27.54829070832624,30521000,1.2354666901446223,1.6502544185033525,0.6475012260304067,6.5778188912938775
2016-02-12,29.152034759521484,28.30207233428955,27.129112434387206,28.46796944083773,27.615616064683188,20990900,0.8453226545617679,1.1223314492447232,0.6387748456220036,6.673710960944205
2016-02-16,29.227651596069336,28.471073627471924,27.19736217498779,28.540392690285316,27.683102935810318,16360000,0.6746356977541352,0.8708179844566442,0.6303392900248841,6.691021756402025
2016-02-17,29.274194717407227,28.629603385925293,27.270680770874023,28.610342011599908,27.749537046060393,15228900,0.6347132362272804,0.8122098193499954,0.6285939711934253,6.701676770420481
2016-02-18,29.634885787963867,28.81925764083862,27.337995109558104,28.707997709498898,27.828058204538802,19678500,0.8351522337993368,1.0433790327181522,0.6303389904213684,6.784248980934958
2016-02-19,29.588354110717773,28.964407539367677,27.400356063842775,28.791903443819056,27.901193258921936,15607000,0.6852564486750297,0.8253892635615417,0.5968875019302151,6.773596586787172
2016-02-22,29.710508346557617,29.081632328033447,27.46929790496826,28.879448405834975,27.97619007154267,12456000,0.5599604035706917,0.6596670778464349,0.5715811766258916,6.801561086328113
2016-02-23,29.45453453063965,29.18634901046753,27.537028121948243,28.934251805440187,28.037331390534284,11594600,0.5365580062584396,0.6152683293936052,0.556164551614248,6.742961565742385
2016-02-24,29.56507682800293,29.261105346679688,27.607428894042968,28.9943634183564,28.100380764123177,11244900,0.5344427535191788,0.5961784647077767,0.5404569620592661,6.768267769842608
2016-02-25,29.733789443969727,29.32160882949829,27.686950721740722,29.064819981751764,28.167652645073154,12358700,0.6189076133143234,0.6581068279375499,0.5195135495801638,6.8068907765629
2016-02-26,29.681421279907227,29.38007574081421,27.75818431854248,29.123570348256543,28.229874622358,13011500,0.6633482684196211,0.6956184511277183,0.5029334933497998,6.794902248372967
2016-02-29,29.5127067565918,29.402182197570802,27.82489418029785,29.160646051216478,28.28250479757318,15986300,0.8431561697820736,0.8553483577041866,0.49449779717504716,6.756278805007565
2016-03-01,29.93739891052246,29.422543621063234,27.889063835144043,29.234649770108913,28.350276666191302,12003300,0.6619440750372034,0.6469487076224962,0.47733620973511426,6.85350264224892
2016-03-02,30.32135009765625,29.48682746887207,27.965624809265137,29.338179538656036,28.430856889525383,14791100,0.8313058061745859,0.797821413703449,0.4744274664110607,6.9413997399019545
2016-03-03,30.187562942504883,29.523769283294676,28.04571666717529,29.419097592480476,28.502554049987577,15404500,0.8778820955534868,0.8457156974430063,0.4572655209000082,6.910772141824067
2016-03-04,30.141016006469727,29.56391143798828,28.120969734191895,29.48787048704156,28.569318594775744,13957600,0.8084093664189473,0.7632655226287535,0.44417489396776483,6.900116254515386
2016-03-07,30.37372398376465,29.59998016357422,28.195819664001466,29.572258313753526,28.64273253742618,14907500,0.8915238404508722,0.8119018299992212,0.44592009843241753,6.953389578027223
2016-03-08,30.519166946411133,29.650012016296387,28.26656726837158,29.662460230055572,28.718964967417353,14306500,0.8894980598478344,0.7777964436601149,0.43486587930304416,6.986685514383398
2016-03-09,30.44934844970703,29.71371431350708,28.3386771774292,29.73741710880443,28.78916488180362,15466600,0.9835409853787735,0.8307620778108007,0.422358472051153,6.970702120065489
2016-03-10,30.43771743774414,29.78178014755249,28.41009464263916,29.804124571625486,28.855954611007302,15102100,0.9712664099492728,0.8035464780081288,0.42148575326639526,6.968039458173655
2016-03-11,30.55988121032715,29.873116207122802,28.478668327331544,29.876113299900187,28.924898251499446,15223900,1.0297537476275058,0.8035652265526213,0.41305019305653057,6.996006140940155
2016-03-14,30.56570625305176,29.943799781799317,28.55241554260254,29.941798647752695,28.99120539621226,11729400,0.819038129117876,0.6173167630652856,0.4037420252117091,6.997339655111632
2016-03-15,30.641334533691406,30.01448392868042,28.633996925354005,30.008430133624653,29.057809588644,11295700,0.8029511513229213,0.5946133631321712,0.39734273772170836,7.014653070440121
2016-03-16,30.95546531677246,30.09854745864868,28.72588390350342,30.098635009453705,29.13431692205537,11866400,0.853722102174846,0.6285965225470809,0.41072330064003015,7.086566337130136
2016-03-17,31.1998233795166,30.17679433822632,28.81541690826416,30.20352171596122,29.217499862614318,16401500,1.1940734237033204,0.8681264960580075,0.3955976218996421,7.142506688984924
2016-03-18,30.97294235229492,30.246023750305177,28.905240783691408,30.276807219888862,29.288121149494867,23209400,1.644205548717313,1.2231233951031006,0.3912343698409552,7.090567316289675
2016-03-21,31.08928871154785,30.314962768554686,29.00030055999756,30.354193429844553,29.36050853501644,10679000,0.7613161023096487,0.5679247946105485,0.3967610591978044,7.117202231465147
2016-03-22,30.95546531677246,30.390009307861327,29.097803421020508,30.41146211955386,29.424546147435336,10852000,0.775702748305116,0.580672053525421,0.3865802916421215,7.086566337130136
2016-03-23,30.780946731567383,30.45080280303955,29.188790702819823,30.446653743576764,29.47895487576483,9716100,0.6983240323844796,0.5224134348985788,0.3781447315008085,7.046614182689485
2016-03-24,31.159099578857425,30.522068309783936,29.28920265197754,30.514510287052325,29.54628942429367,15096400,1.0744508673811453,0.8117236109172428,0.39094342323659975,7.133183879202609
2016-03-28,31.066017150878903,30.59129810333252,29.396828498840332,30.567037943397487,29.60714260840459,8527100,0.61673846314078,0.4638660373640881,0.3941430154142983,7.111874724455918
2016-03-29,31.44415283203125,30.68787040710449,29.50363956451416,30.650577289352775,29.680639726124177,10770500,0.793972575676375,0.5908316834333659,0.39676094297754716,7.198440491163035
2016-03-30,31.438344955444336,30.762917709350585,29.615453948974608,30.725606514952826,29.750908171100225,14528300,1.0611120119080486,0.8089219666999182,0.3947243206816699,7.197110906797565
2016-03-31,31.461612701416016,30.819930839538575,29.722614212036135,30.795705498273886,29.81924559940338,12428600,0.9156548572194773,0.6981825323253356,0.37523529376241493,7.151958146092623
2016-04-01,31.42089462280273,30.881597423553465,29.834196090698242,30.855249745176888,29.88317984003698,13807100,1.0232343739636278,0.7884500077091317,0.38628877797027206,7.14270197741509
2016-04-04,31.65942001342773,30.957517623901367,29.933677368164062,30.9318402125322,29.954033623669748,11402700,0.8531225871325708,0.6663307752290233,0.3897793164702071,7.19692436031454
2016-04-05,31.46742820739746,31.01220283508301,30.01570568084717,30.982850293937762,30.01436189603656,12979100,0.9781211236060053,0.7675063302966044,0.3778533349388297,7.153280146200258
2016-04-06,31.46449089050293,31.0594690322876,30.097791481018067,31.028722210875916,30.072130831663355,12993600,0.9840822037636964,0.7787763544856477,0.3684046792386823,7.152612425581774
2016-04-07,30.570880889892575,31.065545654296876,30.147810096740724,30.985117085290046,30.09198724917235,23076300,1.6987528212799226,1.3823322078019167,0.3919215528566026,6.94947403646139
2016-04-08,30.676708221435547,31.077495193481447,30.19086986541748,30.955744087129997,30.115252489983046,12197900,0.9076460017635175,0.7500958689167514,0.3894820684920145,6.973531056458777
2016-04-11,30.341596603393555,31.066580963134765,30.227460136413573,30.897252543618997,30.124253253148943,14975900,1.1153861908964633,0.9267493097911693,0.40023023006017355,6.897352372001262
2016-04-12,30.541486740112305,31.06536998748779,30.256878318786622,30.86336940114504,30.140835769180853,12335000,0.9166280867924557,0.7794801148840574,0.4021537020849474,6.94279206084356
2016-04-13,30.153472900390625,31.040976905822752,30.269344367980956,30.795758973929182,30.141337753778767,19752900,1.4231411282159168,1.2622487247727903,0.42435353395282294,6.8545874678962555
2016-04-14,30.194618225097656,31.002934551239015,30.29252326965332,30.73850652656551,30.143453140107862,10083300,0.7311701020293845,0.6539740371665159,0.4049596928314131,6.86394075957284
2016-04-15,30.188751220703125,30.95238094329834,30.30732376098633,30.68614809442684,30.145250727098755,11862000,0.874542711922888,0.7778592228253878,0.3983892105844825,6.86260705267514
2016-04-18,30.41214942932129,30.92434129714966,30.3288032913208,30.660052629949828,30.1558372526757,14322900,1.0917397871157342,0.9457731377951493,0.4018100948984893,6.913390674389397
2016-04-19,30.617908477783203,30.900772285461425,30.348114471435547,30.656038851976035,30.17415705744831,11393400,0.8660853185334458,0.7669131634107825,0.39816332634095686,6.960164503714212
2016-04-20,30.42390251159668,30.874194145202637,30.366221923828125,30.6339303839115,30.18405448130565,15412500,1.1516407284421821,1.0539709728358941,0.40415290539679455,6.916062424032968
2016-04-21,29.412717819213867,30.80578269958496,30.37097023010254,30.51762325842078,30.15349903478916,32172200,2.2178722635675108,2.1717379614492582,0.459247228550716,6.68619656602608
2016-04-22,29.71842765808105,30.733749103546142,30.383810768127443,30.441508700770758,30.13627113323698,17823300,1.2172531096697703,1.2044529748197,0.4489598977895959,6.755691540526494
2016-04-25,29.84188270568848,30.672542381286622,30.405985221862792,30.384400994105313,30.124618430898074,12439500,0.8383627007956005,0.8616875013161351,0.45323803819053177,6.7837557514044216
2016-04-26,29.65375328063965,30.58302240371704,30.416019592285156,30.314814980490066,30.10598713407548,10064300,0.6799035841146182,0.7078723695771376,0.45171379611402784,6.740989546544962
2016-04-27,30.38862419128418,30.530536365509032,30.439239044189453,30.321844476398528,30.117166638740226,17012400,1.1397260420808422,1.1954697456011374,0.4724959031423877,6.908042839254083
2016-04-28,29.99474334716797,30.45719289779663,30.453650016784668,30.290691798399106,30.112325912890203,13055600,0.8728116782250681,0.9202341988846612,0.485239586834113,6.818504539409079
2016-04-29,29.94770622253418,30.383533477783203,30.459906425476074,30.258026325680156,30.105818820024492,13684800,0.9152500203986361,0.9728034722020811,0.4684943613084684,6.807811904232172
2016-05-02,30.171106338500977,30.309117794036865,30.471561470031737,30.24974819044215,30.108398701510964,11103800,0.7433737686227555,0.7944155245783884,0.465451205662392,6.858595959531247
2016-05-03,29.794851303100582,30.225488948822022,30.473248329162598,30.206424482177518,30.096012374988067,12900700,0.8638987913774185,0.9223868589455302,0.4779628922244818,6.773064416981963
2016-05-04,29.88891220092773,30.146710014343263,30.481935882568358,30.17618509403522,30.08783347945995,9033800,0.6130792918281996,0.6482813991074846,0.4867815032437212,6.794446652242058
2016-05-05,29.88891220092773,30.11261157989502,30.488412590026854,30.148825669981182,30.07997976235342,10788800,0.7640387373191934,0.774730437065503,0.44739212498476755,6.794446652242058
2016-05-06,30.053525924682617,30.081452465057374,30.49480731964111,30.139749473477348,30.07893560186439,9782300,0.6987372115797391,0.7050637622755318,0.4459220354134418,6.831867189890289
2016-05-09,30.030017852783203,30.065873527526854,30.501779251098633,30.129298811384952,30.077005260346187,8719800,0.6370786061247892,0.6323959202565266,0.43181241637127776,6.82652325701833
2016-05-10,30.300443649291992,30.05382137298584,30.517533988952636,30.145598364278257,30.08582019238643,7903500,0.5869404905392188,0.5799943024283367,0.42857834478720386,6.887997345985409
2016-05-11,30.071168899536133,30.049706172943115,30.52020938873291,30.13850982630872,30.085242316173364,8508900,0.65943135873596,0.6276402470463532,0.4100594145496432,6.835877849449366
2016-05-12,30.25929450988769,30.05293998718262,30.51896827697754,30.15001315522745,30.09210572860578,9917100,0.7690607580565612,0.7368109787220763,0.4159384547113348,6.878643187139189
2016-05-13,29.94770622253418,30.04088773727417,30.514171142578125,30.13074578932656,30.086412850239068,9561300,0.7481429056000977,0.7165980669772202,0.4232872225307915,6.807811904232172
2016-05-16,30.118202209472656,30.02619037628174,30.513714866638182,30.12955116048725,30.087665868193195,7903400,0.6343491127347386,0.5977668867973192,0.4224054084260242,6.846569617456639
2016-05-17,29.92418670654297,29.991504287719728,30.50472412109375,30.109992608674848,30.081223421730115,10466800,0.8432304229364347,0.7970012018828075,0.429460666745417,6.802465369851309
2016-05-18,29.62435531616211,29.951526927948,30.48682788848877,30.063741368661393,30.063222465094917,10443100,0.8585061002427602,0.7999028758848789,0.4415125300622543,6.734306703757497
2016-05-19,29.177553176879883,29.939768695831297,30.461391983032225,29.979342378842418,30.028332867900723,16022400,1.410822433823672,1.2262125900465433,0.41182378015115545,6.632738159574531
2016-05-20,29.195188522338867,29.91360673904419,30.43654140472412,29.904660967579066,29.995518245392088,15345800,1.3661470474467647,1.1739937038354582,0.4038869442888299,6.636747084794339
2016-05-23,28.88947868347168,29.86598653793335,30.403133354187013,29.807976833232228,29.951962680083284,13263100,1.1764236299442483,1.0177149980578926,0.4056505741830378,6.567252110293924
2016-05-24,29.14815902709961,29.840706825256348,30.37478240966797,29.745136979080687,29.920314282831722,11827300,1.0409307675822583,0.9074056911237766,0.3985958175913,6.626056183956701
2016-05-25,29.30689811706543,29.78662052154541,30.34809368133545,29.703399906689835,29.89616587398518,9490400,0.8638524831526283,0.730138268049619,0.37625568994440306,6.662141280367963
2016-05-26,29.48913955688477,29.76134033203125,30.318767166137697,29.682994142318478,29.880144858325064,11044000,1.014555527945061,0.8507400992078196,0.36802559627480935,6.703569008896733
2016-05-27,29.759584426879883,29.751934242248534,30.289962387084962,29.690288460557877,29.875400153631965,10649500,0.9921472285185382,0.8276857643333537,0.37655073162662694,6.765047433711983
2016-05-31,29.92418670654297,29.739588260650635,30.268987274169923,29.71256449897185,29.87731989998948,15834500,1.4433938830435744,1.2449387142172008,0.37831451796285603,6.802465369851309
2016-06-01,29.647872924804688,29.73223934173584,30.24015895843506,29.70640339291993,29.86829239436292,10670800,0.9826841381622146,0.8389695490251701,0.3724354776722814,6.739652804553542
2016-06-02,29.847755432128903,29.7301815032959,30.218004760742186,29.719865499306227,29.867484479419687,8721100,0.8042924617698013,0.6879836873767288,0.3683201826737587,6.785090759056571
2016-06-03,29.935935974121094,29.732532691955566,30.20110454559326,29.74044365001849,29.87017699720282,9500700,0.8814254661237486,0.7497389916832452,0.36773226497093675,6.805136252325246
2016-06-06,29.81249237060547,29.72048101425171,30.174172401428223,29.747305436025005,29.867908260723905,10075600,0.9334916391461306,0.8014576353642983,0.3650867061678172,6.777074642956224
2016-06-07,30.42390251159668,29.740175247192383,30.161330108642577,29.811743279029667,29.88977301623246,15210900,1.368131527134802,1.1972118656274129,0.39359996129494307,6.916062424032968
2016-06-08,30.2886962890625,29.73958787918091,30.138220977783202,29.85716739198673,29.905459153323548,10546200,0.9374279175957287,0.8303581889118026,0.3947756692225898,6.885326897096289
2016-06-09,30.541486740112305,29.763103771209718,30.12028381347656,29.92234068499791,29.930465875510976,9790700,0.8653435252140335,0.7766678682078548,0.3950696810040606,6.94279206084356
2016-06-10,30.964767456054688,29.798377418518065,30.110346908569337,30.021619455090338,29.971127431107217,15629000,1.3473473318143456,1.2335399098976798,0.41270678784776893,7.0390136370608465
2016-06-13,30.90597343444824,29.84629077911377,30.100048484802247,30.105843666621247,30.007875505924897,12394200,1.0555913971626223,0.9804155774874144,0.4115309503306189,7.025648385070732
2016-06-14,31.152910232543945,29.898026180267333,30.08991828918457,30.205564316607592,30.052881727251865,10735900,0.9034595349698311,0.8501362717154589,0.4141764000662789,7.0817828770140245
2016-06-15,31.064706802368164,29.955052185058594,30.081863861083985,30.287387428796873,30.092648496125257,10289000,0.8664997502991778,0.8182338999020569,0.40741554299375304,7.061732180727543
2016-06-16,31.429229736328125,30.045295906066894,30.08115863800049,30.396134337242476,30.145174303420177,11914500,0.997214545296281,0.9491309769680099,0.40565192482458184,7.144596743066243
2016-06-17,31.617345809936523,30.167285537719728,30.102087936401368,30.512440213086705,30.203023823916027,18836300,1.5582031645844492,1.5107398288550562,0.39095449021617873,7.187359912831981
2016-06-20,31.6055850982666,30.287805366516114,30.12066547393799,30.616549267022535,30.25813359353266,14344300,1.1915453880914406,1.1465176374109898,0.4035943824177105,7.184686428849141
2016-06-21,31.80547523498535,30.433605194091797,30.149943046569824,30.729780328567056,30.318927453809415,11893000,0.9935759670406465,0.9552969541345008,0.4130009149110325,7.230126117691439
2016-06-22,31.764328002929688,30.564413642883302,30.17439987182617,30.828308691871744,30.375711951059397,12959200,1.0775546314843316,1.0398959526291733,0.4109431602023809,7.220772392430038
2016-06-23,32.14057922363281,30.70609769821167,30.214141998291016,30.953286853092457,30.44504222815577,12329900,1.0132666692142354,1.001327317632697,0.4121188276198133,7.306303067809686
2016-06-24,31.999483108520508,30.831614875793456,30.250239295959474,31.052924602768673,30.506102061905025,43842700,3.1750745922771646,3.375437994620573,0.4297559439908243,7.2742286309575
2016-06-27,32.18173599243164,30.952722454071044,30.290098991394043,31.16043046020403,30.571918175516533,22570200,1.5668924188973743,1.7094870311904014,0.43827989820603774,7.315658960995173
2016-06-28,32.228763580322266,31.06795129776001,30.326431274414062,31.262176480892442,30.636992230176354,17780600,1.226101143724822,1.3397013968138485,0.4406315604252843,7.326349428247995
2016-06-29,32.36985397338867,31.20405035018921,30.361470184326173,31.367669584091825,30.70504779687148,18184100,1.2222628879162731,1.3562252514865143,0.4324009737398303,7.358422564345728
2016-06-30,32.82842254638672,31.3530837059021,30.40956058502197,31.506788924185944,30.788435358900067,22143300,1.4241424341810134,1.6350978830188714,0.44651048943451366,9.286344858527093
2016-07-01,33.05771255493164,31.50917253494263,30.48246047973633,31.654495946581928,30.877547740467953,16092300,1.0134905982109315,1.217186976916992,0.4556230130043913,9.351205303434371
2016-07-05,33.234073638916016,31.680251598358154,30.55277339935303,31.804931926443597,30.970081357703933,20703200,1.261661326763958,1.5591529520068996,0.4638532619295521,9.401093471018068
2016-07-06,33.40925216674805,31.829519081115723,30.624120788574217,31.957724338702484,31.06585527860238,15761500,0.958903401197481,1.1810850740940455,0.44912286048380706,9.450647122856157
2016-07-07,32.88669204711914,31.959418869018556,30.688779563903807,32.04619745820116,31.137346822082364,13574100,0.8182886836584601,1.0118502037401358,0.4685737619068323,9.30282785212116
2016-07-08,33.19547271728516,32.092118167877196,30.74491653442383,32.15565224971838,31.218151227915854,15946200,0.943775736224323,1.1905654286116176,0.48034051676652856,9.390174229631597
2016-07-11,33.21329116821289,32.204544353485105,30.809287490844728,32.25637976987679,31.29647917052368,12434700,0.7429707357469859,0.9292535167881713,0.4652301587124038,9.39521462655977
2016-07-12,32.94012451171875,32.30625190734863,30.869135856628418,32.321498319123634,31.361004836746122,14897600,0.8835207509594268,1.1112932897954457,0.4651112393997522,9.317942568407387
2016-07-13,33.25484848022461,32.411348819732666,30.930810699462892,32.41038881362706,31.435349581925824,11405600,0.6750827088184957,0.8504230417700157,0.4620766946627116,9.406970157310264
2016-07-14,33.15985107421875,32.516106033325194,30.998110694885256,32.481766173936364,31.503043900216415,11098500,0.6553358932284025,0.8297550605825489,0.4631009634837563,9.380097752107442
2016-07-15,33.15985107421875,32.602637100219724,31.063529472351075,32.546345690015265,31.568078397320818,13949700,0.8187716986503183,1.0353087201141877,0.450603620652978,9.380097752107442
2016-07-18,33.21329116821289,32.68243436813354,31.13001705169678,32.60986430855829,31.632655376833593,9623300,0.5805317101715058,0.715452838608001,0.4350954878567691,9.39521462655977
2016-07-19,33.07670593261719,32.75599040985107,31.19048065185547,32.654325416606966,31.689334421808923,10270100,0.6272586741945119,0.7629863544896667,0.42611662809799816,9.356578057942054
2016-07-20,33.029197692871094,32.817176532745364,31.250464248657227,32.69002753887914,31.74192230478704,12008700,0.7331867004705785,0.8878118989432047,0.4068315134531607,9.343139157633018
2016-07-21,32.8807373046875,32.872996997833255,31.302070121765137,32.708190374050915,31.78661783049427,9802100,0.6042875496580958,0.7226476738531605,0.4075469179294732,9.301143403479568
2016-07-22,33.31424331665039,32.93168020248413,31.36693161010742,32.765909702874644,31.846571254921166,10973200,0.6793253424964952,0.8060567230869154,0.41308489583567043,9.423771480404184
2016-07-25,33.17766189575195,32.9905891418457,31.425298957824708,32.80512419802272,31.898809851057862,10848700,0.7480115848817362,0.7958221446404382,0.3947024747386433,9.385135990869518
2016-07-26,32.54819869995117,33.00891227722168,31.477308807373046,32.78065510263614,31.924294343109754,18753900,1.3103097487034125,1.3574125150424314,0.411920722316739,9.207076496731565
2016-07-27,32.851043701171875,33.04002628326416,31.53196563720703,32.787358778769494,31.960662495272853,17074600,1.1959289135808175,1.219671610279969,0.4225057094863146,9.292743821015657
2016-07-28,32.57788848876953,33.050428009033205,31.58503967285156,32.76740922711925,31.984883458751618,10672300,0.7676985803154727,0.7621192260308387,0.4285860903561364,9.215475000112425
2016-07-29,32.90448760986328,33.05423126220703,31.650642318725588,32.78046431132136,32.02096930187259,15508900,1.1428847247891667,1.099550166298375,0.42090419821778796,9.307861774551036
2016-08-01,32.36410140991211,33.01955070495605,31.71437328338623,32.74081070130265,32.03443368499519,17434600,1.2784706397816248,1.2336082358098897,0.44338080122515927,9.15499994872176
2016-08-02,32.067176818847656,32.961205863952635,31.771813049316407,32.67665509292181,32.03571848325468,18428200,1.362697413542897,1.298248778061609,0.44804861698814,9.07100736133181
2016-08-03,32.00779724121094,32.89113311767578,31.83417942047119,32.61295434466552,32.03462291502017,10429400,0.7867255248658793,0.7376864003118974,0.43884410608390284,9.05421035457009
2016-08-04,32.02561569213867,32.84807929992676,31.891728553771973,32.55701732976232,32.034269499187275,11309800,0.8604858445292941,0.8005444081373557,0.4136067025138111,9.059250751498267
2016-08-05,31.85341453552246,32.780976390838624,31.942658882141114,32.49000753942628,32.02717345524212,13460100,1.0338653680717709,0.9474253239417387,0.40291763233850836,9.010539323980973
2016-08-08,31.823707580566406,32.7114972114563,31.989350242614748,32.4265504001373,32.019190410254275,9830400,0.7626977609175587,0.6931232980214427,0.3954946708902959,9.002135964726387
2016-08-09,31.865283966064453,32.65775518417358,32.03146423339844,32.37309645376842,32.013151962922876,7906200,0.6305078825447599,0.5596163957085742,0.39133772058751626,9.013896890892132
2016-08-10,31.95436286926269,32.59273090362549,32.072067756652835,32.33321706458785,32.01084544380643,8875700,0.7150372353966673,0.6344899703446693,0.38302393713058985,9.039095098742337
2016-08-11,31.98405647277832,32.533941173553465,32.11879142761231,32.29996367475589,32.009794429899365,7824800,0.6387990760239313,0.5616504864125199,0.3761948271794278,9.04749468120625
2016-08-12,31.85934257507324,32.46891574859619,32.159023170471194,32.25799976034533,32.00389184256761,7655000,0.6414177384892539,0.5503047559702136,0.3756008606357,9.012216219041214
2016-08-15,31.835596084594727,32.40003099441528,32.197016372680665,32.21777083871077,31.99728930644433,8250900,0.6953466578121471,0.5942107286475842,0.3779761506578058,9.005498927052798
2016-08-16,31.330833435058597,32.31273736953735,32.22738319396973,32.13330060953599,31.9711435000381,13933100,1.1563669440610571,0.9978852118669924,0.3907436533039769,8.862714118289201
2016-08-17,31.574302673339844,32.23999261856079,32.25039119720459,32.08006271070494,31.955575232428952,12930100,1.0690362212796918,0.9290859273527967,0.4026203129964223,8.931585514894623
2016-08-18,31.396146774291992,32.16576309204102,32.27254020690918,32.0149278594567,31.933628894590935,11204900,0.9210586885256682,0.8043611190834064,0.4091528204585135,8.881189638735737
2016-08-19,31.146738052368164,32.057387828826904,32.28464523315429,31.932243115739208,31.902759663537605,11991000,0.9815710867516964,0.8580818125298407,0.4067771460932564,8.810638109820923
2016-08-22,31.20611572265625,31.95881052017212,32.28947219848633,31.863088125781605,31.875431135383103,8183900,0.6773131262471147,0.591951416570647,0.40855869326514344,8.827434577041117
2016-08-23,31.25362777709961,31.89408197402954,32.29642528533935,31.805044282943538,31.8510388365294,7775100,0.6741055752799344,0.5661655928955469,0.3729284572732821,8.840874556433203
2016-08-24,31.19424057006836,31.811241817474365,32.29725189208985,31.746872500668424,31.825274071757885,8900700,0.8000445832477547,0.6498661965023301,0.3595672239789739,8.824075391505383
2016-08-25,31.324893951416016,31.74859209060669,32.3024556350708,31.706684067345957,31.805645488195324,8680100,0.7872645999395047,0.635252011376442,0.35303544247359253,8.861033985979809
2016-08-26,30.92107391357422,31.649421405792236,32.292292518615724,31.631864052599404,31.77094649849008,15105300,1.3725271944438513,1.1003404613776877,0.3604588165129508,8.746803333353
2016-08-29,31.176433563232425,31.59003801345825,32.28347427368164,31.588489720225436,31.74762586764112,11960400,1.1144868663140373,0.8800673184833563,0.33581502302408933,8.81903823182636
2016-08-30,31.039852142333984,31.53867177963257,32.27215961456299,31.536238522272914,31.719862717064608,9161900,0.8922387431781263,0.6793297325449207,0.32661063472706414,8.780402742291692
2016-08-31,31.07546806335449,31.492055320739745,32.25755947113037,31.492355621379392,31.694585936956578,10390500,1.0120786110546978,0.772147490760314,0.32096911180051535,8.790477601191267
2016-09-01,31.212064743041992,31.45137777328491,32.24651420593262,31.465661251989626,31.675658931768055,9988800,0.9792513954048083,0.7455876287151556,0.331658194313669,8.829117407058135
2016-09-02,31.40209007263184,31.42881155014038,32.2317444229126,31.459606853950568,31.664928232552896,13275300,1.3026231932337737,0.9895032291736079,0.33047048770642495,8.88287085012818
2016-09-06,31.77618980407715,31.426435661315917,32.227278556823734,31.489757611127946,31.669292411698713,17235600,1.631932691156009,1.3377539121439455,0.35036395279322186,8.988694366709725
2016-09-07,31.894962310791016,31.427919578552245,32.221543083190916,31.528348534931393,31.678144121925037,10612300,0.992103223683411,0.8392602634468833,0.35214561111795833,9.022292157023841
2016-09-08,31.829648971557617,31.421683883666994,32.213560791015624,31.557043814627583,31.68408672073996,9005300,0.8413612687735034,0.7221965592349864,0.35392715980745687,9.003816636577305
2016-09-09,30.772628784179688,31.36111249923706,32.18161628723144,31.482337621210366,31.648336150271273,18258500,1.626601846692208,1.464099198704687,0.4008397774052607,8.704811895531751
2016-09-12,31.217994689941406,31.32904510498047,32.14940773010254,31.45716210393409,31.631456783850115,15678600,1.348567427726287,1.270395188143043,0.4207333641084549,8.830794841659902
2016-09-13,30.552907943725582,31.26491069793701,32.099311637878415,31.371042660065804,31.589152971454794,17602400,1.4555028283344456,1.4227937337067873,0.45339385077697647,8.64265833045627
2016-09-14,30.57665252685547,31.227201652526855,32.04616321563721,31.29538645687199,31.549440055061556,11941800,0.9956374475003387,0.9791179231267231,0.4438924674992116,8.649375082903163
2016-09-15,30.86763572692871,31.1918683052063,31.99533088684082,31.254648292100427,31.522698090861628,13007400,1.084131592041667,1.0713256767791144,0.44953398795275545,8.731686998442198
2016-09-16,30.80824851989746,31.16247339248657,31.953762016296388,31.212134028066874,31.49467589027948,19932300,1.6030016824348017,1.624663673109417,0.4409233965516721,8.714887833514377
2016-09-19,30.404451370239254,31.125359058380127,31.89794158935547,31.135211870155246,31.45191528688509,14578500,1.1603635383904547,1.190935606397273,0.4465648134098144,8.600663655385869
2016-09-20,30.446016311645508,31.08735408782959,31.84259609222412,31.06957419789825,31.41246232835772,14006300,1.0895727723105395,1.1412614457776349,0.45101852740133647,8.612421344302465
2016-09-21,30.802322387695312,31.064788818359375,31.79984004974365,31.04412164453928,31.388531810261252,14434700,1.0945466029867676,1.1770562625831846,0.4628952026991282,8.713211477995662
2016-09-22,31.08734703063965,31.05944414138794,31.756490020751954,31.048238347978337,31.37671900069486,12751900,0.9530286661940847,1.0375567235211853,0.46497278687567806,8.793837865810051
2016-09-23,31.212064743041992,31.053802680969238,31.717534294128416,31.063840861797086,31.370261108665172,13014800,0.957172579801767,1.0556556026203048,0.47120804598828875,8.829117407058135
2016-09-26,30.96858024597168,31.05617799758911,31.673708877563477,31.054768422193,31.354506896818442,10559000,0.7897641066836003,0.8611979549831382,0.4542844018935265,8.760241694120511
2016-09-27,31.170488357543945,31.055880737304687,31.6328528213501,31.06578936841873,31.347289593896058,8259000,0.6264057439108606,0.6751111002847744,0.45547161623002774,8.817356480892391
2016-09-28,30.915138244628903,31.049645042419428,31.589621467590334,31.051441642341352,31.330340474910322,13279100,0.9916728930470281,1.0801529431038053,0.45903460791807815,8.745124280126657
2016-09-29,30.95077133178711,31.04341020584106,31.548052940368652,31.041853993715836,31.31545371660313,10804700,0.8056406101862494,0.8806043403711371,0.4667545531238785,8.755203994899961
2016-09-30,30.86763572692871,31.026188755035395,31.507790908813476,31.025261777829307,31.297890306751395,13077600,0.9640156408544899,1.0601896109589894,0.4649731136100641,8.994163843701827
2016-10-03,30.80824851989746,30.996496677398675,31.457671012878418,31.004593848500164,31.278686651004733,9120300,0.682759139557142,0.7416027231536855,0.4625978228704879,8.976859691385654
2016-10-04,30.440073013305664,30.9296908378601,31.402919235229493,30.95082995942861,31.245796522559232,13753300,1.0431898324394393,1.1130700039640065,0.460519418249997,8.869581283061182
2016-10-05,30.1926212310791,30.844573783874505,31.35580768585205,30.878619604341125,31.204491525885146,17190900,1.2721918888877377,1.394807563144801,0.4691006100853391,8.79747916638303
2016-10-06,30.18661880493164,30.76242227554321,31.302519187927246,30.812714766296697,31.16457122978734,11724000,0.858979445377985,0.959574604961207,0.47225599139075847,8.795730188757805
2016-10-07,29.98241233825684,30.72291145324707,31.250609664916993,30.733638344572718,31.118207907932952,13816800,1.029056348297828,1.1250729186786141,0.4365393814171611,8.73622882508147
2016-10-10,30.144569396972656,30.669240188598632,31.19541130065918,30.677536540035593,31.080022721895602,10687700,0.8110798068622708,0.8771640411740277,0.4231079261582204,8.783477897456342
2016-10-11,29.97039794921875,30.64011468887329,31.147537231445312,30.610190007572736,31.036504429428074,11737900,0.9110517778002003,0.9724495681435467,0.3977630414309347,8.73272809102958
2016-10-12,30.21063995361328,30.621814060211182,31.110406494140626,30.57213762147926,31.00411501615441,8880100,0.6975280058660817,0.747515632833884,0.3985531649026871,8.802729433820428
2016-10-13,30.20463752746582,30.58866415023804,31.074343299865724,30.53713761252385,30.97276056645051,11156900,0.8827855667182823,0.9380248955064363,0.3871731522740536,8.800980456195203
2016-10-14,30.19861602783203,30.558182525634766,31.03780330657959,30.504897461599363,30.942399732355124,8853200,0.7326178891929097,0.7474270365428097,0.38669420773288843,8.799225920967103
2016-10-17,30.288719177246094,30.55239591598511,31.006509399414064,30.48430905356488,30.916763395907747,10724600,0.9018604666807942,0.9096204709813038,0.3750003870133954,8.82548003695554
2016-10-18,30.1926212310791,30.539726161956786,30.973887672424315,30.456529260946155,30.888363742942133,10873900,0.9266196393359364,0.9206538751553417,0.3719240032976307,8.79747916638303
2016-10-19,30.25868797302246,30.512544441223145,30.941755752563477,30.437687233524223,30.863668970594684,10364900,0.8988312912510309,0.8739202154156123,0.36016919978659967,8.81672959122654
2016-10-20,29.51392936706543,30.433873558044432,30.89294708251953,30.349710293858816,30.810734700490002,27098200,2.212306548086779,2.216678612440434,0.38620619103299864,8.599722983229647
2016-10-21,28.94935417175293,30.32073802947998,30.832253036499022,30.21634304413079,30.737735006226654,24785000,1.9306936670365507,1.9727170486210879,0.40204908374761106,8.435217938086177
2016-10-24,28.95536422729492,30.22007722854614,30.774173469543456,30.09624982347678,30.667834083877715,19414700,1.4619348892406254,1.5168819893673642,0.4100392303422833,8.436969138752552
2016-10-25,28.73314094543457,30.098209857940674,30.712124366760253,29.96642993032699,30.591959562854882,16441200,1.2010300052961265,1.2683282817334716,0.4054578527045189,8.372218063399105
2016-10-26,28.607017517089844,29.98280382156372,30.65764804840088,29.836962081444632,30.51411455638154,15049200,1.0922824509508262,1.158949118427947,0.3993816272268367,8.335468414378457
2016-10-27,29.15357208251953,29.892943859100342,30.60923343658447,29.771877319641046,30.460757221889843,22330700,1.5557067323484548,1.695158299896821,0.4128117206608758,8.494722636324239
2016-10-28,28.95536422729492,29.79733028411865,30.560417785644532,29.694114167987745,30.40171930277962,10660100,0.7489612300273024,0.8098947237905028,0.41482014511177245,8.436969138752552
2016-10-31,28.889307022094727,29.701383209228517,30.51526916503906,29.617465868377735,30.342406218277457,12459400,0.8652279995986148,0.9459222259608785,0.4062941434936828,8.417721492710479
2016-11-01,28.62504005432129,29.6106315612793,30.463647651672364,29.5229491241806,30.275055471929363,13229400,0.9203739545316038,0.9967447236812425,0.4039098197913763,8.340719793336433
2016-11-02,28.19259452819824,29.510630226135255,30.402426986694337,29.396248686466436,30.193386779278026,16488200,1.1499005670277265,1.2261740057238608,0.40691282227131254,8.21471448635941
2016-11-03,28.15055084228516,29.40882682800293,30.341553192138672,29.277610796543087,30.113272213018437,12605100,0.8763973229246478,0.9322639612169435,0.4048106975775239,8.202463862338812
2016-11-04,28.276683807373047,29.32354040145874,30.28058898925781,29.18228441662117,30.041246241992102,14410200,0.9998383351153476,1.0568104363605801,0.39850437748887124,8.239216290160897
2016-11-07,28.504907608032227,29.241557312011718,30.232265663146972,29.11777233961211,29.980995340324803,14705200,1.0062815613472698,1.0790783028152664,0.3943002471654721,8.305715787379283
2016-11-08,28.61902236938477,29.17398853302002,30.181117439270018,29.07027234244721,29.927582652914356,9482400,0.6539302085495595,0.6983652079437938,0.38919500099898874,8.338966369628908
2016-11-09,28.745147705078125,29.10071392059326,30.135223350524903,29.03930809126897,29.88121100115625,20871900,1.382224894736633,1.5111210411436387,0.42012645307063695,8.375716574409843
2016-11-10,28.042436599731445,28.992603874206544,30.07456272125244,28.944367949217135,29.80909973017027,24311700,1.5428202635366506,1.725381849769563,0.4480547798860929,8.170961701954125
2016-11-11,28.042436599731445,28.884794902801513,30.011170158386232,28.85846972545607,29.739816542168864,16425500,1.0179049767376287,1.1551509302040022,0.4495563966452568,8.170961701954125
2016-11-14,27.736129760742188,28.75716543197632,29.937850952148438,28.75158020500654,29.661238104463262,21820200,1.3072755327533325,1.5163181298006456,0.45856551033791215,8.081710490080052
2016-11-15,28.45085906982422,28.670077323913574,29.87134433746338,28.722940096893797,29.613770817422402,18672200,1.0931388591129347,1.2949733490237592,0.47748487891644675,8.289967208108234
2016-11-16,28.787193298339844,28.596502590179444,29.809188957214356,28.729059449412496,29.581355066260347,17328400,0.9942026266470332,1.1906847832375682,0.48649402284874804,8.38796775419073
2016-11-17,28.73314094543457,28.5574631690979,29.747258796691895,28.72944816331936,29.548090834226777,12436300,0.7448514196216538,0.8505240691274186,0.45285971599470065,8.372218063399105
2016-11-18,28.871280670166016,28.553559494018554,29.70923183441162,28.742956021114328,29.521548543761952,12820600,0.7964030604796954,0.8833770821091577,0.4360425634056865,8.412469002231928
2016-11-21,29.01542282104492,28.556562423706055,29.66518039703369,28.76890524015542,29.50169996219851,10773300,0.6876840762769962,0.7473641112330978,0.4252316941280457,8.454468918689976
2016-11-22,29.72414779663086,28.60611276626587,29.648605194091797,28.859880721724785,29.510423623737832,22030000,1.3815810103163901,1.5189317641796038,0.4492563374369231,8.660976103332645
2016-11-23,30.16860580444336,28.684192180633545,29.640444259643555,28.98452120579356,29.536235306678545,21456700,1.3191236253813583,1.4602442154274504,0.4759835508026747,8.790481588601267
2016-11-25,30.4328670501709,28.748156929016112,29.631748886108397,29.12245890525841,29.57139814344244,8087100,0.5199471893977605,0.5540815097469043,0.4624699210169226,8.867481620694452
2016-11-28,30.70313835144043,28.83554563522339,29.629646682739256,29.27299980489513,29.61578109177971,15982400,1.0102776202748327,1.100981034832895,0.46487229912238137,8.946232853454012
2016-11-29,30.60703659057617,28.921432113647462,29.633698387145998,29.4000509273412,29.654654680619764,11532800,0.7311512741639765,0.7978087929143555,0.46877628672248906,8.918230871360922
2016-11-30,29.97039794921875,28.988700008392335,29.62418601989746,29.45436969132964,29.66703702181448,20698900,1.2819073317538818,1.418758464166494,0.47508225399641385,8.73272809102958
2016-12-01,29.952363967895508,29.076688480377197,29.607186851501464,29.501797717669323,29.67822653281108,12982800,0.8128635144006409,0.8916508383556285,0.46877587431835205,8.72747337750988
2016-12-02,29.916339874267575,29.164977931976317,29.583766708374025,29.541277923059695,29.687564486496527,10650700,0.6709539803067476,0.7336009296902465,0.4759832322441889,8.716976732957093
2016-12-05,29.880300521850582,29.245158767700197,29.557131423950196,29.57356578961125,29.695122898946117,13074700,0.8271362588796617,0.9004873556277309,0.4738809418311192,8.706475642322005
2016-12-06,30.246671676635746,29.33224697113037,29.542693252563478,29.637671112185092,29.716752638224364,13581500,0.8622624397617803,0.9315137305597134,0.48409114749897847,8.813228301414366
2016-12-07,30.859302520751957,29.44426097869873,29.536469535827635,29.75401696062016,29.761559263220356,16280600,1.011788329004286,1.1044835495002057,0.5045124528827195,8.991735727005098
2016-12-08,30.709142684936523,29.54246072769165,29.532349624633788,29.844981315317046,29.798719992839423,11502900,0.7363050581326315,0.7822473264086762,0.46817601472870346,8.947982386839524
2016-12-09,30.92536735534668,29.68660726547241,29.53184154510498,29.94787522389139,29.842902922538972,10101500,0.6774095013028137,0.687603652770604,0.4438514244745809,9.010985596088322
2016-12-12,31.087522506713867,29.838861560821535,29.536239280700684,30.056413060350764,29.89171225562817,16186400,1.0863355704697986,1.0971560325280492,0.46066840335246867,9.058234112702907
2016-12-13,31.44789695739746,30.0244499206543,29.549032249450683,30.18893533626007,29.95273997394796,12211500,0.8468702072496639,0.8242728457531471,0.45376179207031964,9.163239461450903
2016-12-14,31.00945472717285,30.152379703521728,29.560419883728027,30.26708004015658,29.994180334009894,19920400,1.3755306165077623,1.3335191654051373,0.45556340293528275,9.03548684412952
2016-12-15,31.117555618286133,30.268897819519044,29.57891857147217,30.348077714264207,30.03823484464882,13963600,0.9755385299504288,0.9388132264850267,0.46217013814116187,9.066985114192194
2016-12-16,31.39383888244629,30.40193271636963,29.60306297302246,30.447674015995887,30.091396457351134,21262500,1.441032541750974,1.411436281542987,0.4654736873630389,9.147488103378416
2016-12-19,31.778223037719727,30.547279834747314,29.638979187011717,30.57439297044584,30.157547320388737,13407000,0.9068363774839163,0.8904610086737424,0.4777861641257621,9.259489362627313
2016-12-20,31.90434837341309,30.69172611236572,29.674174766540528,30.701055389776112,30.22605011948044,10366900,0.702172067343333,0.6888383456823101,0.4810893162860184,9.29623956740825
2016-12-21,31.81425094604492,30.796231269836426,29.71105182647705,30.80707401418271,30.28833320106588,9656700,0.6826751914759448,0.6434280019877126,0.4558634204962697,9.269987118700673
2016-12-22,32.22267150878906,30.89893455505371,29.751292457580565,30.941892823192887,30.36419042000481,11101500,0.8146323422578557,0.7375121191414075,0.4456530390947627,9.388992069094495
2016-12-23,32.240699768066406,30.989326190948486,29.792013702392577,31.065588722704693,30.437779781252626,7201200,0.5301500184969439,0.4809289999946572,0.43604330041227046,9.394245115333334
2016-12-27,32.216670989990234,31.065002822875975,29.83237480163574,31.17521560530335,30.507540912441,6255400,0.4776217408981845,0.41921878966574816,0.42523243124011395,9.387243647229559
2016-12-28,32.09654998779297,31.139478492736817,29.86853141784668,31.262961736969054,30.569855587403676,6849500,0.5325041728829082,0.46143030122078443,0.42763492381414975,9.352242975834134
2016-12-29,32.2767333984375,31.254795265197753,29.910213661193847,31.35951141901369,30.63679258475204,7150800,0.5868331828117326,0.4841566460838479,0.40961703040040265,9.404744538687558
2016-12-30,32.060523986816406,31.3602032661438,29.946250381469728,31.4262745207092,30.692625679696064,12440800,1.0232347354339277,0.8399636003170051,0.406313274557184,9.34174577552106
2017-01-03,32.78125,31.50344877243042,30.01159679412842,31.555319804451205,30.774533207757212,22891700,1.7925656726065955,1.5544047431830597,0.42343024244150396,10.203716576521673
2017-01-04,32.745208740234375,31.64669418334961,30.087513885498048,31.668642560240098,30.851815228477626,18316100,1.4054253141683148,1.2547327953000524,0.4276344887119231,10.192498126959523
2017-01-05,32.817283630371094,31.77522478103638,30.16475227355957,31.778036947871637,30.928893021806388,13840600,1.0609579789933294,0.9554381957690834,0.41742428423710914,10.214932651306185
2017-01-06,32.330440521240234,31.848781681060792,30.236698265075685,31.830646812001987,30.983856080667863,15615000,1.200036888742017,1.079158766197057,0.4144896362763394,10.063394528055733
2017-01-09,31.97836685180664,31.912242889404297,30.30412525177002,31.844715387221477,31.022856783828544,14097200,1.072698101441848,0.9755466983849211,0.4206880150218627,9.953805664392622
2017-01-10,32.02693176269531,31.967321109771728,30.361592445373535,31.862069327742795,31.06223254554277,11787400,0.8912219843929924,0.827784409472729,0.4339670261625491,9.968922311447631
2017-01-11,31.844820022583008,32.005185985565184,30.419381561279298,31.860426536775197,31.092922454470635,16142800,1.2207263650064692,1.1249845986076583,0.4212209181030717,9.912236962921778
2017-01-12,31.97836685180664,32.03170948028564,30.481162757873534,31.871658947730573,31.127645985871855,11052100,0.8394450537598473,0.771729699300464,0.4217198544225814,9.953805664392622
2017-01-13,31.899457931518555,32.07620964050293,30.54665111541748,31.874306469996093,31.157913306666718,9458700,0.7481447060103023,0.6639644886012656,0.399054078917559,9.929243932976675
2017-01-17,32.01478576660156,32.1210711479187,30.623094940185545,31.887685450625188,31.191516346283155,11383500,0.9096706294695406,0.8048460876356381,0.38446432352714055,9.965141665447854
2017-01-18,31.717348098754883,32.13724660873413,30.69443088531494,31.871462845685155,31.212137316091475,12930900,1.0689088217278415,0.9138307024897291,0.3894714020311909,9.87255917814523
2017-01-19,31.78412628173828,32.13754177093506,30.764579734802247,31.863145077690213,31.234568377959782,13286100,1.0988198485763874,0.9404269560039785,0.37220138324981794,9.893345013116678
2017-01-20,32.002647399902344,32.142456722259524,30.834534530639647,31.87643101313899,31.264689281368362,15473700,1.253277728213915,1.094081058030975,0.3811795326457917,9.961363394225716
2017-01-23,31.814462661743164,32.14246730804443,30.898443336486817,31.870529265387006,31.286249130054756,15695500,1.240895677559241,1.1000980980088544,0.3837556293399951,9.902787722699975
2017-01-24,30.424360275268555,32.05255174636841,30.932027587890627,31.73279888537572,31.25244940402729,43484700,3.047775445000363,2.954199904617103,0.43264561855958306,9.47009492532546
2017-01-25,30.211915969848636,31.95111255645752,30.975417175292968,31.58795289342075,31.21164398213651,30398600,1.9704094394737208,2.0482357476990987,0.46218528535899284,9.40396805460513
2017-01-26,29.81732940673828,31.83114547729492,31.010915031433104,31.41932208516527,31.15696473562254,37877100,2.226932899984949,2.4804278083270956,0.48871708385808377,9.28114633624839
2017-01-27,30.108715057373047,31.731753730773924,31.058366737365724,31.294502368232674,31.115856729176667,18369300,1.0446224913461357,1.2083975051725595,0.49341800089367016,9.37184503118963
2017-01-30,29.969093322753903,31.616371726989748,31.088731422424317,31.168272935329927,31.070885430287067,12148700,0.6811899952479811,0.8061030454580622,0.49963596289584233,9.328385413024488
2017-01-31,29.75057029724121,31.500874042510986,31.107998962402345,31.03325363646433,31.019108161698043,16844200,0.932954004484706,1.1183823247230071,0.49890886269020757,9.26036643822104
2017-02-01,29.37420654296875,31.330521869659425,31.120820274353026,30.87524915136951,30.954601971024932,26004100,1.4279873796801428,1.69600355426297,0.4941636074674493,9.143216876252785
2017-02-02,29.30743789672852,31.158633327484132,31.12954341888428,30.72593379378465,30.89000706588216,17787200,0.9781856117537135,1.1526249576688712,0.5006915175934241,9.12243400975339
2017-02-03,29.489547729492188,30.992246532440184,31.13902591705322,30.60818274004251,30.83508689947923,15166400,0.8310283307105253,0.9772311029391676,0.49509476204655234,9.179118764584832
2017-02-06,29.15567398071289,30.833508205413818,31.127656440734864,30.469848572487304,30.769227347624984,16151400,0.8837017931846508,1.0486426740706325,0.4880529668646538,9.07519493297729
2017-02-07,29.1617488861084,30.692677307128907,31.107519302368164,30.34526764997503,30.706188772696947,12771900,0.7013398430539383,0.8386840463604426,0.48076855112786576,9.077085849671587
2017-02-08,29.3620662689209,30.559434032440187,31.086103286743164,30.25162942320797,30.653477922475236,13962800,0.762182998048253,0.9098649330047529,0.46225402489641904,9.139438011336237
2017-02-09,29.6291561126709,30.44865083694458,31.064623641967774,30.192346250775866,30.613308319805835,13577300,0.7463659646609544,0.8875263500012289,0.4643785833181848,9.222574226889106
2017-02-10,29.732349395751957,30.336349964141846,31.04712989807129,30.148537026487872,30.57876081191794,12317400,0.6747605724075877,0.8043436411180542,0.45861183344208295,9.254694875526967
2017-02-13,29.471330642700195,30.214943599700927,31.037148551940916,30.084041180412857,30.535332058138557,18305300,0.979060326082451,1.1991105306971195,0.47105560845908273,9.173448389279576
2017-02-14,29.30136108398437,30.07927236557007,31.024128494262694,30.00950021884824,30.486940911405352,20847200,1.0874914384410217,1.3516937668498128,0.47621540111858673,9.12054249936468
2017-02-15,29.18602752685547,29.952706336975098,31.009522247314454,29.93107424818226,30.4359245704538,19297100,0.9901889851859834,1.2373149743766778,0.4713590888335048,9.084642985810273
2017-02-16,29.41669273376465,29.834334659576417,31.000250091552733,29.88208553252344,30.395954596803797,18706900,0.9467370873723515,1.1908705757969906,0.4765189012854794,9.156441419224679
2017-02-17,29.85983085632324,29.72719383239746,30.992513275146486,29.87996603955199,30.374930087016473,23190700,1.1511780231410078,1.4584634108423387,0.48653535819707355,9.294375628775558
2017-02-21,30.00551986694336,29.63674669265747,30.975437622070313,29.891923546922598,30.360443379031476,19206000,0.9451439085681779,1.203437447444384,0.48532108232527504,9.339723788857361
2017-02-22,30.15120887756348,29.623089122772218,30.964278945922853,29.916617387936014,30.35223808667563,13653400,0.7251203585929263,0.8532151702749619,0.4139950976703172,9.385071948939162
2017-02-23,30.539701461791992,29.639478397369384,30.95656562805176,29.97595872830325,30.359589606894712,16212000,0.8947108746113372,1.0054262754376817,0.40033776585475317,9.505996813657505
2017-02-24,30.71573829650879,29.68439884185791,30.949129943847655,30.046413925275207,30.37355625012413,14357900,0.8473807030983495,0.8924638800731033,0.3824295732139049,9.560791245489062
2017-02-27,30.31510734558105,29.694718456268312,30.926474151611327,30.072003774828147,30.371264131813312,14029500,0.8387403022801038,0.8700846064950193,0.3881953028194426,9.436088109548578
2017-02-28,30.126930236816406,29.702610301971436,30.9088236618042,30.077234866446076,30.361682392740093,17699200,1.040860318758768,1.1007054161507526,0.3869812189128936,9.377514812800475
2017-03-01,30.23619079589844,29.726891326904298,30.891196365356446,30.09237352639392,30.356761144913534,16095600,0.9486434374091065,0.9983309050513847,0.38910581327700433,9.411524003354996
2017-03-02,30.33938217163086,29.775150108337403,30.870107231140135,30.115898159273627,30.356079615387298,10773400,0.6648018596235953,0.6770303621101297,0.36785983640853265,9.443644058298446
2017-03-03,30.406156539916992,29.830086040496827,30.84266590118408,30.143541814573,30.358043419566787,11071600,0.6976587385355064,0.6978183564624273,0.3572368441735369,9.464428705881073
2017-03-06,30.36973571777344,29.87409543991089,30.811973648071287,30.16508409106828,30.35850194178688,10827300,0.6917211381171102,0.6820248502887644,0.35632639392666227,9.453092111131431
2017-03-07,30.011594772338867,29.916891479492186,30.77592052459717,30.1504660607131,30.344897718487875,12896900,0.8325968352424181,0.8090887145019533,0.3554158908148718,9.341614705551658
2017-03-08,29.84161758422852,29.950884914398195,30.728299446105957,30.12105192009552,30.325161213954907,14206500,0.912914398812469,0.887787952255362,0.3608795266354662,9.288706440859125
2017-03-09,29.914464950561523,29.978504848480224,30.68177474975586,30.101376970616094,30.30905545564963,10590000,0.6879723719650284,0.6589956831115648,0.35602336182748695,9.311381411441639
2017-03-10,29.95695686340332,29.994894886016844,30.63658046722412,30.08762267469107,30.29524764919673,11181600,0.7321023159734896,0.6915698442495847,0.3508636613360114,9.32460773549676
2017-03-13,30.0297966003418,30.009767246246337,30.595245399475097,30.08211542951495,30.284837790727497,10488800,0.6908778215032494,0.6458136329430465,0.34995303750212103,9.347280331301638
2017-03-14,29.963029861450195,30.034352207183836,30.54897132873535,30.070773946842117,30.272217856305712,8496600,0.5783379539472385,0.5222848545506202,0.33417057513393206,9.326498058496648
2017-03-15,30.436508178710938,30.091109561920167,30.51649101257324,30.105605778448673,30.27866062171198,12660800,0.8864809002043819,0.7780472297676564,0.3472217676452088,9.473876165019647
2017-03-16,30.37580299377441,30.150598335266114,30.46838207244873,30.131338846574938,30.282470130853138,10861200,0.7836196848624073,0.6774732714551291,0.34509723886542715,9.454980653048088
2017-03-17,30.58826065063477,30.20917673110962,30.425243110656737,30.17485520886635,30.294461929112114,21071300,1.5074061872809807,1.309831747666505,0.33841986700699866,9.52111167962929
2017-03-20,30.49721336364746,30.24104585647583,30.378841705322266,30.20555598551217,30.30241297415004,9456000,0.7114171314902895,0.591024527517892,0.3171738904851196,9.492771676991204
2017-03-21,30.44864654541016,30.263202190399177,30.341205825805662,30.228707467407215,30.308147629816965,15196500,1.1608086435997023,0.9503178232009248,0.3174774347943254,9.477654436241785
2017-03-22,30.175479888916016,30.264415740966804,30.305148086547852,30.223638174217577,30.30294496824361,14950400,1.1363806522498405,0.9339312832372253,0.3356881489631084,9.39262671030021
2017-03-23,30.13298797607422,30.244080066680915,30.267269210815428,30.215004822013448,30.296279981921362,9644900,0.7518748343441588,0.6041209682571697,0.32445811766002686,9.379400386245088
2017-03-24,30.15727806091309,30.216157054901128,30.233518371582033,30.209507035241984,30.290828921294427,9310700,0.7403876126799539,0.5882223614082361,0.3141385981034913,9.386961084550231
2017-03-27,29.82948112487793,30.19187574386597,30.190540657043456,30.17331409139779,30.272736835217795,13270900,1.0584956662048526,0.836072065910519,0.31535314284073657,9.284928763331395
2017-03-28,29.92660522460937,30.181859493255622,30.151083602905274,30.149818008846513,30.25916303530053,12856300,1.0456216631226483,0.8064994712332442,0.31717427375887636,9.315160276358185
2017-03-29,29.82341194152832,30.161220550537116,30.107256126403808,30.11873171672097,30.242074743486675,11160800,0.9263131685150795,0.7003332996159989,0.3089793486299534,9.283039627720326
2017-03-30,29.780914306640625,30.133297157287604,30.068527450561522,30.08655863004665,30.223990006617342,11623000,0.9612851761687621,0.7305351630464227,0.30655117088000006,9.269811522581977
2017-03-31,29.59273910522461,30.092626285552985,30.02469970703125,30.039528199111214,30.199235051085395,19299100,1.5436217454457035,1.2038977664721169,0.30685463642699135,9.859421596401155
2017-04-03,29.85375595092773,30.066827297210693,29.981721878051758,30.021835604046125,30.185686841497308,14307400,1.1286567214807575,0.8938109554282738,0.31747762086123005,9.946384655697534
2017-04-04,29.932680130004883,30.062881565093996,29.944086227416992,30.013344606518388,30.175765002932085,8952800,0.7174131840939542,0.5640506304869845,0.3095861564653369,9.972679847666909
2017-04-05,29.756635665893555,30.058632469177248,29.930731735229493,29.988896135982692,30.15932854761159,14327600,1.1475543107173336,0.937106421320368,0.3095858033950096,9.914027061751607
2017-04-06,29.749269485473636,30.050372695922857,29.92147880554199,29.966074550219925,30.14324778998995,18456100,1.4330783374642042,1.2262910703291658,0.311562661831071,9.911572869253343
2017-04-07,29.89054107666016,30.0470519065857,29.92294303894043,29.958880886071373,30.133337716828123,17269600,1.309986164041071,1.179763183868609,0.31908597584779413,9.958640366863134
2017-04-10,29.81684112548828,30.036404132843018,29.917105560302733,29.945353289825366,30.120926078608502,10859400,0.8225839805417083,0.7495447609931368,0.320152328301465,9.934085732442375
2017-04-11,29.915119171142575,30.034008598327638,29.91602607727051,29.94247384995082,30.1128552150022,13096200,0.9750326656268264,0.902753881175801,0.32243989167592685,9.966829057834817
2017-04-12,30.05026054382324,30.014696216583253,29.92201988220215,29.952739249367237,30.110400520702743,10455800,0.7848933662630524,0.7271487601236677,0.3108199910844265,10.011854148740978
2017-04-13,29.865982055664062,29.989205169677735,29.931855392456054,29.944476659490743,30.100815477935754,9487000,0.7158600696165807,0.6752873583672495,0.3094290775186076,9.950458030610502
2017-04-17,29.982690811157227,29.958926677703857,29.94536045074463,29.948116102506596,30.096183135776467,10507100,0.8257455373071222,0.7557307538275992,0.31172727389852783,9.989341921023852
2017-04-18,30.23453521728516,29.945792770385747,29.96026020050049,29.975394113437886,30.10160871017236,19691300,1.4876914690795544,1.4071516314806702,0.32664002781854473,10.073248995927647
2017-04-19,30.06254196166992,29.926487541198732,29.978397560119628,29.983693908507608,30.10007668012154,18837300,1.4038634882437528,1.3409766670786039,0.331431706151694,10.0159459523392
2017-04-20,29.736974716186523,29.904562282562257,29.98990207672119,29.96019684257227,30.085837381187037,30398200,2.1421401176485095,2.1109899226206936,0.3428038711744369,9.907476617351783
2017-04-21,29.0244140625,29.849133586883546,29.983149032592774,29.871074673041576,30.04421291981626,31278300,2.048048600582298,2.1210970845265154,0.3681557240684709,9.670072574666788
2017-04-24,28.90156364440918,29.78634786605835,29.96859718322754,29.778740289362304,29.999403126208975,23161900,1.4508100787951999,1.5505380380849454,0.37042517950648807,9.629142464718376
2017-04-25,28.686573028564453,29.729202461242675,29.947681655883787,29.674724359762507,29.94791957298656,30033500,1.7873960709840275,1.9639625123706064,0.3661222851982114,9.557513977968771
2017-04-26,29.091991424560547,29.687471771240233,29.940094871520998,29.61922598498137,29.914353750727894,29343800,1.6646782747906514,1.8915536243378808,0.3734326752584547,9.692587344271537
2017-04-27,28.668136596679688,29.629708003997802,29.9274303817749,29.528646043238354,29.86548247227572,16838500,0.9401103611456411,1.0910785754117147,0.3855341147369938,9.55137150653215
2017-04-28,28.201290130615234,29.550726795196532,29.9077356338501,29.402231194417105,29.800220005040064,25922800,1.391739639652457,1.6654108906107696,0.39917120332434114,9.39583213204732
2017-05-01,28.182865142822266,29.480233097076415,29.88305908203125,29.286101094265213,29.73679430319255,14455200,0.7862928559034247,0.9337758893938868,0.39684092030936996,9.38969347344213
2017-05-02,28.201290130615234,29.397609806060792,29.84988826751709,29.182785764393785,29.676578434153853,13397800,0.7305828008927661,0.8765603045592023,0.38725157318049136,9.39583213204732
2017-05-03,28.348716735839844,29.31841163635254,29.81675220489502,29.10335061881722,29.624505410479408,19568100,1.037035074214563,1.27965012263469,0.3867966259071993,9.444950297495511
2017-05-04,28.182865142822266,29.239723110198973,29.777385330200197,29.01568533538913,29.56797048143951,20767700,1.0821425147254378,1.3455773483605464,0.38330657720088473,9.38969347344213
2017-05-05,28.680438995361328,29.186281585693358,29.74020008087158,28.983757112529336,29.533165315314065,17133000,0.8958372821092673,1.1087552121137445,0.3962069541181778,9.55547030032133
2017-05-08,28.64357566833496,29.1239333152771,29.698756828308106,28.951358879748916,29.498279437359223,15561700,0.8173277667277845,1.005502521881506,0.38975711628869847,9.543188534807612
2017-05-09,28.51457023620605,29.05881977081298,29.662746086120606,28.909759961316265,29.459702595905828,14349000,0.7467910468346084,0.9267625701336891,0.3909859987989748,9.500207757020798
2017-05-10,28.489999771118164,28.987563800811763,29.63000747680664,28.86978280034502,29.421675024644667,12669600,0.6601197944237654,0.823645924306175,0.3869931865825563,9.492021607936735
2017-05-11,28.26886558532715,28.898494052886964,29.590660972595217,28.81255258939094,29.376466800481673,12435800,0.6446131740400625,0.8123120159183317,0.38085031154970855,9.418346266180162
2017-05-12,28.15829467773437,28.81310968399048,29.547039222717284,28.75024231209031,29.32869533366557,14470900,0.7405375599858247,0.9407016482772124,0.3808503086850591,9.381507324358065
2017-05-15,27.87572288513184,28.70776128768921,29.496430549621582,28.666954747618075,29.271716009327346,20379700,1.0172198692219327,1.308970872978243,0.38730038065224,9.287362797059902
2017-05-16,27.83273696899414,28.587671375274653,29.445690574645997,28.587505435368172,29.21528544670723,14813500,0.7485037882472247,0.9466113378138815,0.37040789148096653,9.273041166730176
2017-05-17,27.322877883911133,28.45068817138672,29.391916236877442,28.467064716181785,29.141073370234963,21333500,1.0711941001098384,1.3487097689867875,0.3762441138618936,9.103171265308942
2017-05-18,27.66687774658203,28.347183322906496,29.34842144012451,28.390856433362757,29.08326176578437,15648700,0.8159650435521675,0.9875143832532928,0.3636513624888126,9.21778180078917
2017-05-19,27.90030288696289,28.29097776412964,29.30813819885254,28.34413704799134,29.036871212753834,12787800,0.7005622170938649,0.8047444669806066,0.34522303233128804,9.295552123503493
2017-05-22,27.937158584594727,28.242757511138915,29.267742233276365,28.30537719433452,28.993745219508927,9290100,0.5290479204625731,0.5860270944723542,0.3415374258900938,9.307831347129587
2017-05-23,27.937158584594727,28.20528678894043,29.225889472961427,28.270308755311678,28.952310442287228,8066300,0.4900048142124055,0.5103886744245053,0.3258735031277563,9.307831347129587
2017-05-24,27.66687774658203,28.134031105041505,29.179966430664063,28.212839135432663,28.90190130852022,15846000,1.0037509220528436,0.9934037639006627,0.31758091492463264,9.21778180078917
2017-05-25,27.83273696899414,28.092261123657227,29.127891006469728,28.176638929105184,28.859973288456576,11206400,0.7227520093284954,0.7038254303915368,0.3065240970118953,9.273041166730176
2017-05-26,27.838876724243164,28.07414045333862,29.0771524810791,28.144471100070707,28.81993027974569,5999900,0.4135285358399094,0.3791429003297587,0.2887101279699674,9.275086750793333
2017-05-30,28.379432678222656,28.083968830108642,29.03297592163086,28.166848393228037,28.80265586143294,16442300,1.125538132538904,1.0451284883275986,0.31328115874544055,9.455183937058449
2017-05-31,28.64970588684082,28.106389617919923,28.996025772094725,28.212834821191162,28.796657822357364,22811100,1.5127672125342073,1.4257448985982373,0.3258734454502129,9.545230941511244
2017-06-01,28.569860458374023,28.11744680404663,28.958450050354003,28.246837262827622,28.78776380686359,14219400,0.9600165275641692,0.889831240326901,0.3317091221767038,9.518628816611612
2017-06-02,28.5268611907959,28.134646606445312,28.9254776763916,28.27350620834841,28.77753233037535,18552800,1.262020117850128,1.1557985668018032,0.34553018453690443,9.504302737978547
2017-06-05,28.483861923217773,28.124817752838133,28.892495155334473,28.293540085955016,28.766015842362,8538200,0.5982845793274326,0.5326455143102864,0.3323226192656694,9.489976659345484
2017-06-06,28.5268611907959,28.11898202896118,28.85988681793213,28.31576114355891,28.75663722743419,11610500,0.8249858333792232,0.7222349328437525,0.3360082270622852,9.504302737978547
2017-06-07,28.5637264251709,28.121439838409422,28.834571723937987,28.339376884664812,28.749072097049467,8648100,0.6271952122525026,0.5410697064655706,0.33201511012857987,9.51658513896417
2017-06-08,28.3732967376709,28.11560468673706,28.80350555419922,28.342607346855864,28.734335806791567,11717800,0.8527655313246401,0.7341718665651498,0.33938644848483557,9.453139623939101
2017-06-09,28.698854446411133,28.13710412979126,28.781014404296876,28.376535642051607,28.732944380744172,11698800,0.853672151890421,0.7324876178111175,0.3507507044559913,9.561605781566993
2017-06-12,28.9875545501709,28.178567123413085,28.76514720916748,28.43472791901535,28.742929094305733,18929100,1.3591656494578876,1.174447570800592,0.3639575859432352,9.657792080096883
2017-06-13,28.539140701293945,28.21173801422119,28.74407524108887,28.444671993518075,28.734937391823056,15194600,1.1117122831893629,0.947568373893695,0.3707146334988005,9.508393906104864
2017-06-14,28.680438995361328,28.25412311553955,28.72060890197754,28.467125993693625,28.732800199600444,9817600,0.7316765973937897,0.6156947474545271,0.3697931458939278,9.55547030032133
2017-06-15,28.64970588684082,28.320464515686034,28.69494941711426,28.484514554945736,28.72954159880048,10984100,0.8514489383340775,0.6870993025855442,0.35382146976925116,9.545230941511244
2017-06-16,28.64357566833496,28.36929941177368,28.672688217163085,28.499663232411375,28.726170385543266,22573900,1.7041098413647433,1.3976681239859834,0.3492143740235619,9.543188534807612
2017-06-19,28.606714248657227,28.4046199798584,28.64983711242676,28.509858567291936,28.721485830758013,9773500,0.7462951544457193,0.6117053369671182,0.3387719261739578,9.530907404765802
2017-06-20,28.219724655151367,28.41874828338623,28.61642078399658,28.48222676613569,28.70180892030624,16756100,1.2440192808474069,1.0494079297840309,0.3556641386188568,9.401973968012035
2017-06-21,27.8941593170166,28.416598320007324,28.57796714782715,28.426220342410062,28.670136384362614,15027200,1.0875586309116714,0.9362420602409264,0.3786993946222449,9.293505268496522
2017-06-22,27.90030288696289,28.428269577026366,28.537670822143554,28.376132965700805,28.63994683317262,10511300,0.7757053451738608,0.657003389993232,0.371635147901687,9.295552123503493
2017-06-23,27.88186264038086,28.430725860595704,28.494302864074708,28.329059601384618,28.610218039148506,10069700,0.7462464242837451,0.6297053428994699,0.36518518357434093,9.28940838112306
2017-06-26,28.103015899658203,28.443932819366456,28.45904354095459,28.307531629791622,28.59032775778648,10105500,0.7376772746782996,0.6314556190833255,0.3771643368650336,9.363090077598686
2017-06-27,27.544021606445312,28.402162265777587,28.410270156860353,28.234816389472925,28.549296141269235,20187200,1.453746761652201,1.2463464143153509,0.3731716882105543,9.176849784425043
2017-06-28,27.544021606445312,28.346878051757812,28.356459884643556,28.16902641013696,28.509873607963293,18703600,1.3671272828275813,1.1561598353450764,0.3670292460518265,9.176849784425043
2017-06-29,27.27988052368164,28.282379055023192,28.30080665588379,28.08434584952217,28.46163858207785,17913000,1.2918994665226173,1.1085557881489427,0.36395792159032414,9.088845822147784
2017-06-30,27.43345260620117,28.227708625793458,28.254736213684083,28.02235601682493,28.42131756102872,13368900,0.9825424514209636,0.8451553127534253,0.34921537020918353,7.039650957590518
2017-07-03,27.642303466796875,28.18563070297241,28.22709400177002,27.986160535869878,28.390767986968072,9732000,0.7121257854732047,0.6324675788878527,0.3538225672865044,7.0932438167136835
2017-07-05,27.42731094360352,28.130653190612794,28.197608947753906,27.932936765177843,28.35298535575152,14853400,1.074132917566695,0.9758376157433261,0.3553583431130729,7.038074956144132
2017-07-06,27.083784103393555,28.056656074523925,28.165553169250487,27.85206508310315,28.303212755006207,16854300,1.1837065212963653,1.1268054037560582,0.36265206961438723,6.9499231261737595
2017-07-07,27.05889129638672,27.990935802459717,28.12489116668701,27.776524722463492,28.254415832598436,12198500,0.8552779416677797,0.8346738795006942,0.3575877751023425,6.943535425901458
2017-07-10,26.884632110595703,27.900224685668945,28.08922107696533,27.691582568952274,28.20069882128859,12272500,0.8587392329599127,0.8450173754438536,0.344206608743365,6.898819076788136
2017-07-11,26.69171142578125,27.785432529449462,28.059029502868654,27.596356745793127,28.1415228422382,13249500,0.9458982874668388,0.9284925813095869,0.3333189698893621,6.849314032596721
2017-07-12,26.897090911865234,27.703330039978027,28.033314018249513,27.52975999970476,28.092721587883034,11388900,0.8242651191084049,0.8015510067228403,0.32061714300973065,6.902016108293666
2017-07-13,27.065114974975582,27.62256383895874,28.01059051513672,27.485508092587693,28.052423287605155,12140500,0.8713373400759913,0.8559634931799299,0.3248113518393209,6.945132473329894
2017-07-14,27.10868453979492,27.545512771606447,27.98578987121582,27.449620135178858,28.015413923417235,11986800,0.8572216244860392,0.8542592450323215,0.3274335413313887,6.956312784211831
2017-07-17,27.17091941833496,27.471879959106445,27.965550956726073,27.423077209765154,27.982296490531088,10804200,0.8065947832111344,0.7810715258575868,0.3161904998622985,6.972282769054749
2017-07-18,26.984210968017575,27.390754795074464,27.931626396179198,27.381280424836813,27.943155880312656,15417100,1.1272273691398924,1.1173254401401689,0.32223945269546717,6.924371835643111
2017-07-19,27.040224075317383,27.331779766082764,27.899559364318847,27.348798867739724,27.907746788623502,13940800,1.0298867965229648,1.0127126647198128,0.30732694047157877,6.938745262499036
2017-07-20,27.51941680908203,27.313042640686035,27.879656295776368,27.36504819548661,27.892518161438808,19309100,1.4042634582126696,1.3926503580742362,0.3139248025213561,7.06171008342552
2017-07-21,27.52564239501953,27.294309616088867,27.860369148254396,27.380342881156412,27.87813087599465,11426600,0.828248262824906,0.8256129163992681,0.3165793296219809,7.063307620295399
2017-07-24,27.2020263671875,27.2603178024292,27.8390323638916,27.363360356016514,27.85161697282702,11895200,0.8565474553155454,0.8601428991860054,0.32877940608541856,6.980265069548271
2017-07-25,27.37005043029785,27.22366952896118,27.82326747894287,27.36399750594807,27.832732009785364,9818800,0.7077609854217297,0.7148073773642486,0.3249709016314757,7.0233814345845
2017-07-26,27.63143348693848,27.22804012298584,27.818381690979002,27.389467599375728,27.824837949829114,19045200,1.378494196379618,1.3891873415982001,0.32254906219115487,7.0904544899301545
2017-07-27,29.753576278686523,27.3385178565979,27.856798477172852,27.614620806929135,27.9004747492188,44702500,2.957318424518834,3.1244369163937655,0.41269716165688414,7.635013891567264
2017-07-28,29.8344783782959,27.466247749328613,27.907030487060545,27.826035813725973,27.976318030890287,25296500,1.6336063167962163,1.7583329753622772,0.4362399538818348,7.655774039812604
2017-07-31,30.12075424194336,27.600612831115722,27.956108016967775,28.044580425937152,28.060413570815648,28456800,1.752324276792455,1.9433988035075258,0.45817860885086625,7.729234795430559
2017-08-01,30.425695419311523,27.739782428741456,28.006615867614745,28.271353282449,28.15316972410768,33498200,1.9221162546900723,2.2247580661443496,0.4789450164139513,7.8074852250094935
2017-08-02,30.00250244140625,27.868542003631593,28.047922744750977,28.436224630921117,28.225692577547267,19233400,1.0899105048685964,1.2607209524672267,0.4919523837174788,7.698890404848832
2017-08-03,30.251441955566406,28.026924896240235,28.09420841217041,28.609102471363528,28.305133731500653,15190100,0.8648645263260979,0.9864758237083844,0.4950641029888814,7.7627703442205
2017-08-04,30.43814849853516,28.195887756347656,28.149633827209474,28.78329733109416,28.38878137131963,13841700,0.7844225115212075,0.9012542042512096,0.5068884045528785,7.8106807881906954
2017-08-07,30.407026290893555,28.37200746536255,28.20111961364746,28.937938184408388,28.467928232634446,10448700,0.5952138849630266,0.6810027432508794,0.5053326074728506,7.8026945721656285
2017-08-08,30.24522018432617,28.549682903289796,28.24924648284912,29.06244123201961,28.537625957688572,10901200,0.6251722260247753,0.7059843265417778,0.5084442116899067,7.761173786233506
2017-08-09,30.00873374938965,28.705265045166016,28.28183250427246,29.152564328911996,28.595316460483698,18887100,1.0603566972312244,1.2193067128589534,0.5106217570826782,7.70048941004304
2017-08-10,29.88426780700684,28.84622268676758,28.306523742675783,29.22225037444484,28.64586357308839,13005200,0.7283679991218274,0.8503513227549206,0.5062654464902522,7.668550419240093
2017-08-11,29.909164428710938,28.98624668121338,28.33330982208252,29.28767076056542,28.69540478403218,10420500,0.5861805838967269,0.6847512041054713,0.5099993895381972,7.674939098395279
2017-08-14,30.357236862182617,29.14556255340576,28.369917335510255,29.38953419881468,28.760574670611827,11064600,0.6219573787806778,0.7343027409031434,0.5236902892813273,7.78991819273814
2017-08-15,30.17053985595703,29.304878997802735,28.40365089416504,29.463915689971095,28.815867423925518,11164800,0.6351810710943344,0.7383783188930886,0.5255571330338347,7.742010195975161
2017-08-16,30.126976013183597,29.459216594696045,28.435653190612793,29.52706429218181,28.867283447879938,9447000,0.5444122111537942,0.6265655017955973,0.5246235570024714,7.730831353417553
2017-08-17,29.803363800048828,29.573413944244386,28.46044593811035,29.553378531026286,28.90399248187883,10638000,0.6287566629558715,0.7037002541205957,0.5068872393783558,7.64778978155331
2017-08-18,29.67889213562012,29.681076431274413,28.486557846069335,29.565332207654272,28.934380704055876,16919100,0.9840273169347198,1.1115441312406635,0.5053314340423212,7.615849322426033
2017-08-21,29.95894241333008,29.81892223358155,28.511759605407715,29.602818893909113,28.974559595202166,10556800,0.6163903260443714,0.6945986088815297,0.5134216403560063,7.687712541174109
2017-08-22,30.089635848999023,29.954901504516606,28.533801231384277,29.649182413441483,29.01828807635652,11005500,0.6403704844803765,0.7317512975113075,0.5196452223204101,7.721249558288379
2017-08-23,30.04607391357422,30.075633525848396,28.563939895629883,29.686981603930313,29.058593403849354,8909200,0.5341456753847348,0.5973620643575622,0.5081318713609055,7.710071205172213
2017-08-24,30.064741134643555,30.091191768646247,28.59162593841553,29.72295870209348,29.098050178116825,8898200,0.5976306204593552,0.5973610099457232,0.4129155700194909,7.714861368574635
2017-08-25,30.295001983642575,30.114217948913574,28.624531860351563,29.77743901462196,29.14498946519191,9846700,0.6975243400695916,0.6620475002457457,0.39455670284541994,7.773948207895223
2017-08-28,30.251441955566406,30.120752334594727,28.65668918609619,29.822582151854768,29.18837975945065,6329400,0.48649259392772015,0.43506377278527425,0.3743309425040325,7.7627703442205
2017-08-29,30.189212799072266,30.108928203582764,28.688339157104494,29.85749935635167,29.227628114396285,6044100,0.5193612237611562,0.41759410082782306,0.3494376143438778,7.746801827701912
2017-08-30,29.946504592895508,30.106128311157228,28.722874755859376,29.865976045546322,29.25581934915825,10758400,0.9593880405553329,0.7495225959632623,0.333257040695238,7.684520893524452
2017-08-31,29.85315704345703,30.086214065551758,28.762054710388185,29.864755188204487,29.279244357026105,14237700,1.275071767956766,0.9930129140430803,0.32703372377998524,7.660567139863684
2017-09-01,29.8220329284668,30.055408287048344,28.80048931121826,29.860686401562806,29.300530183573887,11455200,1.0369634113554338,0.7978960152424385,0.3124089338969466,7.6525804343971755
2017-09-05,29.47352409362793,30.008733177185064,28.832322540283204,29.823813800807102,29.307314258544345,10005100,0.9075175809932071,0.6969540382736443,0.32298882989154637,7.563150183377745
2017-09-06,29.193483352661133,29.95614633560181,28.85413188934326,29.763782329555102,29.30285030140892,14081900,1.2591421909962914,0.975539026895335,0.33605781375381627,7.491289411836884
2017-09-07,28.751623153686523,29.893290805816655,28.878283920288087,29.667386217567618,29.2812335503226,16591100,1.4988899102668054,1.1551219683365788,0.35410542334413736,7.3779044282738
2017-09-08,28.69561195373535,29.833858013153083,28.901315727233886,29.574836287678828,29.25826799731596,14152000,1.2719452574606123,0.9915891491335507,0.3640627054150928,7.3635314908593195
2017-09-11,28.813861846923828,29.779092884063726,28.93199535369873,29.502362531416445,29.240840304998414,11073700,0.9923626155745289,0.7834100469648441,0.35472818977293236,7.393875391999604
2017-09-12,29.118806838989254,29.717171382904052,28.96570243835449,29.46583341785195,29.23605467884207,11173200,1.0007922535605505,0.7929125264169341,0.35192810664875757,7.472126800461423
2017-09-13,29.405073165893555,29.678898048400878,29.000957832336425,29.460046727189244,29.24268285485589,12772700,1.1358811889993108,0.9025269227567762,0.3516169447202568,7.545585108872165
2017-09-14,29.36150932312012,29.64062471389771,29.03964179992676,29.450662212515994,29.247342716390907,11808500,1.0392222004651133,0.8380019495778092,0.36001852635174475,7.534406266314556
2017-09-15,29.784698486328125,29.639691448211675,29.093660087585448,29.482475190974295,29.26841549183228,24626500,2.0416174428485565,1.7285757403468873,0.3687311060086563,7.64300010759233
2017-09-18,29.927831649780277,29.652138423919677,29.151038894653322,29.52489009181296,29.294274949183233,18810200,1.5472979948267658,1.3081776437669161,0.378066029706865,7.679729261797702
2017-09-19,30.705739974975582,29.68947830200195,29.227461051940917,29.637351985447495,29.34962651918517,30818000,2.3400391727629706,2.0893780300320466,0.40078096923683226,7.87934697543324
2017-09-20,30.79286766052246,29.724639892578125,29.309484176635742,29.747401097359397,29.406224211358953,18755900,1.3834452588017527,1.2621759987165522,0.3976692492060508,7.901704660548459
2017-09-21,30.45680427551269,29.74517641067505,29.380678443908693,29.81496330480257,29.447423429810485,14315800,1.0352975889364222,0.9595998528003131,0.40264812147124796,7.815468014944457
2017-09-22,31.054244995117188,29.794651603698732,29.460461044311522,29.932990132451582,29.510436040581197,20646400,1.4322733933975598,1.3683417736854537,0.4262968382317146,7.968776247569784
2017-09-25,31.054244995117188,29.83261375427246,29.53937225341797,30.03977630984831,29.570977568548404,13698600,0.937764414980572,0.9058204847970596,0.42318525888126024,7.968776247569784
2017-09-26,30.81154441833496,29.86061887741089,29.612184753417967,30.113278034466084,29.61962724919341,12007500,0.8063257032056609,0.7927348974346616,0.4306532712204625,7.906497271158096
2017-09-27,30.81154441833496,29.891735458374022,29.688731422424315,30.17977959483455,29.666369099204804,14270800,0.932551610930173,0.943586103256783,0.4362543679154701,7.906497271158096
2017-09-28,30.749305725097656,29.93187551498413,29.762913055419922,30.23402017866913,29.70883720239149,8231800,0.5423997290571095,0.5484274832269852,0.4337651086505508,7.890526307432292
2017-09-29,30.79909324645996,29.97917232513428,29.82850658416748,30.287836661315875,29.751592341578174,13021700,0.861461130483738,0.8748745975228829,0.44465594548573417,7.903302197418338
2017-10-02,30.718191146850582,30.02398023605346,29.8923575592041,30.32882280279537,29.789498177252486,9525800,0.6342347476856537,0.6416382528428418,0.44932346585959787,7.8863994223313885
2017-10-03,31.023128509521484,30.101460456848137,29.96877960205078,30.3949471558169,29.837875837554137,10218600,0.6798786563038609,0.6898619870963282,0.4505677242445616,7.96468716490446
2017-10-04,31.054244995117188,30.19449853897094,30.042463493347167,30.45773742622645,29.88557658903259,9887500,0.6671585590454724,0.6674473747699965,0.44309971280094873,7.972675819993356
2017-10-05,30.973344802856445,30.30558462142944,30.109301719665527,30.506842890667404,29.928234166218395,12230600,0.8375809547680535,0.8332828028541431,0.41851767120037825,7.951906002315565
2017-10-06,30.74031639099121,30.40781984329223,30.129036521911623,30.529078462126815,29.960080528098356,13239600,0.9095212023079454,0.9424308274735713,0.4143629657014992,7.892079721401586
2017-10-09,30.891468048095703,30.511700153350823,30.15017631530762,30.56359175602861,29.996605529019387,10702900,0.7361950952426481,0.7780260648072763,0.4210612406951249,7.9308854679891585
2017-10-10,30.94815444946289,30.60316753387451,30.16672431945801,30.60021677445092,30.03392117309265,10843900,0.7467394406908574,0.8089913760007854,0.41469117311155246,7.945438785951764
2017-10-11,30.77181053161621,30.671504402160643,30.1736466217041,30.61655903703809,30.06285801078187,10335100,0.7177259938256022,0.7986347226171783,0.4221504393686608,7.900165333319437
2017-10-12,30.45061683654785,30.725959777832024,30.182608909606934,30.600755017943783,30.078064239293802,17087900,1.165315432506885,1.3248436779203059,0.4270901796414309,7.817704039972635
2017-10-13,30.14202117919922,30.74382591247558,30.18042049407959,30.55706608092049,30.080572354592217,20105100,1.3925431951174998,1.5469804983706963,0.42142061588545177,7.738477089329164
2017-10-16,30.2868766784668,30.761778163909913,30.177395057678222,30.53133375687728,30.08866272025917,10394700,0.7415828452918654,0.8040821788741905,0.4188626567192436,7.775666399086504
2017-10-17,30.48209953308105,30.75059614181518,30.178896522521974,30.526644783182405,30.104091614925096,14842800,1.1229105434572917,1.1404123703102473,0.39046699772940185,7.82578671380476
2017-10-18,30.639549255371094,30.74293022155761,30.186783103942872,30.537397590057516,30.12508995382556,20410400,1.5345155863805953,1.5456012339123557,0.4073657017123006,7.866209386903522
2017-10-19,30.99222755432129,30.769701385498045,30.206452980041504,30.580714729511207,30.159095350015928,29173900,2.077353817846762,2.1753365765897965,0.4671197257783716,7.956753843763405
2017-10-20,31.19378089904785,30.77667818069458,30.232643241882325,30.63910198375279,30.199671254005573,16259600,1.1761489072975109,1.2065329504389186,0.4524299681682452,8.008499409569076
2017-10-23,30.85367584228516,30.76664972305298,30.25153347015381,30.6595375893273,30.22531849282603,15660000,1.124797180968087,1.1530738696231304,0.45925556645350624,7.921182929560119
2017-10-24,30.822189331054688,30.767181968688966,30.26083251953125,30.675028231396574,30.248725192420878,11527900,0.8294330407604258,0.8482412086923993,0.45573054199324153,7.913099276366084
2017-10-25,30.633249282836918,30.758267211914067,30.27008670806885,30.671049283914705,30.263804568550576,19256800,1.3611133297473887,1.400270909460569,0.4616263890616974,7.8645919707113805
2017-10-26,30.79069709777832,30.760336780548094,30.283361129760742,30.68244431380648,30.284467020723167,14420100,0.9974306999708451,1.0410378309946722,0.47312318862666025,7.905014154129186
2017-10-27,30.77809715270996,30.759286975860597,30.302855796813965,30.691554107987766,30.303825065156225,12423400,0.8611018116311195,0.8945828892246377,0.47468878402823833,7.9017793217449
2017-10-30,30.123119354248047,30.729533386230475,30.311740341186525,30.637417464774458,30.29673856667467,24587400,1.619679573871852,1.7511480170691955,0.5142189840309035,7.733624351071781
2017-10-31,30.148311614990234,30.68579254150391,30.315527725219727,30.590835955271203,30.290917901891238,15910000,1.028775982898135,1.1245567860888015,0.5084824862866373,7.740092057116536
2017-11-01,30.123119354248047,30.639236259460453,30.316197395324707,30.546291517078522,30.284337566677056,11046600,0.7116308868136084,0.7807546998583184,0.5059095901332528,7.733624351071781
2017-11-02,29.890098571777344,30.5850739479065,30.31307788848877,30.483796950859364,30.268877213907704,13126900,0.8432111255640667,0.922288050591261,0.5189510494219436,7.67380002888162
2017-11-03,29.864898681640625,30.54130306243897,30.309081039428712,30.42485425855282,30.25303491849693,8038200,0.5251089649117305,0.5654423832908969,0.5176914296939664,7.667330364113048
2017-11-06,28.67459297180176,30.430459308624272,30.276672859191894,30.258162707433673,30.191135234208627,36443300,2.1960806763605247,2.471116859953251,0.5850791627756902,7.361738598712714
2017-11-07,28.69977378845215,30.318040275573736,30.24563949584961,30.10974471514972,30.13265047153537,25789600,1.4871192657587928,1.7037561435928659,0.5998790314726911,7.368203366671742
2017-11-08,28.63050651550293,30.210975074768072,30.21446537017822,29.968864886611932,30.073742865324935,17414800,0.984111071616871,1.1334571092691237,0.5879123521324388,7.350420113134393
2017-11-09,28.3848819732666,30.10768833160401,30.183232917785645,29.818009371055233,30.007513026321828,21078700,1.1778764617493438,1.35373888748169,0.5853935128042341,7.287359979198037
2017-11-10,28.265226364135746,30.013848590850834,30.15147430419922,29.670125275158135,29.93918805907929,17075000,0.96229684335639,1.0926269978116745,0.5762615652685238,7.256640334209271
2017-11-13,28.183353424072266,29.908672428131105,30.118700714111327,29.528527956007096,29.870331798788058,16673900,0.9233543203788467,1.0598818396923235,0.5677594263397939,7.235620779244773
2017-11-14,27.849557876586918,29.7770453453064,30.086221389770508,29.368626043681363,29.791085762518396,20829900,1.134691774180545,1.3060854468652043,0.5702784281524517,7.149924163832731
2017-11-15,27.780288696289062,29.634082317352302,30.057957496643066,29.21735582012019,29.712230975507147,15726500,0.867758733662103,0.9840603067247115,0.5488653787504933,7.1321404206144265
2017-11-16,28.195953369140625,29.494268608093268,30.04684410095215,29.120079396217374,29.652769108518147,13818000,0.7961819222106408,0.8676501374438693,0.4934437339890744,7.2388556116290586
2017-11-17,28.60531044006348,29.364845085144047,30.04503807067871,29.071053781345576,29.61169229794228,18933200,1.082577001213905,1.1817445643632347,0.5088737695414507,7.343951427727731
2017-11-20,29.09654998779297,29.276988792419434,30.050691833496092,29.073481991483423,29.59149063869795,18227400,1.034626034064089,1.1276211187102183,0.513597160003673,7.470069247195671
2017-11-21,29.08395004272461,29.19007682800293,30.0499946975708,29.07447894874449,29.571587085893114,13598000,0.7673431659874775,0.838711332804703,0.5098185386427764,7.466834414811385
2017-11-22,29.66336250305176,29.141582489013672,30.055160484313966,29.130563096773752,29.575186121863865,15825100,0.9017510669941251,0.9724151678356467,0.523988955339038,7.615589205435967
2017-11-24,29.60668182373047,29.08238172531128,30.060063934326173,29.175907737436294,29.576421247428495,5097200,0.2983757976790587,0.3158157572062586,0.5095037419094709,7.601037356516223
2017-11-27,30.016056060791016,29.044279670715333,30.06469108581543,29.255921863470075,29.593661828361245,17548300,1.0120477063796902,1.096890367719521,0.510448834826122,7.7061375797434835
2017-11-28,30.74662399291992,29.075454902648925,30.081066932678223,29.397893494846254,29.638876030934718,20982500,1.222816624711415,1.3079995651326122,0.49816785336392044,7.893699096317545
2017-11-29,31.42679977416992,29.13937931060791,30.095488128662108,29.59112266430565,29.708990687594394,31034500,1.7322825415927543,1.9340954837223627,0.5359553829440923,8.068323242078282
2017-11-30,32.050296783447266,29.23573818206787,30.120636711120607,29.82532972327152,29.800806613000237,33268500,1.74853723561511,2.0364827824053178,0.5542195517664629,8.22839602860023
2017-12-01,32.27702331542969,29.35508441925049,30.157041091918945,30.058824351096106,29.897913150429954,23909000,1.2219929079536616,1.4465651806212902,0.5687048203489043,8.286604403641112
2017-12-04,32.57302474975586,29.49049072265625,30.18741668701172,30.29827200811132,30.00281948774098,19371000,0.962188968727741,1.173814323916035,0.5869687884232879,8.36259799094316
2017-12-05,32.06917953491211,29.660220050811766,30.207715377807617,30.46692986780663,30.083853215142298,17574100,0.9158538644498133,1.059950108925629,0.5406792606637687,8.23324387004807
2017-12-06,31.91803741455078,29.8211332321167,30.229845237731933,30.60513058654417,30.15578200732822,17296600,0.9217916543870186,1.0365996396239172,0.5334361414924972,8.19444057186527
2017-12-07,31.75429344177246,29.977322578430176,30.248700218200682,30.714574667994487,30.218468730291356,11986700,0.6481853249700354,0.7203450435150497,0.536900568433013,8.152401951617229
2017-12-08,32.17625427246094,30.166891193389894,30.27723918914795,30.85378224937224,30.295244633957335,13639900,0.7527220843049397,0.8144010567707376,0.5422536605301984,8.260733579462094
2017-12-11,32.64860153198242,30.386059951782226,30.314229354858398,31.024717419144636,30.387533139821702,13542500,0.7547032067293278,0.8080830140681927,0.5611474785308349,8.382001109077423
2017-12-12,33.49882888793945,30.651833724975585,30.369842109680175,31.260347082839377,30.509544737862633,22901200,1.254481867250454,1.3450480685593222,0.5964162114582031,8.60028325000216
2017-12-13,33.30987930297852,30.924849796295167,30.415577125549316,31.455540627614536,30.619361779697197,17705500,0.9782430631928278,1.030825258714987,0.6030297237137727,8.551773495942687
2017-12-14,32.9635009765625,31.184010410308836,30.453762245178222,31.599155898942914,30.711288807077782,18775400,1.0286915267758179,1.081918532895558,0.6153102777998752,8.462846455274946
2017-12-15,33.17133331298828,31.432779407501222,30.49772201538086,31.748887081232947,30.807761140695867,28935600,1.5223165879350429,1.6358978017856498,0.6083825361916837,8.516204050782262
2017-12-18,33.5366096496582,31.679344367980956,30.5536478805542,31.919146373463924,30.914774807770446,15874300,0.8419295702151165,0.8948008285629186,0.5951567677512435,8.609982850345476
2017-12-19,33.272098541259766,31.888121795654296,30.60126049041748,32.04799896087305,31.00721887579727,14239500,0.7632963768415038,0.7994631281844903,0.5938972780861859,8.542073895599371
2017-12-20,33.23430633544922,32.095639610290526,30.646983528137206,32.16098061559459,31.094555638963403,11643500,0.6274267420609785,0.6531267739626596,0.6011397932381162,8.53237135717033
2017-12-21,33.38546371459961,32.28174467086792,30.699256591796875,32.27759805359507,31.184395171383326,12778100,0.6942659395893388,0.7148115536988328,0.5932672683347603,8.571178572800767
2017-12-22,33.49882888793945,32.476352024078366,30.760220832824707,32.39390575210406,31.27515727795574,13657800,0.7251970918416787,0.7669656143019562,0.6023994256659886,8.60028325000216
2017-12-26,33.51771926879883,32.65143518447876,30.8277347946167,32.5009356108369,31.36310088547776,6595800,0.36071006693791835,0.3760992512455672,0.5920073124646473,8.605133050173817
2017-12-27,33.55550003051758,32.79187898635864,30.893107261657715,32.601370317473155,31.44907732257382,8361900,0.47363940328198306,0.47791199455715627,0.5636664550254575,8.614832650517133
2017-12-28,33.64997863769531,32.90303792953491,30.95646484375,32.70123777654193,31.535387178103193,6726300,0.4091632419174702,0.38803175603479,0.5233596867311139,8.639088506908779
2017-12-29,33.3350715637207,32.967276668548585,31.010375289916993,32.76160289913038,31.60596303638974,9994700,0.6542973800478807,0.5835949030286652,0.5025763965081393,8.558241201987439
2018-01-02,33.71295928955078,33.03907346725464,31.064789924621582,32.85220826964661,31.688590340465677,16045300,1.0781476097252538,0.9514798808315227,0.48840609416105885,4.579658168664601
2018-01-03,33.02017974853516,33.0614312171936,31.101317901611328,32.86820555335028,31.740809532957453,16662400,1.1298951539158688,0.9876018695585996,0.49690866120609023,4.4855491509172545
2018-01-04,33.12724685668945,33.11433458328247,31.146789321899416,32.8928761536683,31.795179624102666,12062800,0.8335677054360737,0.7180395380089278,0.4953340876359821,4.500093432012331
2018-01-05,33.05167007446289,33.171016216278076,31.191378936767578,32.90799938422016,31.84445375942699,13348900,0.9351960798393992,0.7928759070119289,0.49061118701405454,4.4898268806511
2018-01-08,32.9949836730957,33.23305072784424,31.238613624572753,32.91628360220831,31.88957257958501,16212700,1.1192592717880072,0.9664700864432373,0.4959643866850662,4.482126448931542
2018-01-09,32.87397384643555,33.26793670654297,31.2802791595459,32.91225410165852,31.92817655084568,14677800,1.009678684194234,0.8747030152695502,0.49848788308964415,4.465688151824689
2018-01-10,32.9249267578125,33.28175296783447,31.32321575164795,32.91346102129223,31.96726479426746,12593400,0.8691310242590484,0.7503340736537374,0.48672976324140327,4.472609730995493
2018-01-11,33.19244384765625,33.26643371582031,31.384602241516113,32.94003081427928,32.01531103166862,15568200,1.1023299236457988,0.9376547128469332,0.4566930665324236,4.508949964887094
2018-01-12,33.03321075439453,33.252600288391115,31.442300224304198,32.948905094290254,32.05522866786461,17673700,1.2515539353201752,1.062209869163381,0.4426871862570394,4.487319317455209
2018-01-16,32.90582275390625,33.2497163772583,31.497954292297365,32.94480201425368,32.088585298698334,14739200,1.0588813826839072,0.8819284957707618,0.43660497053178704,4.470014592230247
2018-01-17,32.94403076171875,33.23835124969482,31.55903293609619,32.94472856163131,32.12213217960937,11591500,0.8880749042895593,0.6948608174270362,0.44126106741460625,4.475204869760738
2018-01-18,32.83575439453125,33.203308486938475,31.618450050354003,32.93435006952654,32.150117364514905,29442600,2.1442734056743213,1.7207986559317952,0.4791040866459326,4.460496319698292
2018-01-19,33.06504821777344,33.19295597076416,31.706259155273436,32.94679751221672,32.18599700582733,23761300,1.6725188719984205,1.4096469869910229,0.47528296458105573,4.491644203264862
2018-01-22,34.05236053466797,33.2338586807251,31.813310890197755,33.05208922864065,32.25918773246455,27691300,1.8449446459308354,1.6390971123886011,0.5045060264838128,4.625763337638528
2018-01-23,33.90584945678711,33.25987796783447,31.918817749023436,33.133399726559354,32.3237627020594,33000500,2.0599042283887328,1.9179697911548526,0.5303398276862119,4.605860882655144
2018-01-24,34.53645324707031,33.31175918579102,32.04184917449951,33.26702387136992,32.410534880312646,21080400,1.2860540516797236,1.225178118222563,0.5493527527380688,4.691523780846833
2018-01-25,34.5810432434082,33.364925384521484,32.16816551208496,33.39216857346881,32.49565285535252,18638700,1.0968018698716229,1.0813028194384933,0.5559234415614622,4.697581004694069
2018-01-26,34.85493469238281,33.42989711761474,32.301597137451175,33.531479632413,32.5881737117239,13077600,0.7590253092594575,0.7618609970699088,0.5576626267438123,4.734787148505144
2018-01-29,34.4791259765625,33.471354484558105,32.434188499450684,33.621731665189145,32.66232870251516,17052600,0.9609383188566522,0.9978238468699733,0.5874214171442439,4.6837362917565555
2018-01-30,34.33262634277344,33.521232223510744,32.56523525238037,33.68943592019718,32.72783057077186,15401500,0.85487330235367,0.901553506379626,0.5933442449443309,4.663835391369077
2018-01-31,34.440914154052734,33.55762996673584,32.69013446807861,33.76100527580247,32.795010319146925,17827000,0.9846339768039081,1.0386594319214004,0.5974422002735696,4.678545496027429
2018-02-01,34.587406158447266,33.63599128723145,32.80977638244629,33.83971012176864,32.86530035207183,18646100,1.0242639275471466,1.0867464503458732,0.5784986787219133,4.698445360017637
2018-02-02,33.74660873413086,33.66695938110352,32.90277755737305,33.830843322945995,32.89986146509902,15574000,0.8473363638094772,0.9105121060576474,0.5897072729402459,4.584229198825989
2018-02-05,32.166927337646484,33.6227222442627,32.964437103271486,33.67237513386985,32.87111895029275,22239600,1.181418774537524,1.2872007117699722,0.6586898769189176,4.369641071181571
2018-02-06,32.377132415771484,33.59182968139648,33.018712501525876,33.54901868452715,32.8517469293284,34543900,1.7498516415924283,1.9569543574651702,0.6977996794658422,4.398195888777436
2018-02-07,32.491783142089844,33.5727201461792,33.076414527893064,33.44832958524741,32.83763070237596,16066600,0.811014975150785,0.8990190728620305,0.7149978624424099,4.413770348759356
2018-02-08,31.236957550048828,33.488321685791014,33.100832557678224,33.2377227247523,32.77485920619811,23308900,1.1456110361314562,1.295913127580134,0.7627706529985389,4.243311498692723
2018-02-09,31.77201271057129,33.417300128936766,33.12134033203125,33.0981312948303,32.7355318926392,27707900,1.3223679673482556,1.5290511945934921,0.8070399815580853,4.31599481656842
2018-02-12,31.91851043701172,33.36156511306763,33.13117454528808,32.985786451228535,32.70349183555192,16903000,0.808187156312471,0.9475654301133076,0.8267858588741401,4.33589545785658
2018-02-13,31.89940643310547,33.311244297027585,33.12815673828125,32.882321687597766,32.67195907466803,11871700,0.5715424646514055,0.6818736606432588,0.8423915263828725,4.333300319091335
2018-02-14,31.536338806152344,33.24085969924927,33.1133430480957,32.75413284174582,32.62742494648601,17559200,0.8333855409564057,1.0159566854094915,0.8452577784075421,4.283980245784424
2018-02-15,31.682836532592773,33.183213806152345,33.095539283752444,32.65210462182648,32.59038226358429,18902700,0.9201651679609205,1.0942831697584723,0.8108613864959449,4.303880887072585
2018-02-16,31.943998336791992,33.12716131210327,33.09303565979004,32.58466592801367,32.56503387429572,12264000,0.6141869985066001,0.7143586912417551,0.8111799497105286,4.339357802037888
2018-02-20,31.160520553588867,32.98256931304932,33.0778853225708,32.44903303521131,32.5099549205371,21330400,1.0855267594122386,1.2366508852178755,0.8051284338092666,4.232928093539248
2018-02-21,30.54901885986328,32.814727783203125,33.05377983093262,32.26807930422578,32.43305546717008,20889900,1.0969117506905615,1.1987373774760013,0.7793318856393027,4.149860075013486
2018-02-22,30.491703033447266,32.612490272521974,33.020088806152344,32.09890061177068,32.356923999174036,21198300,1.1127611392648258,1.2059731863354102,0.7700957560514423,4.142074140519115
2018-02-23,30.75922966003418,32.42139959335327,32.98230136871338,31.971312902081493,32.29426931920231,26371400,1.356775788625863,1.4786872869698735,0.7700956345088226,4.178415669907304
2018-02-26,31.268808364868164,32.24209327697754,32.93770095825195,31.90440770806118,32.25405516412701,20853900,1.0518656910272208,1.1720029004035544,0.7828355336876832,4.247638198197599
2018-02-27,30.59998321533203,32.048136138916014,32.88350303649902,31.780176803991736,32.18918959750238,23234700,1.1539610528770308,1.29774011015434,0.7767843999423597,4.156783208780196
2018-02-28,30.40889358520508,31.8519495010376,32.83241088867187,31.649578402202533,32.11937406760297,22159100,1.0823776054011665,1.2330035026289192,0.7936640322236928,4.130825084545483
2018-03-01,30.54901885986328,31.657354736328124,32.77996459960937,31.544763207694032,32.05779151043213,28950200,1.3766945530588444,1.6108559478511386,0.8000337304170697,4.149860075013486
2018-03-02,30.7401180267334,31.46499032974243,32.724034767150876,31.468130333316825,32.00611804047948,17449900,0.8321774584487122,0.9692532230492736,0.7946195562244827,4.175819494744788
2018-03-05,31.026750564575195,31.32899742126465,32.679127807617185,31.426094164865244,31.96771147279432,15348400,0.73235187951341,0.851476669936456,0.7793323801669011,4.214756421997541
2018-03-06,31.141403198242188,31.277721214294434,32.637269744873045,31.398980739472574,31.93530722673132,13526900,0.6591398032847595,0.7488611988488921,0.7124506963092012,4.2303311410787785
2018-03-07,31.10955619812012,31.214342403411866,32.59175159454346,31.371416497439007,31.902924833450403,16738200,0.852608005444238,0.9225963175078005,0.6748695137543747,4.226004959772538
2018-03-08,31.21784210205078,31.150645351409914,32.54613185882568,31.356790364544892,31.87605884398212,17038500,0.8657616019219161,0.9356615638236123,0.6519385917085267,4.240714805331572
2018-03-09,31.21784210205078,31.14968957901001,32.500134315490726,31.34355719668831,31.8502464227284,14927100,0.7749800506404821,0.8122824423227281,0.6137204265832763,4.240714805331572
2018-03-12,31.084081649780277,31.11529302597046,32.450705947875974,31.318845239839924,31.820200745356196,12526300,0.6770171531045784,0.6785635814991356,0.5710434989313378,4.2225444292864545
2018-03-13,30.988540649414062,31.068794536590577,32.39747718811035,31.287387659799368,31.787586623944943,12840200,0.7016866995827652,0.6909908148086281,0.5608520100033638,4.2095658853677325
2018-03-14,30.86113739013672,31.01688108444214,32.347998504638674,31.24679239602197,31.751255281440777,11930400,0.6518637186075718,0.6406954378858812,0.5497049735483769,4.192259087348229
2018-03-15,30.75922966003418,30.97802562713623,32.28892391204834,31.20035784973742,31.712352315893483,9537400,0.5327890030079502,0.5157900190461686,0.5449277726873902,4.178415669907304
2018-03-16,30.93120765686035,30.94044418334961,32.24714447021484,31.174724498034838,31.681719192008366,26838100,1.4667499924170653,1.4356245826283975,0.5363286742438289,4.201777618979502
2018-03-19,30.77196502685547,30.881842517852782,32.200038833618166,31.136366453160615,31.646042558079163,12980800,0.708037006562575,0.6936881263516198,0.5274111413967448,4.180145676051029
2018-03-20,30.37704467773437,30.842668724060058,32.146546325683595,31.064050093596215,31.596277935318348,10765500,0.6046247007906652,0.5768963656091636,0.5153083800131075,4.126498644139924
2018-03-21,30.115877151489254,30.82101163864136,32.088964195251464,30.973747908633644,31.538223002616707,11062500,0.6389378701146883,0.5961021787837737,0.5060716868378721,4.091020951876668
2018-03-22,29.861099243164062,30.789481449127198,32.02870670318603,30.867781369065113,31.472453443419802,14270800,0.8410660017097377,0.7693186816978187,0.5006573828625942,4.056411242327426
2018-03-23,29.48528480529785,30.72578420639038,31.959913864135743,30.736115029658706,31.394525261529616,15955100,0.9701095052502934,0.8570106902483591,0.5165815962755117,4.005359608280885
2018-03-26,29.982126235961918,30.661450099945068,31.895707511901854,30.664306573116153,31.339137064446447,15435500,0.9542352826262473,0.8292191571087055,0.5172185777620779,4.0728518713281385
2018-03-27,30.134998321533203,30.63820085525513,31.83774326324463,30.613896263441585,31.29191593727167,14544700,0.9239845806694246,0.7839997153933393,0.5149893203747808,4.093618422535772
2018-03-28,30.574506759643555,30.64648151397705,31.791116943359373,30.610144882127486,31.263782244030377,17728000,1.142288281525607,0.9525193190346544,0.5153079147935257,4.153322419194795
2018-03-29,30.45984268188477,30.642022705078126,31.741433181762694,30.595830386866275,31.232255202376553,17305500,1.1585279722362993,0.9241440873362221,0.5175372944186531,4.137746145517651
2018-04-02,30.039445877075195,30.606989097595214,31.685507011413574,30.54284138593379,31.185478366088727,16511200,1.1088371118470735,0.894075316065956,0.5382385797852521,3.9547379220780816
2018-04-03,30.256017684936523,30.568452453613283,31.629326400756835,30.51552484298167,31.14902892761105,14841300,0.9983922180663564,0.8114900867999625,0.5350537832604868,3.983249924093932
2018-04-04,30.5299129486084,30.53787794113159,31.558877449035645,30.516895138755643,31.124749869610227,12376400,0.8358098080893861,0.688241165790359,0.5509780018104289,4.019308644695945
2018-04-05,30.72738075256348,30.51876916885376,31.495308074951172,30.53694138768972,31.1091667669805,13201300,0.902293308035156,0.7506425606763669,0.5484300716776067,4.045305576060335
2018-04-06,30.2432804107666,30.47004108428955,31.4094446182251,30.5089736756018,31.07521043928491,16071600,1.1021166831304816,0.9190866777723832,0.5579845799359118,3.9815730429227605
2018-04-09,30.26262664794922,30.422280311584473,31.323076286315917,30.485512053920605,31.0433444082513,13475300,0.9286972786501901,0.7751900079283346,0.5525323652710663,3.9841200039468982
2018-04-10,31.13336753845215,30.424744606018066,31.248644943237306,30.54721257625694,31.0468747270828,24309300,1.6099892410414036,1.3805939803233285,0.5998532795344882,4.098754342878029
2018-04-11,30.68833351135254,30.40973424911499,31.172829093933107,30.560652665313665,31.0328142872499,11695600,0.7775391467053677,0.6682926572832791,0.601125207184048,4.040164948426878
2018-04-12,30.791526794433597,30.406253719329833,31.102007102966308,30.5826406776108,31.02335203262943,8837900,0.5936580375477172,0.5088188199921656,0.600131887675678,4.053750498292691
2018-04-13,30.739925384521484,30.4052885055542,31.027987327575683,30.597620173507053,31.012237262115146,7302000,0.4941991496688419,0.42555066325759905,0.5952244901944272,4.046957095596542
2018-04-16,31.21076202392578,30.41926622390747,30.960454444885254,30.656014635451697,31.0200225468922,8885500,0.6402676506850155,0.5237939387394236,0.6031887056438181,4.108943442501063
2018-04-17,31.50745391845703,30.45604066848755,30.915671348571777,30.737104090976015,31.039137502640234,11575500,0.838347205599845,0.685599571943741,0.6111248070174943,4.148003373608893
2018-04-18,31.35910987854004,30.505143928527833,30.89951499938965,30.796342737410683,31.05168543895028,8347700,0.6099161700447188,0.5026940988047398,0.5947600887164246,4.128473659160275
2018-04-19,31.236557006835938,30.561177921295165,30.876703491210936,30.838267905927378,31.058935304357696,11174200,0.8160984851251295,0.6923926776478403,0.5914891749790814,4.112339390533248
2018-04-20,30.894716262817383,30.612858772277832,30.84476215362549,30.843643939916902,31.05249534194423,18224700,1.3120814634214824,1.1262542878705144,0.6130741841176439,4.06733554594791
2018-04-23,31.38490867614746,30.707839965820312,30.84772117614746,30.895192962415052,31.065531158972036,14211600,1.0296216548308523,0.8882391007957251,0.5993898214294825,4.131870109403052
2018-04-24,32.03633117675781,30.810550212860107,30.85300754547119,31.003872792352457,31.103601747905454,20920400,1.486142096478756,1.318734573558894,0.6271535257440266,4.217630854691125
2018-04-25,32.31367111206055,30.919483852386474,30.860910758972167,31.12861548946751,31.151055448461328,19893200,1.3868259482265217,1.2492746706188222,0.6230633124636794,4.254143071458927
2018-04-26,32.09437942504883,30.99547748565674,30.864810218811034,31.22059300714192,31.188048545582983,14121900,0.9970202847267794,0.8843429977598823,0.604537028884403,4.225272993290022
2018-04-27,33.26180648803711,31.135575675964354,30.899319572448732,31.414994291036702,31.269372386464756,25986200,1.7801034926367332,1.6103145598185178,0.6298340701645975,4.3789665100130915
2018-04-30,31.82994079589844,31.225100421905516,30.902261657714845,31.45451300578544,31.291355461344825,28938900,1.9014325348524346,1.7712559404208625,0.6654747120948468,4.190459252748907
2018-05-01,31.488094329833984,31.28670425415039,30.893143577575685,31.457711227123397,31.299070711089602,16101400,1.0535820966816358,0.9809065176240781,0.6848303331971675,4.145454654847678
2018-05-02,30.7979679107666,31.3001070022583,30.88589252471924,31.39487853032751,31.279419620880592,18515900,1.1877157100241476,1.1318807085675078,0.6942968744222359,4.05459848087955
2018-05-03,30.856014251708984,31.306538677215578,30.892032432556153,31.343558122840033,31.262815488756004,16114100,1.0240833497244544,0.9908436384162588,0.6890830639609454,4.062240368373151
2018-05-04,31.08175468444824,31.34846239089966,30.90383346557617,31.318624462040816,31.255715065057572,10669300,0.6898984353732259,0.6646532643344341,0.6836829426934165,4.0919594335501
2018-05-07,30.78506851196289,31.374584484100343,30.904350242614747,31.267809609652442,31.237258337485013,12892100,0.8352039761931138,0.8168426425554228,0.6852953803314092,4.0529002557581615
2018-05-08,30.327129364013672,31.334272575378417,30.885516662597656,31.178221014829703,31.201567005191613,16716900,1.110296388542964,1.0647636474255202,0.6514331279528266,3.9926118828697317
2018-05-09,29.91434097290039,31.29557294845581,30.871803817749022,31.05785148702691,31.15108755294435,23083300,1.4772711636999072,1.4705477631630248,0.6611080456539483,3.938267674564108
2018-05-10,30.443227767944336,31.27815799713135,30.87249050140381,30.99931589473333,31.12332834568916,15727500,0.9848081870418591,1.0102165637105416,0.6678803597120023,4.0078964111728235
2018-05-11,31.35910987854004,31.309117221832274,30.888692321777345,31.033581988429205,31.132574680310857,22872800,1.3656499581608195,1.4807376187423027,0.7130294670473326,4.128473659160275
2018-05-14,31.275257110595703,31.312341976165772,30.89939510345459,31.056598666730775,31.138170069733846,10362600,0.6159960671742801,0.6770662162736073,0.7072247828669452,4.117434317002711
2018-05-15,30.82376480102539,31.27815752029419,30.895335388183593,31.03442401285407,31.125840451353007,12655400,0.7498827511975968,0.8297921028319571,0.7117399314021725,4.05799468001703
2018-05-16,30.86892318725586,31.25364818572998,30.889885787963866,31.018662029463766,31.115765264525578,9798800,0.578132356602667,0.6456464133771126,0.7098049357738768,4.063939849021023
2018-05-17,30.862462997436523,31.23494348526001,30.884943923950196,31.003785931175457,31.105831842286705,8907500,0.5290832441133364,0.5930381087653529,0.7033551970470168,4.063089355381196
2018-05-18,30.791526794433597,31.22978401184082,30.876417617797852,30.98357077529528,31.0935061541355,11384400,0.6902267591706172,0.7636932690558389,0.6762658848544654,4.053750498292691
2018-05-21,31.236557006835938,31.222366428375246,30.876791915893556,31.007664702108677,31.099115991496344,8588800,0.52976178360371,0.5810991493657828,0.6743305921854035,4.112339390533248
2018-05-22,31.48165512084961,31.194632625579835,30.88474338531494,31.052806646750668,31.114117525980898,18539800,1.1520026047718526,1.2442371200606475,0.6524017628944405,4.144606923366116
2018-05-23,31.339750289916992,31.145936584472658,30.891767578125,31.080134612766507,31.12296586966473,14027800,0.8878202714257415,0.9399309367388247,0.6436944733216642,4.12592494039906
2018-05-24,31.37200927734375,31.109818077087404,30.90198501586914,31.107932199869104,31.132732277809072,13580400,0.8609796556753403,0.9079453441024871,0.6395021923621185,4.130171884281664
2018-05-25,31.29460906982422,31.01145820617676,30.91269260406494,31.12571094938864,31.139080387299906,7948000,0.53445280619664,0.532511473652474,0.5904831325570212,4.119982031342738
2018-05-29,31.088211059570312,30.974371719360352,30.91583267211914,31.122139531310705,31.137085511702654,13035300,0.9260587357084932,0.8898153404320328,0.5372721068510564,4.092809424979333
2018-05-30,31.346206665039062,30.967277336120606,30.92731750488281,31.14347925833245,31.14528634124531,10459100,0.7582360143801757,0.7164252918519818,0.5085705459674414,4.126774931828293
2018-05-31,30.746368408203125,30.96469736099243,30.934703979492188,31.105659177367755,31.129642500733755,27288300,1.9173082098083205,1.82781487294991,0.4992184186092386,4.047805329288699
2018-06-01,30.83666610717773,30.96372995376587,30.949119758605956,31.08004078973061,31.118153230398157,9967100,0.7157568332655907,0.6685937428517803,0.4956709895066503,4.059693156243715
2018-06-04,30.84310913085937,30.951797676086425,30.968759956359865,31.057475869838107,31.107367187278932,9012600,0.651085340899445,0.6088609720832995,0.48277139197347035,4.060541389935871
2018-06-05,30.939865112304688,30.959537506103516,30.9978515625,31.046274845311114,31.10079847845638,10378000,0.7565948710770505,0.706426012596138,0.4721291027349249,4.073279459425418
2018-06-06,31.22366142272949,31.004364109039308,31.02268226623535,31.063168805065246,31.10561663313378,12924800,0.9554735063611125,0.8828030581727381,0.4608417503948443,4.110641667622452
2018-06-07,31.61065101623535,31.089179611206056,31.052195320129396,31.115309968033827,31.125421903059433,19674300,1.4729949429741631,1.3344633435142774,0.4711614855103843,4.161589425685299
2018-06-08,31.720294952392575,31.153032970428466,31.075111083984375,31.172927585591804,31.14875025793535,15399300,1.154348248965256,1.0478097874781855,0.46664659889419724,4.176024213664454
2018-06-11,31.797691345214844,31.174962043762207,31.101868057250975,31.232428896032097,31.174198928024857,14143700,1.0960879740851532,0.9665341389777646,0.4263347439102221,4.186213564392786
2018-06-12,31.48165512084961,31.1852819442749,31.130712242126464,31.256164726967096,31.18625603362588,15597900,1.184749761973755,1.0672415767907748,0.43794434930207193,4.144606923366116
2018-06-13,30.57223129272461,31.172705268859865,31.137036514282226,31.191028209420192,31.162176632021808,30809400,2.189214798413872,2.062966084739539,0.45600349954493125,4.024879917913193
2018-06-14,30.84310913085937,31.17141456604004,31.143300437927245,31.157893059081065,31.14966418099578,17568400,1.2148188202737635,1.1682394006366121,0.46116335600299596,4.060541389935871
2018-06-15,30.997913360595703,31.178187084197997,31.14871109008789,31.142656897320556,31.143713168431052,31398000,2.014465295417056,2.0385280370646184,0.4630983518997205,4.080921598024315
2018-06-18,30.610918045043945,31.169156646728517,31.156063842773438,31.09201510186564,31.12281924202364,15330400,0.971288498102774,0.996291397167019,0.4747082541354192,4.029973086645579
2018-06-19,31.281707763671875,31.171414184570313,31.17644546508789,31.110081069656708,31.12905016444124,25070000,1.5095471178006736,1.6050593622273897,0.4927681485092542,4.1182835551160535
2018-06-20,31.017261505126957,31.14819450378418,31.174123344421385,31.101241111130065,31.12466629544851,11996800,0.7368824506402759,0.7803756038953732,0.48631815988144533,4.083468810153751
2018-06-21,31.36555290222168,31.149484634399414,31.18766773223877,31.126413662662596,31.13411282904749,14854600,0.9101068385756,0.9623167224767091,0.494703000567395,4.129321892852431
2018-06-22,32.09437942504883,31.185603141784668,31.213724784851074,31.21860087812795,31.171770342616288,31911000,1.8511632493829167,2.0072649265128804,0.5195347206469547,4.225272993290022
2018-06-25,31.991182327270508,31.220431804656982,31.238749923706056,31.29218006376058,31.20390414593616,19301900,1.0840082679786556,1.1960713234496754,0.5304994424093538,4.211686941213617
2018-06-26,31.797691345214844,31.25590581893921,31.250488510131834,31.340323995327655,31.22718991845696,13597000,0.7624145388645255,0.8376673702160796,0.53114426789446,4.186213564392786
2018-06-27,31.804141998291016,31.278802585601806,31.256422271728514,31.384497138467022,31.249815490215223,14144300,0.7849924438309971,0.8686354336292837,0.5375939456852104,4.187062802506129
2018-06-28,32.80387115478516,31.38167772293091,31.285317497253416,31.519675616211607,31.310758849610288,21605500,1.2182922875227313,1.3055856623242017,0.5588784880851879,4.318678639335257
2018-06-29,32.44912338256836,31.46230058670044,31.309568824768068,31.60819445110273,31.355400596000916,18023100,0.9937172803735999,1.0801660604513263,0.5714560125471714,4.271975565207343
2018-07-02,32.52006912231445,31.546148586273194,31.342075881958007,31.695039657884802,31.40107387154274,13141200,0.7163962345203855,0.7924109161821583,0.5814531804411018,4.348406218816939
2018-07-03,32.70066452026367,31.63418855667114,31.368390998840333,31.79081345430184,31.452038210708388,8441100,0.46261132532107974,0.5125631436186007,0.5933854616643665,4.3725544501315285
2018-07-05,33.07476043701172,31.726743507385255,31.38915958404541,31.91309411932183,31.51567437644592,11279600,0.620973746688229,0.693037685752053,0.5975778875402222,4.422576515112474
2018-07-06,33.203758239746094,31.80639886856079,31.40696132659912,32.03601451174319,31.581873743634304,10203800,0.5767840437288203,0.6344934144834231,0.5659736986414756,4.439825397503039
2018-07-09,33.10588455200195,31.87567834854126,31.427191429138183,32.137906896529735,31.64163887337434,10491200,0.6013718767277074,0.6553235166396905,0.5551697409301447,4.426738261960848
2018-07-10,33.49736022949219,31.960661792755126,31.431902503967287,32.26737864252616,31.714412259888913,9614600,0.558371890569656,0.6131072022528083,0.5573588988217624,4.479084253727084
2018-07-11,33.49736022949219,32.061447048187254,31.465250892639162,32.384519746046735,31.784331788108783,14348100,0.8363069390609973,0.9323035873294926,0.5453284999078871,4.479084253727084
2018-07-12,33.432125091552734,32.204441738128665,31.504131507873534,32.48429168371398,31.848951133342002,10583900,0.65554366693558,0.6926820175981115,0.5194387041048353,4.470361366994145
2018-07-13,33.54304122924805,32.339438343048094,31.559032974243163,32.58512497376484,31.915386039063925,11175100,0.7061424682602069,0.7384698301924472,0.5173756986625268,4.485192467786318
2018-07-16,33.66047668457031,32.472566509246825,31.61512222290039,32.68753942241298,31.983820966338804,9633400,0.6536733587427302,0.6420912282235933,0.5224335926793149,4.500895296163227
2018-07-17,33.55609130859375,32.619825172424314,31.6646089553833,32.77025864966829,32.045478626819495,10636100,0.7333918744998746,0.7089551741376438,0.509405674517304,4.48693745319731
2018-07-18,33.36686706542969,32.72408313751221,31.716244926452635,32.827078498788424,32.09729778127488,11734900,0.8481511087854314,0.7834048406353384,0.4867365441621933,4.46163541977817
2018-07-19,33.1124153137207,32.828840827941896,31.77195064544678,32.854253433543875,32.137106311959094,9524200,0.694577030869523,0.6419870389286456,0.47694088805293333,4.427611519787103
2018-07-20,33.027587890625,32.91194257736206,31.83421558380127,32.870761477075405,32.172027158181336,12026500,0.8862025705880078,0.8229231428855689,0.4684730207476358,4.416268859575398
2018-07-23,33.1124153137207,32.962844371795654,31.887599334716796,32.89377612818448,32.208905125065286,11703200,0.9317511694459627,0.8052357663610819,0.44971161993872766,4.427611519787103
2018-07-24,33.6082763671875,33.0436990737915,31.932582664489747,32.96182376999429,32.26378242867799,23265200,1.8234916056620631,1.5998923924309407,0.48489869849457834,4.493915354519256
2018-07-25,33.216800689697266,33.114654541015625,31.97141353607178,32.98610728615648,32.30115569381605,15702800,1.2206882987960874,1.0719708978346771,0.5034217720523954,4.44156936275302
2018-07-26,33.39296340942383,33.194095611572266,32.02279750823975,33.02485548837242,32.34397168266347,11162000,0.8778763289165558,0.763544466170096,0.5030383845538801,4.4651248805196495
2018-07-27,33.93452072143555,33.25062808990479,32.084109458923336,33.11149027247367,32.40634615477226,14073700,1.1406620990040268,0.9571235681434958,0.48607311857647983,4.53753896963306
2018-07-30,34.24769592285156,33.34055671691895,32.15181411743164,33.21970033441442,32.478555949598984,16725000,1.3627164050685718,1.1254659328023153,0.4932149029236509,4.57941504893334
2018-07-31,33.6931037902832,33.39920845031738,32.20984565734863,33.2647863778305,32.52618527668469,16924200,1.3580176578725016,1.1304423100506649,0.507845685920217,4.505258014730962
2018-08-01,33.7518310546875,33.45176677703857,32.260151138305666,33.31117158515021,32.57424981699858,12789400,1.0086400898433696,0.849493733776499,0.5039000309144545,4.513110704120681
2018-08-02,33.91493606567383,33.49377555847168,32.30881675720215,33.3686729642477,32.626825748319234,12337500,0.9689587629999513,0.8262858212902663,0.49766702006183794,4.534920216315306
2018-08-03,34.10414505004883,33.538794898986815,32.364104652404784,33.438717924800194,32.6847598385832,7769900,0.6161186483752933,0.524776382948776,0.5027212949770664,4.560220209412422
2018-08-06,34.241172790527344,33.59555931091309,32.421487922668454,33.51514219772659,32.74579564062028,10768400,0.8529489924874682,0.7300671544628579,0.5200116090002773,4.578542811268097
2018-08-07,34.228118896484375,33.632097244262695,32.48015811920166,33.583044740465425,32.80392596437971,7106900,0.5685738332351963,0.48237792381674566,0.5144657495317769,4.576797315776599
2018-08-08,34.38471221923828,33.67646484375,32.54608814239502,33.65939402415808,32.86591758221736,9457300,0.7717107657458437,0.6450434041714985,0.5102248429839772,4.597736120547498
2018-08-09,34.58696746826172,33.734206962585446,32.610903358459474,33.74773435216795,32.93340973461131,10768100,0.8780115115633401,0.7341382144162735,0.5098985355702048,4.6247805889751
2018-08-10,34.23464584350586,33.76878719329834,32.680668907165526,33.794106875152515,32.98443860162682,7979600,0.6592305369569699,0.5587368273640724,0.5170752431032511,4.577670063522348
2018-08-13,34.071533203125,33.789340019226074,32.74536624908447,33.82052843019751,33.02706976246992,9919400,0.8185191251712743,0.6946092957510168,0.516748945683117,4.555859531166711
2018-08-14,34.49563217163086,33.83631706237793,32.8184167098999,33.88482402461974,33.08466044518216,11454400,0.9420023471108907,0.7993645504041975,0.5232734869686635,4.612567731420176
2018-08-15,34.73704528808594,33.90482597351074,32.894360313415525,33.96598795447366,33.14945985078627,16473300,1.3288616590906341,1.139919154610994,0.5330603875329217,4.644848176241768
2018-08-16,35.40907287597656,34.01965885162353,32.97806854248047,34.103424613664416,33.23807212628399,16265400,1.27735968040485,1.1203532142635744,0.5552443420101391,4.734708038821057
2018-08-17,35.74835968017578,34.155697441101076,33.06082271575928,34.26008509618931,33.33651477545628,19102700,1.4596230578677845,1.3168220297038575,0.5705771039785443,4.78007561918484
2018-08-20,35.657020568847656,34.282927703857425,33.13955722808838,34.393126569775816,33.42751500264816,10747400,0.8242105029053739,0.7456414518757593,0.5761230943775256,4.767862251549411
2018-08-21,35.82666015625,34.393846893310545,33.22013660430908,34.529653578011455,33.521599126318876,11961200,0.9588574387767618,0.8323741577928432,0.5363229281114184,4.790545531650796
2018-08-22,35.324256896972656,34.499219703674314,33.29698863983154,34.60533008457919,33.59229158791319,13911400,1.1232585592408797,0.9703653326358008,0.5307770741432438,4.72336690885087
2018-08-23,35.41560363769531,34.60035171508789,33.393856086730956,34.682498994399765,33.66379402123802,8354400,0.6822992891490697,0.6015921193333406,0.5242525476588114,4.735581296647312
2018-08-24,35.7418327331543,34.69071731567383,33.491830558776854,34.7833879219002,33.74528573543086,8499900,0.7103500897140933,0.6201690089874491,0.5050041465092171,4.779202871439091
2018-08-27,35.787506103515625,34.76770782470703,33.58762241363525,34.87901822491119,33.82537280868913,9539600,0.821917336117975,0.7189599032664457,0.4860831309305819,4.785310065337312
2018-08-28,35.657020568847656,34.86590366363525,33.68854446411133,34.953113686238474,33.897202132616954,11864600,1.0450132733931443,0.8988812736679289,0.4619422577686979,4.767862251549411
2018-08-29,35.60481643676758,34.95855293273926,33.77500663757324,35.01518061486029,33.964167399446424,9801900,0.8748443101293135,0.7601946775902529,0.4554176160547037,4.760881799824934
2018-08-30,35.722259521484375,35.048919105529784,33.86910659790039,35.082521463110204,34.033112188545985,9696500,0.8757586061922226,0.7547131335107108,0.4547651426536817,4.776585648362856
2018-08-31,35.47431945800781,35.117427825927734,33.95128192901611,35.11983555786236,34.08963012068177,14605400,1.279616327124232,1.1372314634401584,0.45900625901545383,4.743432455795514
2018-09-04,34.70441436767578,35.14058990478516,34.00348262786865,35.08027163498745,34.113739306838404,19898600,1.6763209327402615,1.5789161303264,0.4776012953830001,4.640484947593528
2018-09-05,35.11545944213867,35.18495693206787,34.065968170166016,35.08362285471614,34.15302244939922,15301200,1.2460143899303875,1.2218788275546724,0.49587024925181034,4.695447652355494
2018-09-06,35.4221305847168,35.2368278503418,34.138456954956055,35.115861686144775,34.20279139588228,10521900,0.8531262200157378,0.8443742887912702,0.5056571475844596,4.736454044393062
2018-09-07,35.232906341552734,35.269124794006345,34.20703224182129,35.12700879618363,34.24318806041839,11746500,0.9486551935368852,0.9462892154366987,0.5023947674419734,4.7111520109739216
2018-09-10,35.31120681762695,35.322952842712404,34.257178955078125,35.144551464892515,34.28507114893639,10781900,0.8610104468958776,0.8839976413392681,0.5007639194910809,4.721621923439877
2018-09-11,35.70268249511719,35.40451030731201,34.3222501373291,35.19770680110439,34.34066375074742,12298800,0.9729024194409616,1.0179216382092564,0.5095721596356224,4.773967915206113
2018-09-12,35.86579895019531,35.473018646240234,34.389164733886716,35.261334624827334,34.400472974255194,13130800,1.0318761949742126,1.0868016028395162,0.5141393381052932,4.7957789576422565
2018-09-13,35.84621810913086,35.52847728729248,34.452075805664066,35.317037813808625,34.457168861897394,12559900,1.0024262739933756,1.0325100206059732,0.5108770739183324,4.793160714405008
2018-09-14,35.59176254272461,35.53761177062988,34.50241584777832,35.343202073705385,34.501662731733774,13454700,1.0860229244331547,1.1021273374958716,0.49750174848733086,4.759136304333436
2018-09-17,35.68963623046875,35.53467559814453,34.55213340759278,35.37619580292094,34.54824992776261,11013700,0.91899421878983,0.9009799794406704,0.48053773665452937,4.772223439875627
2018-09-18,35.48737335205078,35.52619323730469,34.59976318359375,35.38678414093331,34.585078297342555,13891100,1.1440819654578849,1.1300806076602496,0.4687934074131427,4.745177951287013
2018-09-19,34.906673431396484,35.48019390106201,34.627949447631835,35.34105931145361,34.597689871227026,17471000,1.4070011008931973,1.4033765862388607,0.4926083411587083,4.667529926101636
2018-09-20,35.200279235839844,35.47399501800537,34.66200782775879,35.32765168520468,34.62132082670204,14473400,1.1629620523105528,1.1623572110172966,0.48477886630639483,4.706789292406187
2018-09-21,35.50694274902344,35.47856197357178,34.703504180908205,35.344727024615985,34.656051098165634,48954100,3.38191156990109,3.703265787488927,0.496523607015148,4.747794664282742
2018-09-24,34.93278121948242,35.438109397888184,34.73129898071289,35.30549409079374,34.666903259785904,14029600,0.9510458413097826,1.0567433900812429,0.5079417548250447,4.6710209170846335
2018-09-25,34.61307907104492,35.37938804626465,34.75035102844238,35.23954980319861,34.66479250728626,13604900,0.9097209800719156,1.018659462745841,0.5187074295212308,4.628272090038603
2018-09-26,34.67179870605469,35.330126953125,34.7726651763916,35.18547827013728,34.665067260179136,13308300,0.8856134971162312,0.9924802004365084,0.5216434097636242,4.636123759267312
2018-09-27,34.96540069580078,35.29815616607666,34.80463584899903,35.164518501152855,34.67684504196822,13348100,0.8779034129324701,0.9930589065214794,0.5304513459991685,4.6753826154913565
2018-09-28,34.83490753173828,35.25378856658936,34.83908569335937,35.13312698025623,34.68304357097881,12634500,0.8230183266433985,0.9356391079003797,0.5226218985932587,4.657933781542442
2018-10-01,35.128517150878906,35.23649845123291,34.88110427856445,35.13268794888696,34.700513123131756,10682000,0.7048382573695584,0.7926264518190413,0.5167496103957934,4.508402907949615
2018-10-02,35.50694274902344,35.276624870300296,34.92899482727051,35.16833126318568,34.732137814343204,12482900,0.8443254456620514,0.9251864099159314,0.49423971290637747,4.556970146349961
2018-10-03,35.4221305847168,35.2919584274292,34.965271911621095,35.192502627141025,34.75919635435786,14939100,1.0116982113398292,1.1210670800206457,0.48543148233106737,4.546085331413217
2018-10-04,35.89842224121094,35.315773010253906,35.01890434265137,35.25973306657625,34.8038718793325,15788400,1.0504810979072416,1.1846484613991313,0.4952183738622889,4.607212724862461
2018-10-05,35.84621810913086,35.346438598632815,35.067969436645505,35.31558878491479,34.844748202069695,14044900,0.9273863530940556,1.0492892275592456,0.5001118823199086,4.600512833151521
2018-10-08,35.89842224121094,35.375799369812015,35.10724746704101,35.37109673313347,34.88606875262426,16703700,1.0817971600371616,1.2430423651091744,0.5023954865058418,4.607212724862461
2018-10-09,36.27642822265625,35.404486656188965,35.14782211303711,35.45731877975469,34.94059265340984,16962400,1.0822084519622621,1.2618482389888075,0.5112788213637185,4.655726109547922
2018-10-10,35.841033935546875,35.403248405456544,35.19078071594238,35.49386308030632,34.97590407623874,22025500,1.366463981695692,1.6261546173990533,0.5363282659134103,4.599847494983076
2018-10-11,35.18133544921875,35.37000427246094,35.21937080383301,35.464098544012266,34.983960208512464,26336200,1.566938421560709,1.9062838705549274,0.5864277166835393,4.515181621915978
2018-10-12,35.44520950317383,35.3626766204834,35.249976272583005,35.46229958774194,35.002048416146245,18866600,1.1047299394192067,1.352827697136852,0.5952964606379243,4.549047285731901
2018-10-15,35.35945129394531,35.346167373657224,35.275082397460935,35.45250451214226,35.01606421527562,13022000,0.7580434422576912,0.9267608420414359,0.5974888626396464,4.538041055147052
2018-10-16,35.425418853759766,35.34306964874268,35.29876731872559,35.449924925629645,35.03211733835343,15981200,0.924680638826496,1.1289868859440102,0.5983365452204346,4.546507348706226
2018-10-17,35.59694290161133,35.37758312225342,35.32614379882813,35.4639266376279,35.054267360441976,14528100,0.8478217672421968,1.0156832779050557,0.5829847731410833,4.568520789034376
2018-10-18,36.0521354675293,35.42017593383789,35.359492263793946,35.51994652618993,35.09339944307286,16865100,0.9773821266179012,1.1669794046828084,0.5855937387940073,4.626940319783349
2018-10-19,36.21705627441406,35.45568161010742,35.39209403991699,35.586337930782705,35.13746441685095,19103300,1.2119199332100052,1.3067777213049376,0.5898623244373145,4.648106298470898
2018-10-22,36.26983642578125,35.52253437042236,35.4327978515625,35.65143302554447,35.1818711622992,21737500,1.3461223471171926,1.4595011020702053,0.580313898409667,4.654880116644999
2018-10-23,37.74093627929688,35.67892723083496,35.506185913085936,35.85043333542565,35.282226657083434,29328700,1.731898189634428,1.9191696046597122,0.6383038197449725,4.843681449447861
2018-10-24,37.87947845458984,35.83931121826172,35.573862838745114,36.043675727727,35.38407966875036,37435600,2.06361464963764,2.369102162958455,0.6876424529955223,4.861461987786035
2018-10-25,37.22637939453125,35.95236015319824,35.623649520874025,36.156314172184544,35.4563267168202,25270000,1.3486766877205043,1.5815959561213835,0.7119854946621136,4.777643086780315
2018-10-26,36.61945724487305,36.04158763885498,35.647857208251956,36.200423036250115,35.50193967870463,24973300,1.2903547489966454,1.546172567700346,0.7487140342629253,4.699750542308092
2018-10-29,37.25936126708984,36.148129844665526,35.67807723999024,36.30127429633009,35.570858172366805,22103700,1.109350054780674,1.363440377356861,0.7855186960478644,4.781875988770287
2018-10-30,38.38084030151367,36.29182472229004,35.73255363464355,36.499328201585676,35.68105354998042,25231200,1.227059683182714,1.5290351974070542,0.8346396634034526,4.925806895910057
2018-10-31,37.66177368164063,36.40380687713623,35.76925590515137,36.61003729492425,35.75872884926122,24214400,1.151635896165193,1.445942274332769,0.8599971948238139,4.833521701345162
2018-11-01,36.97568893432617,36.45767021179199,35.80228454589844,36.64486126058157,35.80645277416573,22533200,1.0547606576315585,1.3318370961303245,0.8821537941634908,4.745469408770239
2018-11-02,37.35831069946289,36.5332748413086,35.84113868713379,36.71280882618932,35.8673099477068,14734400,0.6885939936362632,0.8643658288282993,0.8988847868021562,4.794575184319436
2018-11-05,37.74093627929688,36.62540054321289,35.88112075805664,36.81072572648527,35.9407854901221,12733800,0.6006704935207797,0.743312013124152,0.905096880984144,4.843681449447861
2018-11-06,37.74093627929688,36.69862594604492,35.92018936157226,36.89931720770542,36.0113796387172,12371200,0.589954577427008,0.7197665134028819,0.8915730845272325,4.843681449447861
2018-11-07,38.031211853027344,36.80813484191894,35.96767318725586,37.00711669773608,36.090588745160744,14891300,0.7224213410540125,0.8633473501492608,0.8628764206152951,4.880935491088512
2018-11-08,38.44021224975586,36.9710786819458,36.02438110351562,37.14360198840463,36.18273084338016,12482400,0.626615496213671,0.7214451096235451,0.8124095814198625,4.933426706987081
2018-11-09,38.5655517578125,37.127095794677736,36.08124694824219,37.27902577596729,36.27617480080889,17365500,0.8750436816383934,0.994854290840844,0.8186767319097055,4.94951281162328
2018-11-12,38.73707580566406,37.29597702026367,36.146502075195315,37.41788768355746,36.37268072256792,13236800,0.6666386315294065,0.7595156928400292,0.8282424329038516,4.97152625195143
2018-11-13,38.69749069213867,37.45958061218262,36.22636360168457,37.539754636755674,36.46384974098247,13047900,0.6620150720190447,0.7546093230128574,0.8374780724769973,4.9664458883208535
2018-11-14,38.88219833374024,37.623843383789065,36.3016983795166,37.66760641742087,36.558686940698465,18288700,0.9191502407349704,1.0540621914386776,0.8394570604758915,4.9901513144548515
2018-11-15,38.97456741333008,37.7699649810791,36.37274711608887,37.79207889322175,36.65342735138991,17147100,0.8611656580368129,0.980776503690288,0.8308810013410135,5.002005985838754
2018-11-16,39.720008850097656,37.94511260986328,36.462489166259765,37.975691270067074,36.773685449378455,19471000,0.9769750302121663,1.1039435009529033,0.8473732766839411,5.097676131173796
2018-11-19,39.990482330322266,38.13114490509033,36.556074676513674,38.16757613294852,36.899834346670374,18405700,0.9313072541800342,1.0346003750164277,0.8632058439927718,5.1323887670510935
2018-11-20,39.22523498535156,38.205359840393065,36.62652572631836,38.26830554746309,36.99102652857945,22028900,1.1356095287706838,1.2248651024234078,0.8605676984810394,5.034176726373473
2018-11-21,39.02734756469727,38.262753295898435,36.6897566986084,38.340595263390156,37.07088225548603,18482200,1.0017107812278547,1.0215797402843192,0.8275831332340996,5.008779804012856
2018-11-23,38.68430709838867,38.33564968109131,36.746518478393554,38.373329723866206,37.13415381795281,7009100,0.39966152703991825,0.38981093577315495,0.8081221474467679,4.964753902515008
2018-11-26,39.03392791748047,38.45637321472168,36.81536178588867,38.436243837543756,37.20865476303233,12308900,0.7281489934259603,0.6854327566570879,0.8005355889586273,5.0096243281781
2018-11-27,40.01028060913086,38.59391918182373,36.901774673461915,38.58615210150443,37.31852244327149,14115000,0.8551987632789829,0.7833016405549471,0.7969075034405222,5.134929683235221
2018-11-28,39.62106323242188,38.65593032836914,36.984448471069335,38.68471506635371,37.40881816049308,18663000,1.1537088466156977,1.0302332015626998,0.7563363399766363,5.084977425203875
2018-11-29,39.21864700317383,38.7337739944458,37.07068794250488,38.73556572700325,37.47979184059821,14763700,0.9401241340576503,0.8174276638778109,0.7312683361531199,5.0333312230497755
2018-11-30,39.77938079833984,38.873958587646484,37.16226997375488,38.83497668617816,37.56997179972534,31142800,1.9302028514106755,1.6930442144899596,0.7045506650411941,5.1052959422508195
2018-12-03,38.36764144897461,38.92442512512207,37.21948394775391,38.79046856834925,37.601252962440995,27800800,1.6560130904663448,1.5469388963364867,0.7523782088548604,4.924112951787305
2018-12-04,38.32146453857422,38.953451538085936,37.28725761413574,38.745801517894485,37.62949655366191,21727400,1.260475000101523,1.1987234743108144,0.7688704893777729,4.918186595253806
2018-12-06,38.31486511230469,38.982147979736325,37.36129333496094,38.70475995545736,37.65637375204006,26880400,1.4964373852149955,1.4616095583492714,0.7945985284380985,4.91733962319243
2018-12-07,38.05099868774414,38.98313732147217,37.42887733459472,38.64249697757992,37.67184923971473,16948100,0.9381332763563358,0.917911926252917,0.806143200998753,4.8834749385349605
2018-12-10,38.44021224975586,38.98313732147217,37.49837356567383,38.623231765406196,37.70198112246145,16603400,0.9086888990806609,0.8960831913026489,0.8295627128910631,4.933426706987081
2018-12-11,38.82283782958984,38.996001625061034,37.57813217163086,38.64224186675702,37.745936287446874,14991400,0.8258307183092268,0.807030663978323,0.8252749847726047,4.9825329721155045
2018-12-12,37.76733016967773,38.947514343261716,37.630908432006834,38.55891694322566,37.746775263220634,18892200,1.0247514561953495,1.008110798378801,0.8477043564858434,4.8470688481141355
2018-12-13,37.66177368164063,38.895728492736815,37.67400505065918,38.47347472783661,37.743441867864554,15454700,0.8328579762316959,0.8220743399420776,0.8434163267558542,4.833521701345162
2018-12-14,37.65517425537109,38.83437728881836,37.71866592407227,38.395541349506566,37.739980392864815,13960900,0.7612336752211784,0.7433889770615387,0.838138801830987,4.832674729283784
2018-12-17,36.90973281860352,38.731135559082034,37.73889213562012,38.25403577513485,37.70742166446241,18902500,1.0257708475952247,1.003191957523783,0.8757413158398645,4.737004583948744
2018-12-18,36.71181869506836,38.580726051330565,37.75620414733887,38.10715795798566,37.66837841076068,18895800,1.0270101193852115,0.9976992903778129,0.8724427845011142,4.711604234533542
2018-12-19,36.850364685058594,38.42372016906738,37.77524299621582,37.987463360564035,37.6362994411253,20968400,1.1317764686959235,1.1021690365371948,0.881678436298898,4.729385262450945
2018-12-20,36.32920455932617,38.27891864776611,37.77629852294922,37.82953395092233,37.58504081830965,26897000,1.432948764769609,1.3991830772560052,0.8599085288025676,4.662499438142797
2018-12-21,36.230247497558594,38.13906364440918,37.78408279418945,37.67722095536388,37.531911668476276,55406300,2.6874618935527166,2.785499313859712,0.9017988119287164,4.649799263435197
2018-12-24,34.99662780761719,37.95467967987061,37.78038864135742,37.421926369864195,37.432488771972,15077200,0.7172789527304835,0.7666712295805367,0.9423699098952618,4.491476195781981
2018-12-26,35.91359329223633,37.798662948608396,37.789756317138675,37.2782756005663,37.372924243354916,17970500,0.8435636639311461,0.9146282188088136,0.9710665768766745,4.6091597814451735
2018-12-27,36.38197708129883,37.6172477722168,37.81020683288574,37.19291383682654,37.33406357033311,17531000,0.8163873544015694,0.8881827965411383,0.9806316388017653,4.669272277158446
2018-12-28,36.46113967895508,37.45925159454346,37.83092124938965,37.1232210598864,37.2998312608673,14771600,0.6941768069962811,0.7493001624947968,0.9763436086003818,4.679432025261145
2018-12-31,37.08784866333008,37.35271167755127,37.860739364624024,37.119852260214365,37.29151821782663,15331800,0.7195423628348612,0.7770831086324862,0.9882177428977158,9.869074618552286
2019-01-02,36.95590591430664,37.21153793334961,37.87881477355957,37.10423832250887,37.27835695102192,13969700,0.6831464828081297,0.7101301401157013,0.9888779141379619,9.833964659834818
2019-01-03,37.08784866333008,37.147548294067384,37.89623062133789,37.10267740258708,37.2708860377791,19245400,0.9612469928878191,0.978171647385726,0.9347834322923727,9.869074618552286
2019-01-04,37.180206298828125,37.090485382080075,37.914438018798826,37.11006110699098,37.26732996958494,17035800,0.8609720516882422,0.8700241399294698,0.9182910314325703,9.893650980600066
2019-01-07,37.41769409179688,37.04562683105469,37.90797317504883,37.1393594864963,37.27322660182855,16349000,0.8488517863452151,0.8461671356323781,0.899159859425015,9.95684647007372
2019-01-08,38.51278305053711,37.068716049194336,37.920639266967775,37.27016173069067,37.32183665864065,21424600,1.099601928971318,1.1275498760014067,0.9281862581639171,10.248249585575692
2019-01-09,38.02818298339844,37.04811458587646,37.93667533874512,37.34235423094855,37.3495365145135,18136000,0.927170397211945,0.9616964206079198,0.9096052035591423,10.119297532676606
2019-01-10,38.39480209350586,37.026712799072264,37.972182235717774,37.44258736071591,37.39052732153281,14259900,0.7303774351740664,0.7648489273320842,0.8999952938386084,10.216854858988036
2019-01-11,38.67475509643555,37.07208404541016,38.00049011230469,37.559936668879686,37.4408891950584,15801500,0.8157937125828881,0.8533035101465977,0.8745564125274811,10.291350338644493
2019-01-14,38.68141555786133,37.123066139221194,38.00650161743164,37.666744182116034,37.48953728771734,11342300,0.5918588426339996,0.6218280317618419,0.8674616908045365,10.293122687086747
2019-01-15,38.72808074951172,37.17671146392822,38.027827758789066,37.767823855201335,37.53810761955241,10058000,0.5302415055526956,0.5601119644771624,0.8663866985952413,10.305540292180734
2019-01-16,38.04817199707031,37.23363342285156,38.04927742004394,37.79452367823647,37.558110144160956,13411700,0.7174266850502897,0.7545390092228873,0.844335884381589,10.124616608184862
2019-01-17,37.881534576416016,37.29211921691895,38.05974189758301,37.80281043044405,37.57079345522978,15223900,0.8224431649359447,0.8560214623038824,0.838478652740849,10.080274399133886
2019-01-18,38.05484008789063,37.352342987060545,38.066019973754884,37.826813254962765,37.58977567611844,16802500,0.918054767478487,0.9404810001288492,0.8129708808793659,10.12639098680861
2019-01-22,37.98817825317383,37.43529167175293,38.07096481323242,37.842181350030486,37.6053993065912,18284800,1.023116188046168,1.0167186291469201,0.7882433346565687,10.108652276024875
2019-01-23,38.50144577026367,37.548851585388185,38.08036949157715,37.90496843767174,37.64053838359796,15109000,0.9528398208719157,0.8399262550418367,0.7440378113705058,10.245232735879025
2019-01-24,38.04150772094727,37.70109558105469,38.072395401000975,37.917972178936076,37.65626267133715,12494100,0.7944032343028887,0.6945519964235362,0.7167644558707437,10.122843244651863
2019-01-25,37.59489440917969,37.78516063690186,38.05298225402832,37.8872028675307,37.65385607282117,17800300,1.1323961958490745,0.9890476487344237,0.689814192344895,10.003999465399954
2019-01-28,36.70835876464844,37.801479721069335,38.01240791320801,37.77493200058954,37.616777747010474,25955700,1.6081219896929317,1.4220904993876766,0.6831078707141771,9.768092376064358
2019-01-29,35.51519012451172,37.75418224334717,37.94876190185547,37.55971848858213,37.53436254612817,33789200,1.9769870682442372,1.810140433580416,0.7214330023860984,9.450590262395828
2019-01-30,35.995113372802734,37.6995454788208,37.89102020263672,37.41070847755552,37.473999833448744,27260000,1.541186600609351,1.4464574103721715,0.7411630919949281,9.578297814040502
2019-01-31,36.70169448852539,37.68683490753174,37.84556274414062,37.34318333574313,37.443713349334104,28585400,1.5519977109915029,1.4985942192871122,0.7654831533254605,9.766319012531358
2019-02-01,36.361724853515625,37.65052871704101,37.77839706420898,37.24971109934051,37.40128242792945,13778000,0.7593240814248046,0.7266513544943687,0.7611507250481211,9.675853110170438
2019-02-04,36.021785736083984,37.59260768890381,37.69902313232422,37.13276582664941,37.34718451844532,15818900,0.8747340225522333,0.8365709965522629,0.764140684044671,9.585395328535487
2019-02-05,36.08844375610352,37.52614517211914,37.63628730773926,37.03330658183552,37.297822135608385,14124600,0.7858779437178616,0.7532666834763221,0.758784745520017,9.603133024228475
2019-02-06,35.85513687133789,37.39326286315918,37.57284309387207,36.921099942740504,37.2412462428919,11391400,0.6520041942928312,0.6121343980905903,0.7168019965424595,9.541050074212272
2019-02-07,35.708492279052734,37.27727832794189,37.51332679748535,36.80561349857976,37.18113824430997,12436200,0.7236083012294044,0.6644030880890512,0.7115692562634471,9.502027955760298
2019-02-08,35.9617919921875,37.15562782287598,37.45188407897949,36.72524954559002,37.13332074422674,12011700,0.7035099063134739,0.6419280554470388,0.7059032857312595,9.5694309963755
2019-02-11,36.02845001220703,37.02331256866455,37.372247467041014,36.65888768526783,37.089992480225966,9802800,0.5844035644396619,0.5263060123595044,0.6949047180100554,9.587168692068486
2019-02-12,36.27507781982422,36.9029956817627,37.30532775878906,36.62233436474939,37.058035042563155,11227600,0.6695733434953713,0.6076541387386387,0.7032366877174144,9.652796338969196
2019-02-13,36.315067291259766,36.7823450088501,37.247256164550784,36.59307083394086,37.028899052315964,11884800,0.7049265019457722,0.6452334443396032,0.6959044314943785,9.663437535257945
2019-02-14,36.01511764526367,36.68069229125977,37.17197090148926,36.538027673114456,36.98914291870607,11190100,0.6681235091993039,0.6209710079606773,0.6782400428461862,9.58362094991174
2019-02-15,36.768341064453125,36.625032615661624,37.139984893798825,36.55996228181338,36.98048402246086,15719400,0.9371666023283994,0.8841704831253672,0.6772396638153048,9.784053662952108
2019-02-19,36.95497894287109,36.57003955841064,37.11265518188477,36.597582916199826,36.97948382326126,12272700,0.7416947108011894,0.6977246332549613,0.6839056052168864,9.833717992783575
2019-02-20,37.16829299926758,36.529045295715335,37.08972373962402,36.65193625744437,36.98688810467328,11379000,0.7023404249409547,0.6585231026502039,0.6732403997532458,9.890480852200776
2019-02-21,37.428260803222656,36.47538604736328,37.07726898193359,36.72587192847087,37.00419683794972,14680500,0.9073171274378682,0.8518225131575405,0.6839057382904141,9.959658271439723
2019-02-22,37.94152069091797,36.47038669586182,37.067295150756834,36.84164800108488,37.04095463610534,12534300,0.7745766472028095,0.7307418793923479,0.674573564163721,10.096236701112382
2019-02-25,37.84820175170898,36.48305206298828,37.047802429199216,36.93751026304908,37.072611385736856,15051200,0.938080702787685,0.8774144023698677,0.6572425761800975,10.071404536196646
2019-02-26,37.75488662719727,36.53537845611572,37.04755355834961,37.015355631063194,37.099367277558834,12005600,0.7822680012015244,0.7055350321039126,0.6249141901787116,10.04657338637166
2019-02-27,37.80821228027344,36.65002956390381,37.05048233032227,37.090865788130834,37.127165120802545,8962800,0.6353959527430109,0.5307681866924451,0.5675888917890344,10.060763339907899
2019-02-28,37.94152069091797,36.74734992980957,37.0562092590332,37.17188054077723,37.15910063335609,15743000,1.1635624538063563,0.9303213369963911,0.5392593329069193,10.096236701112382
2019-03-01,37.96818923950195,36.8106746673584,37.07737838745117,37.2477194644653,37.19082959830299,10942700,0.8651815938895616,0.6527922293224198,0.5105966577124953,10.10333320051662
2019-03-04,37.48825073242188,36.86700096130371,37.09290702819824,37.27062720427069,37.20249317219,13674400,1.0816056873994726,0.8208669143162229,0.5392594656827455,9.975621588508966
2019-03-05,37.381591796875,36.93499126434326,37.10353157043457,37.2811952607092,37.20951664766785,15749500,1.246082134056585,0.9513952669633423,0.5295945414209904,9.947239651254991
2019-03-06,37.11497497558594,36.986317825317386,37.11924697875977,37.265364757364125,37.205809131115615,13935500,1.1033859709131448,0.8552073847990761,0.5375933891754041,9.876292928846027
2019-03-07,37.52823257446289,37.069972610473634,37.14520668029785,37.290399787564006,37.21845318771747,12644200,0.9962024518609561,0.8189441771813791,0.5385923910735915,9.98626075461622
2019-03-08,37.68155670166016,37.168625831604004,37.19890525817871,37.327652827001735,37.23661410983287,10617300,0.8425455631909172,0.6916610457629938,0.5355929425261514,10.027060296964182
2019-03-11,38.38145065307617,37.289608764648435,37.24826240539551,37.42801452472311,37.281509660548295,13627400,1.0745262666532096,0.892805198467253,0.5499236827127809,10.21330204137756
2019-03-12,38.28147888183594,37.40226020812988,37.28625244140625,37.50929684444814,37.32072413981447,12813000,0.9984609690050846,0.844671207793468,0.5579226546990668,10.186699558201063
2019-03-13,38.43478775024414,37.51024570465088,37.325725402832035,37.59743883547633,37.36441290885093,14168300,1.0915666168584457,0.9347601626954936,0.5472576801141169,10.227495040186037
2019-03-14,38.62809371948242,37.62589702606201,37.356530303955076,37.695596443476916,37.41396901907177,12148300,0.9349909489446593,0.8048707123870704,0.5502572810109182,10.278933748641252
2019-03-15,38.92139434814453,37.77121086120606,37.395840072631835,37.8123391010643,37.473083737858936,23715300,1.7413111764109839,1.551196489467303,0.5505905149916043,10.35698103081744
2019-03-18,38.70807266235352,37.868197441101074,37.428244552612306,37.89764705928233,37.52151467607441,12168100,0.9052531105730656,0.8033421611337436,0.5395932388162269,10.300216141218751
2019-03-19,38.328125,37.93685474395752,37.451202926635744,37.9386449583983,37.55314645348326,13462700,0.9971517251672172,0.8930253451587038,0.5412596523956033,10.19911208784132
2019-03-20,38.44145202636719,38.0005126953125,37.47167808532715,37.986531345823906,37.58798196614537,11902900,0.8799136564072046,0.7942434978983032,0.5505918056466207,10.229268403719038
2019-03-21,38.85473251342773,38.07183628082275,37.478517074584964,38.06921717130999,37.63765845819566,10920100,0.818639316967194,0.7390244371216426,0.5392600023616161,10.339242320033705
2019-03-22,39.834598541259766,38.166490173339845,37.514645385742185,38.23734873035282,37.723812971257,25125400,1.7986689703580494,1.6844415720936219,0.5689227088083314,10.599984619557274
2019-03-25,40.04790115356445,38.27647514343262,37.54770736694336,38.409782294468215,37.81495368428866,15463400,1.1053579846877961,1.0350175331972802,0.5669229316877942,10.656744433702237
2019-03-26,40.41451644897461,38.40945663452148,37.58250259399414,38.600709356802156,37.91689732211948,12316900,0.8794607092008174,0.82827534551877,0.5662561516719716,10.754300744922919
2019-03-27,40.58116912841797,38.548104476928714,37.620497665405274,38.78932457314652,38.0213785694253,13290300,0.9345259462213201,0.89139822145588,0.5772545951680484,10.79864701433688
2019-03-28,39.38132858276367,38.620094871521,37.633562622070315,38.845705907395775,38.0747099424974,20547100,1.4208001305522748,1.358999899466112,0.6292475922701055,10.479369506953857
2019-03-29,39.41465759277344,38.69241828918457,37.66089233398438,38.89989178219365,38.127256909174896,17283900,1.1695142333222814,1.137343811732055,0.6342468357770112,10.488238354800352
2019-04-01,39.38800048828125,38.787405776977536,37.69102165222168,38.94637832563056,38.176697833845736,16331100,1.0951991193394912,1.0730824395086416,0.5985850197271934,10.182099408147636
2019-04-02,39.01470947265625,38.869061660766604,37.71021903991699,38.952886053918725,38.20956103536772,11408100,0.7763535453655509,0.7549543444568122,0.6039171602513509,10.085600825276108
2019-04-03,39.24134826660156,38.97538032531738,37.73528244018555,38.980358645602806,38.25002327972983,15491700,1.0487010294622867,1.028998909208151,0.5935853046380111,10.144188687089008
2019-04-04,39.32134246826172,39.065035820007324,37.75168037414551,39.01283329537985,38.29203579692716,8776000,0.6019672999235537,0.587870495398788,0.5805879123816492,10.164867800100126
2019-04-05,39.38800048828125,39.150358009338376,37.77861022949219,39.0485635042276,38.33501480443124,11497800,0.786287799470556,0.771222813889389,0.5672563375768831,10.182099408147636
2019-04-08,39.41465759277344,39.202018356323244,37.815005493164065,39.08342960789863,38.3773537373074,11680500,0.8041350599925855,0.789962976128449,0.5445933936706858,10.188990473561162
2019-04-09,39.32913589477539,39.254401206970215,37.867421035766604,39.106830206648795,38.41467852779634,10414400,0.7229403256993887,0.7194595487074197,0.5371063430242042,10.166882460466445
2019-04-10,39.47055816650391,39.306189727783206,37.946528396606446,39.14147096473024,38.45608557245154,8782100,0.6212443775088328,0.6284074724539984,0.5352233212892606,10.203441199458394
2019-04-11,39.4368782043457,39.346628952026364,38.015363693237305,39.169604987550755,38.49454802860426,9219900,0.6590404424339442,0.6772184617337303,0.5337387726264072,10.194734671619807
2019-04-12,39.55809783935547,39.37846412658691,38.072491760253904,39.20660430677025,38.53625586431999,10847500,0.812760204083544,0.8180860248658934,0.5234996322840793,10.226070874488395
2019-04-15,39.537899017333984,39.41995544433594,38.136015243530274,39.2381561839668,38.5755359879676,7741500,0.5898211565340321,0.5892055623014385,0.5079579272254822,10.220849324493456
2019-04-16,39.59177780151367,39.48313808441162,38.207415084838864,39.27183443325698,38.615388608106656,10239300,0.7898259757119622,0.7859887316513969,0.48907040662653783,10.23477740232698
2019-04-17,38.911582946777344,39.50664463043213,38.263877868652344,39.237524767877964,38.62700407236825,15498000,1.1791155492154066,1.187153737251579,0.49613183748131784,10.058941829513468
2019-04-18,39.08668899536133,39.51824245452881,38.328508911132815,39.223159456209714,38.64503093209347,13189000,0.9948560008357725,1.0075086859333637,0.49644775176010325,10.104208082472425
2019-04-22,39.30891799926758,39.491958427429196,38.40051742553711,39.23132693650094,38.67106571904147,11950400,0.9485615089798781,0.9135699973778743,0.45432629653604123,10.161655979829396
2019-04-23,38.48732376098633,39.413929557800294,38.45102806091309,39.16046949121383,38.663860152058916,23488700,1.8068633838754864,1.764670527770119,0.5020304436080874,9.949267584794468
2019-04-24,38.440185546875,39.31521301269531,38.499262771606446,39.09187102032442,38.655088598914446,13227100,1.0139422715753357,0.9886452038027311,0.5099846852926035,9.937081995882766
2019-04-25,37.61184310913086,39.16674671173096,38.52599807739258,38.95091598116313,38.614177011079796,17425500,1.3149355794379407,1.290493486842232,0.5311055454632072,9.72294913966917
2019-04-26,38.103458404541016,39.10285320281982,38.561765899658205,38.87020573577055,38.594148830431216,16329700,1.2521710191847166,1.2014312671573129,0.48278532646534417,9.850035453936922
2019-04-29,38.27854919433594,39.04604778289795,38.60703453063965,38.81385749372915,38.581772374113754,13985000,1.0861153146142504,1.024709531300718,0.47098922298921087,9.89529776238219
2019-04-30,38.514259338378906,39.00236072540283,38.64195289611816,38.78532433607675,38.579124804084934,15469000,1.2054022968800895,1.1338613104883015,0.4735592886531489,9.956230637582808
2019-05-01,38.06304550170898,38.954777526855466,38.664114227294924,38.716535875660774,38.55888640007019,11627400,0.9052769673058095,0.853083114010889,0.4701609322779333,9.839588409433354
2019-05-02,38.379581451416016,38.91168918609619,38.68833999633789,38.68444497811365,38.551854833456304,14435400,1.1285406150004573,1.0543727171107642,0.5057441791408251,9.921415373641105
2019-05-03,38.54792785644531,38.873018455505374,38.710733337402345,38.67144334747857,38.55170083435783,9388200,0.7322049443838706,0.6910640142190679,0.5112451659539573,9.964934207036128
2019-05-06,38.3256950378418,38.819903182983396,38.71841682434082,38.63851493703697,38.542837861945436,10066100,0.7894834879513986,0.7436663762264353,0.5187489896643054,9.907485323550736
2019-05-07,38.13713836669922,38.75602722167969,38.72419555664062,38.590764787481,38.526928077818134,12963800,1.0116587588962418,0.9607066119481317,0.5246136494166681,9.858741981775507
2019-05-08,37.968780517578125,38.68800945281983,38.72847343444824,38.531528190347395,38.50503993820088,12086700,0.9370976851864414,0.895599825958709,0.5222566061724088,9.81522018999522
2019-05-09,38.036109924316406,38.616287040710446,38.7330313873291,38.484345498344446,38.48665052589168,14834900,1.1238002962731775,1.0897525837263986,0.5320215697332354,9.832625356645016
2019-05-10,38.3256950378418,38.56072788238525,38.74071487426758,38.46923593067753,38.48033854596816,10707100,0.806560293905506,0.7923923349653192,0.5404397477162511,9.907485323550736
2019-05-13,38.21794509887695,38.49372024536133,38.74570999145508,38.44530347050605,38.47004860686654,13759000,1.025215731946211,1.0140250744765635,0.5542453443243438,9.87963114014053
2019-05-14,38.08325958251953,38.42098827362061,38.757610168457035,38.41082310022162,38.45488040983332,12776200,0.9344570144434103,0.9428419154268691,0.5653571039536882,9.844813903941983
2019-05-15,38.25836181640625,38.35431747436523,38.775145568847655,38.39630297795349,38.44717379832638,10806300,0.7887421605139893,0.803330689339103,0.5771424540951198,9.890079170772518
2019-05-16,38.642215728759766,38.34084911346436,38.805690383911134,38.41972323993504,38.454822501480635,11695100,0.8656285134632024,0.8723089368871421,0.5717535825244479,9.989308343244797
2019-05-17,39.120365142822266,38.3425329208374,38.83753303527832,38.486451040210014,38.480922212905796,14436700,1.063640345496896,1.073926542106353,0.5902732718264151,10.112913624182589
2019-05-20,39.73992156982422,38.36408309936523,38.8787003326416,38.60582918588756,38.530294736706516,20910600,1.4913851974816212,1.5320492427966812,0.6555972808135071,10.273073699598642
2019-05-21,40.06991958618164,38.443212890625,38.912469711303714,38.745266366867945,38.59067218178397,14016300,1.0346190626106078,1.0263422198100312,0.6151910308611231,10.35838071100793
2019-05-22,39.90155792236328,38.51628150939941,38.94487129211426,38.85538937215321,38.64207946572826,11487100,0.8534056249096882,0.8427782813224732,0.6050894293835605,10.31485793309922
2019-05-23,39.64564514160156,38.61797161102295,38.96908843994141,38.93065182638639,38.681434982429174,11706700,0.8885969077067472,0.8620033302883496,0.585222493716218,10.24870252177524
2019-05-24,39.94869995117188,38.71023368835449,38.995500564575195,39.02760879065167,38.731131647870065,8755200,0.6842330668884089,0.6479121056077788,0.5751209928675227,10.327044508139343
2019-05-28,39.551368713378906,38.77387466430664,39.008100051879886,39.07749068805426,38.76329780730178,21860500,1.6574275659686195,1.6221984694395484,0.59599803061677,10.224331343951837
2019-05-29,39.18096923828125,38.80721015930176,39.01755798339844,39.08734578807588,38.7796770791049,13418700,1.0253535978726818,0.9939144617453999,0.6071097885571323,10.128580246424251
2019-05-30,38.27181625366211,38.81764869689941,39.01643180847168,39.0096763086079,38.759760968303226,17484900,1.3068156975733898,1.2874242414425006,0.6353946772081848,9.893557245717211
2019-05-31,36.60167694091797,38.72875347137451,38.97963630676269,38.780343035494575,38.67513022213126,29916600,2.113674491754355,2.145854651460545,0.6643518847900574,9.461813458345326
2019-06-03,37.968780517578125,38.69979610443115,38.9619172668457,38.703051367121574,38.64743023371741,19518300,1.3313674853379935,1.382948376814268,0.7199115957008797,9.81522018999522
2019-06-04,37.86101913452149,38.67656230926514,38.922445678710936,38.62285782115966,38.616590582768545,15201200,1.0190455983554438,1.0924280732426699,0.7384315240248143,9.78736304819975
2019-06-05,38.4065055847168,38.69003067016602,38.88961776733399,38.60225284626034,38.608351955393964,11522900,0.7762115991525795,0.8328052518283858,0.7579617231889209,9.92837546804418
2019-06-06,38.749961853027344,38.72908973693848,38.85632667541504,38.61632037071434,38.61390528471292,9906900,0.6722896079413357,0.7185135996045271,0.7700837283243726,10.017161540526581
2019-06-07,38.54792785644531,38.75468063354492,38.815661849975584,38.609806797926815,38.61131793458478,11656600,0.7996490396439083,0.8474215241257708,0.7822056094936591,9.964934207036128
2019-06-10,37.81387710571289,38.72908973693848,38.78431282043457,38.53400397009692,38.580045745217255,14955400,1.0112133153386578,1.0961524648295091,0.8037556647616967,9.775176473159624
2019-06-11,38.27181625366211,38.73178329467773,38.76145599365234,38.509033711388845,38.567958314175876,15378600,1.034165538036951,1.1303277793269955,0.8229486569853375,9.893557245717211
2019-06-12,38.628753662109375,38.75905799865723,38.74627105712891,38.520435611457465,38.57034244546739,11911000,0.8033165894216606,0.8811845677364676,0.824632886655225,9.98582829604326
2019-06-13,38.8038444519043,38.78633213043213,38.742053756713865,38.54742692959526,38.57949938689629,9218700,0.6250856054082277,0.6842227454650119,0.8148677377556041,10.03109060448853
2019-06-14,39.24831771850586,38.816637229919436,38.742193145751955,38.614178433301035,38.605727556763334,11826600,0.8015602046158877,0.8825859097002061,0.8165519012287191,10.145990343716157
2019-06-17,38.81056594848633,38.801147270202634,38.73197761535644,38.63288200617583,38.61376043487012,11027000,0.7561030966148495,0.8201585099310805,0.803756413553361,10.032828162768242
2019-06-18,38.60854721069336,38.7445785522461,38.71638854980469,38.63056440660607,38.613555994706324,12257500,0.8661726967809045,0.9106506640784847,0.7465136655888156,9.980604773791477
2019-06-19,38.81056594848633,38.681610870361325,38.70430671691894,38.64770741059466,38.621281875246716,10516400,0.7524430573383304,0.7826522746287566,0.7397790630292373,10.032828162768242
2019-06-20,38.61528396606445,38.61729717254639,38.69002967834473,38.64461946349655,38.62104666312192,15302800,1.0801627006185095,1.1306394361963914,0.7559416745598387,9.98234627658488
2019-06-21,38.90485763549805,38.58025779724121,38.67871566772461,38.66940405130621,38.632176505175885,22474300,1.5282916159628657,1.6275716251586163,0.7589721773843803,10.057203285105333
2019-06-24,39.241580963134766,38.544901847839355,38.67480972290039,38.72389709052798,38.656074719213485,9141800,0.620842270898112,0.6621170653217183,0.7660432448608543,10.144248840922755
2019-06-25,39.05974960327149,38.520320892333984,38.66484275817871,38.7558830441226,38.6719051068236,10571700,0.7465681571735817,0.7659870645082009,0.7374219816447496,10.097244043555666
2019-06-26,38.379581451416016,38.480251502990725,38.64167640686035,38.72004479719816,38.66044143406252,15042100,1.0562111678035384,1.0784862003151838,0.7468502952325178,9.921415373641105
2019-06-27,38.55466842651367,38.4943941116333,38.62093421936035,38.704294666656786,38.65629347298217,9123300,0.6599855246343451,0.6551694422302173,0.7098106975226148,9.966676695957952
2019-06-28,38.47384643554688,38.58800258636475,38.61217948913574,38.68234721607489,38.64913868720039,14604000,1.1184072728637284,1.0501020333323268,0.6434764923987071,9.945783593079243
2019-07-01,38.157325744628906,38.597429847717294,38.593592224121096,38.63234517117527,38.629851905138764,15796800,1.2272428521929368,1.131626513964521,0.5990285359482413,9.971157980744936
2019-07-02,39.14730072021485,38.66174392700196,38.59035987854004,38.68138855679808,38.650144015533904,14985700,1.1652044299803943,1.0688739195676602,0.6138449629808551,10.229855273752715
2019-07-03,39.14730072021485,38.69878368377686,38.60355941772461,38.72576114379015,38.66964035689394,8437800,0.6640407657347472,0.6150419591307396,0.5946518981897192,10.229855273752715
2019-07-05,39.26852416992188,38.72471179962159,38.620126190185545,38.7774528605646,38.69312599662053,6938500,0.5525018055744673,0.510435588376973,0.5922947328956208,10.261533022242986
2019-07-08,38.98567199707031,38.746599006652836,38.647602767944335,38.797283254517524,38.70459838879503,12048200,0.9578856900709259,0.8934025600066915,0.5757956513988087,10.18761894032919
2019-07-09,38.38883972167969,38.77534713745118,38.65331039428711,38.75838387043773,38.69221569596698,16733700,1.321065065634048,1.240100472616143,0.5629268544117693,10.031656519226733
2019-07-10,38.79035568237305,38.80127410888672,38.66354652404785,38.76142880490776,38.696064322884865,10901500,0.8761171971000493,0.8115971851428765,0.5446555049111325,10.136579466465184
2019-07-11,38.73591613769531,38.80663223266602,38.66797966003418,38.758999027078005,38.69762713915194,10045700,0.8134364343115889,0.7539728108354368,0.5452574760065371,10.12235348784146
2019-07-12,38.919654846191406,38.81242275238038,38.68511184692383,38.77429958127928,38.70633410805545,9669500,0.7815477304240257,0.7278766011478612,0.546753430606288,10.17036753635875
2019-07-15,39.18506622314453,38.80926017761231,38.7012215423584,38.81342021383787,38.725107916490316,11734300,0.94879132056829,0.8869121447321381,0.5324906485728548,10.239724041770012
2019-07-16,39.06938171386719,38.82220096588135,38.711650619506834,38.83779749955495,38.738608849720784,10556000,0.8551467586081749,0.7964468631265775,0.5070166791600073,10.209493712588944
2019-07-17,38.94008255004883,38.838777732849124,38.723938369750975,38.84753893293532,38.74650977914541,7916700,0.6528138770878962,0.5992561584476066,0.49948829340573725,10.175705642695378
2019-07-18,38.93327331542969,38.8449131011963,38.73986106872559,38.8557041122205,38.75383383939185,7549200,0.6302196903164623,0.5761610723257226,0.4953024015115567,10.173926273916502
2019-07-19,38.5113410949707,38.83971595764161,38.75071228027344,38.822907634387185,38.74432432000278,12240300,1.03507192685671,0.9339706560326845,0.4912404185782012,10.063668210877186
2019-07-22,37.769561767578125,38.78295116424561,38.74538131713867,38.72258898040537,38.70609833755476,15255800,1.3306840255638428,1.163314899196863,0.5058257835389004,9.869828660648139
2019-07-23,37.75595474243164,38.70866985321045,38.73398651123047,38.63052857678882,38.668837804412675,14093500,1.2033163667162872,1.0691632192376703,0.5122695137855015,9.866272913626148
2019-07-24,38.08940505981445,38.6601526260376,38.73141571044922,38.57899300374364,38.64611495168333,11173900,0.9515917844208877,0.8510139525191808,0.5280493949069939,9.953409150992615
2019-07-25,38.354827880859375,38.658914947509764,38.73684707641601,38.55764394442133,38.63469192929808,11006100,0.9536914481793506,0.8405003551055007,0.507073340053833,10.022768646939639
2019-07-26,38.84479904174805,38.673421478271486,38.74857582092285,38.58499204892863,38.64293142390396,12333100,1.0540196726523297,0.939647866141226,0.5314165169786111,10.15080644193416
2019-07-29,39.04216003417969,38.701837158203126,38.75657470703125,38.62853185704778,38.65858744783634,10165700,0.8855833645494856,0.7763248007888414,0.5319693918018636,10.202380224854457
2019-07-30,38.53855895996094,38.72089881896973,38.74493858337402,38.619963009706176,38.65388044831182,13329300,1.1737955964942792,1.0196442914515205,0.5400861390236088,10.07078070176642
2019-07-31,37.613037109375,38.644185638427736,38.70240089416504,38.52406530491273,38.613063062471156,24396200,2.062885530070817,1.8563237299778759,0.551161968659849,9.82892610617483
2019-08-01,37.606231689453125,38.56713218688965,38.65312713623047,38.43665257963087,38.573579479215546,18677000,1.5137528053096843,1.4111370499143738,0.6013902724347133,9.827147734241207
2019-08-02,37.830810546875,38.495246505737306,38.6117121887207,38.378953338416025,38.54445128579043,17458800,1.3571590981967432,1.3072993651749252,0.6285336208584138,9.885834008050738
2019-08-05,37.579010009765625,38.42491340637207,38.570379486083986,38.302768259496936,38.50659084359338,18941500,1.4339963464000383,1.403120221139125,0.6447031748256851,9.820034246506719
2019-08-06,37.46331787109375,38.37863731384277,38.52067184448242,38.22282060345854,38.465678178005156,18747900,1.4085998076576305,1.3685187902252725,0.6465062068734149,9.789801923635142
2019-08-07,37.49054336547852,38.313646697998045,38.47945533752441,38.153079914127105,38.42743759712176,11865500,0.8882825016095465,0.8789578288397134,0.6604570414266394,9.796916408214887
2019-08-08,37.987335205078125,38.27621765136719,38.45558265686035,38.13729470374149,38.41017867978672,11335900,0.8445565629165174,0.8423259755975953,0.6635194464125366,9.926736562524045
2019-08-09,37.96010208129883,38.22824001312256,38.44934837341309,38.120419215889804,38.392528617100915,8948000,0.6684478496007279,0.6734343254021414,0.6693039096174968,9.919620084253795
2019-08-12,37.89886474609375,38.16392993927002,38.4752921295166,38.09931879019494,38.373169249610434,10635600,0.7977916632286424,0.8243695149771778,0.6764494008762189,9.903617727386958
2019-08-13,38.36163330078125,38.128542518615724,38.483149185180665,38.124301124536494,38.37271685946027,11016500,0.8249387370758162,0.8652974599928053,0.6985667706670491,10.024547018873262
2019-08-14,37.91926956176758,38.07750186920166,38.48431419372559,38.10477430903469,38.354934612491924,15041200,1.0970529993326308,1.1817169039601643,0.7128578824244262,9.908949852652063
2019-08-15,38.31398391723633,38.04653739929199,38.48246376037598,38.12469903362532,38.35332870287406,12124000,0.8697717028629148,0.9516272873708761,0.7339544836722641,10.012095424802144
2019-08-16,38.55217742919922,38.04857921600342,38.47850807189941,38.16541126177521,38.36112669214171,11923500,0.8563610312099372,0.9329363988302909,0.7247672796038301,10.074339439324172
2019-08-19,38.79035568237305,38.099618911743164,38.483356628417965,38.22492977802263,38.37795920156255,11011900,0.8031285247047043,0.8624797536286823,0.7111562838250357,10.136579466465184
2019-08-20,38.29357147216797,38.12649974822998,38.49295051574707,38.23146708222694,38.37464987884119,9892600,0.7327195118067196,0.7810072329578326,0.7002677675617204,10.006761305846533
2019-08-21,38.5113410949707,38.147596549987796,38.49774101257324,38.2581217501073,38.38001031868941,7637300,0.573182391976212,0.6104156785866087,0.6951635959754199,10.063668210877186
2019-08-22,38.64063262939453,38.16188678741455,38.497978591918944,38.29455135765846,38.39023080146216,9272200,0.7004396916832513,0.7442252751495281,0.6938023596024621,10.097454287080243
2019-08-23,38.05538558959961,38.12241611480713,38.48300941467285,38.27177366546238,38.37709961668324,13203000,0.9941134748569028,1.0529927388721565,0.6958440118099783,9.944519285015012
2019-08-26,38.5930061340332,38.099958419799805,38.4699031829834,38.3023672338977,38.38556653893226,9486900,0.7161416264821955,0.7594529959523698,0.7060521041433934,10.085008674080651
2019-08-27,38.9128532409668,38.118673133850095,38.47194892883301,38.36050875838047,38.40624444881597,16953900,1.2625340042462023,1.3444494386014219,0.7026492930329482,10.168590161270382
2019-08-28,39.43687057495117,38.20986480712891,38.48851539611817,38.463019407577676,38.4466611596448,15238900,1.1748796605863798,1.2027621326732922,0.6757680995151716,10.305524800159285
2019-08-29,39.430057525634766,38.30105609893799,38.500905227661136,38.55511827596407,38.48522572301695,8538000,0.6850317984571941,0.6759906612262271,0.6376583074212828,10.303744434535153
2019-08-30,39.57978057861328,38.388504600524904,38.520195159912106,38.65270516193066,38.52814944284426,9962200,0.8240833993378182,0.7954779559134239,0.6029511268750092,10.342869613920094
2019-09-03,39.49812316894531,38.484460258483885,38.53206047058106,38.733221162598724,38.56618762818156,10470100,0.8975457458923959,0.852374120117335,0.5903611865874503,10.321531144407137
2019-09-04,39.593387603759766,38.590963745117186,38.53909660339355,38.81514177604264,38.606469980165016,9232200,0.8250792932998614,0.7514856823589627,0.573688212161397,10.346425360942083
2019-09-05,39.87241363525391,38.71005725860596,38.555349884033205,38.91583433406276,38.656114829384194,9232300,0.8349121571088669,0.7531360342019677,0.5512310279653161,10.419339607065847
2019-09-06,40.19225692749024,38.82030334472656,38.591603393554685,39.03739839057966,38.71635569597659,8920200,0.8155965630507382,0.7350174744014479,0.544085333081728,10.502920097410323
2019-09-09,39.920040130615234,38.918300247192384,38.61891082763672,39.121459508678285,38.76355900713889,12848700,1.1542068583891931,1.0522625278181663,0.5539530882898976,10.431785220065438
2019-09-10,40.63460540771485,39.05508728027344,38.662126007080076,39.26556864191986,38.836933375788924,13987000,1.2378281412754224,1.1466440228997608,0.5648419243405097,10.618513276250507
2019-09-11,40.9204216003418,39.18302669525146,38.717387924194334,39.423173685579094,38.91863879635962,12241500,1.0775133616409995,1.0094334177173439,0.5539534008496251,10.69320190692687
2019-09-12,41.12459182739258,39.343292808532716,38.75693374633789,39.58521350860895,39.005146758360915,9491400,0.8563625388982974,0.7898170075027373,0.5383011924701169,10.746555058626042
2019-09-13,40.80473327636719,39.46783027648926,38.790082397460935,39.70135824839545,39.07571877867489,10719300,0.9733178185542654,0.8886212903026849,0.5233293926910711,10.662970580900549
2019-09-16,40.4916877746582,39.564805793762204,38.81454566955566,39.776627727087146,39.131246974595804,10950500,0.9987226965558409,0.9017890348119143,0.5294543224644762,10.581166468799186
2019-09-17,40.74349212646485,39.662462615966795,38.84970207214356,39.86871005083741,39.1944722746691,8801700,0.8109180076091799,0.7287289100635743,0.5202676065651832,10.64696722718846
2019-09-18,40.78431701660156,39.78699989318848,38.897611618042,39.95591071424352,39.25681912729391,8451900,0.7838927245139102,0.7094973539599269,0.514823348813945,10.657635465099682
2019-09-19,40.81835174560547,39.902350425720215,38.938171539306644,40.03804795532561,39.318055700561025,7651700,0.7096287750355199,0.6458481360068375,0.5124416275700441,10.666529318458302
2019-09-20,41.02931594848633,40.0217845916748,38.98403953552246,40.132454430864726,39.3851639455777,21019900,1.8487053504091666,1.7419316771699624,0.5049558630897597,10.721657851555333
2019-09-23,40.9748649597168,40.167758560180665,39.02514373779297,40.21268400504111,39.44750516181845,8437000,0.7579211382920857,0.7006104121153701,0.4869216550630536,10.707428882395847
2019-09-24,41.17901992797852,40.29705924987793,39.065022811889655,40.30471599770182,39.51540770166786,12846300,1.1368673690135211,1.0647932181069304,0.4828382761105015,10.760778046714004
2019-09-25,41.01570129394531,40.402201652526855,39.10394920349122,40.37242888305834,39.57424274450227,8088100,0.7450044650896311,0.6731535405291181,0.46922777545261846,10.718100110842833
2019-09-26,41.13139343261719,40.48692779541015,39.14777542114258,40.44471122111157,39.63530747736952,7438800,0.7107287673745801,0.6196067194861099,0.4552768592125428,10.74833243371441
2019-09-27,41.0361213684082,40.567230987548825,39.189832382202155,40.50103599704458,39.69024135544947,7799000,0.7477834486633574,0.6493389714284192,0.44642986647891225,10.723436223488955
2019-09-30,41.076942443847656,40.64208908081055,39.24114440917969,40.555884230073445,39.74462179028862,9709400,0.932085995286483,0.8118188055609764,0.44949180281671597,10.556741058881949
2019-10-01,40.72987747192383,40.703676795959474,39.300350723266604,40.57245501501158,39.7832592679998,8381600,0.812767123154835,0.7089488295865182,0.45017234683890345,10.467545641179754
2019-10-02,40.09018325805664,40.728516578674316,39.347035293579104,40.52652437149206,39.79529550290399,12011700,1.149291004076009,1.0195877442016925,0.4685463545158829,10.303144744450586
2019-10-03,40.15822982788086,40.742807388305664,39.38841178894043,40.491448700671945,39.809528221530535,9769300,0.9323408011834037,0.8312284530912768,0.48011489685198006,10.320632657981673
2019-10-04,40.76390838623047,40.771389961242676,39.43659339904786,40.51739724215371,39.84695489465602,9824900,0.9336165728368502,0.8376429400006241,0.49338539516854885,10.476291558693534
2019-10-07,41.00209426879883,40.82549266815185,39.47973930358887,40.56355886373896,39.89225447795574,13744600,1.3005522185256257,1.16901178928904,0.48692028095030293,10.537505138297048
2019-10-08,40.64141845703125,40.825833320617676,39.511724472045906,40.57097406310013,39.92163345752733,13832800,1.3098535401024756,1.1692199187983494,0.48079487060945747,10.44481174573899
2019-10-09,40.72048568725586,40.81583652496338,39.555363006591804,40.585213265400675,39.952960995948054,10609200,1.0124291973770285,0.9008871307952385,0.47621527500848515,10.465131960099278
2019-10-10,41.139930725097656,40.81660346984863,39.62590087890626,40.63804349965753,39.999508828463725,11832100,1.116658282991962,1.0266366221233463,0.4850122556170337,10.57292899633151
2019-10-11,41.208683013916016,40.83680095672607,39.69794990539551,40.692390120063095,40.04692742397166,11349000,1.067892420353847,0.9974030082919176,0.4794219875386073,10.590598279074573
2019-10-14,40.981781005859375,40.86130561828613,39.7609693145752,40.7199511568056,40.08358834875157,6876100,0.6596567167973537,0.6157575032488884,0.46664040768928033,10.532284646114459
2019-10-15,41.635009765625,40.90588150024414,39.84208930969239,40.80709959574078,40.144428404315235,11679200,1.1051863095131076,1.0596598512926831,0.484379849609952,10.700163910217116
2019-10-16,41.45623397827149,40.939477348327635,39.92194763183594,40.86892191788656,40.19587176015666,9298100,0.8763574534823005,0.8583399783654125,0.48459215295173336,10.654218677139735
2019-10-17,41.53874206542969,40.97549686431885,40.00291160583497,40.93271431289067,40.24853334075561,7323700,0.6913364182322435,0.6817933426166781,0.4734588940802034,10.675423188955175
2019-10-18,41.97881317138672,41.02297172546387,40.08274116516114,41.032342775604576,40.31638745176075,12339700,1.2145935884829318,1.146610438645837,0.49354478184051587,10.788521108047739
2019-10-21,41.77252578735352,41.0628547668457,40.15898963928223,41.10283639577114,40.37349091590164,10882300,1.0584046851741356,1.0075662603304638,0.4872815784957272,10.7355054168256
2019-10-22,41.786277770996094,41.09321765899658,40.23673789978028,41.16792605055447,40.42889432198377,9603600,0.9490042155566492,0.8908769436564582,0.4851548578913228,10.739039665523858
2019-10-23,41.861915588378906,41.13552837371826,40.30674354553223,41.23402029225203,40.485091234391426,10375600,1.0138327648869678,0.9636372653713778,0.4929133754466754,10.758478523551348
2019-10-24,41.65563201904297,41.16174030303955,40.38147079467774,41.274173790041644,40.53099479457384,11143800,1.0695359614407323,1.0425314434960082,0.4934696825866318,10.705463812703327
2019-10-25,41.5112419128418,41.18549633026123,40.44541595458985,41.2967517064988,40.569435858035334,15036400,1.3946928691777458,1.3990704003248406,0.5277473774570318,10.668355671932773
2019-10-28,41.38059616088867,41.200679016113284,40.50198432922364,41.30473689263117,40.60124606599037,14621400,1.3259930051950914,1.3536603656199486,0.5286479046585015,10.634779819112243
2019-10-29,41.38747024536133,41.233558654785156,40.5539266204834,41.31261625955785,40.63207838675001,10619900,0.9534262169540888,0.9839125995734486,0.5161466009467702,10.636546453274313
2019-10-30,41.82065963745117,41.32008247375488,40.624468383789065,41.36100134316674,40.67868941618927,12136500,1.0889724546900783,1.1197667408656873,0.507951515755962,10.747875777456569
2019-10-31,41.58000183105469,41.391171073913576,40.68584159851075,41.3818585324894,40.71403500108596,12226600,1.0850944396742037,1.1186067524448766,0.5058247107004192,10.686026915424074
2019-11-01,41.5112419128418,41.42853775024414,40.74325378417969,41.39418075918963,40.74529801723325,9629100,0.8553129178978298,0.8803875749702259,0.5116867508903191,10.668355671932773
2019-11-04,41.16743850708008,41.436804962158206,40.8054948425293,41.372586258988726,40.76185254624686,10133300,0.9147707679224946,0.9317164811747904,0.5246519754569394,10.57999847410215
2019-11-05,40.91301345825195,41.45038471221924,40.85189498901368,41.32881742082332,40.76778042514901,10645400,0.9750275919234662,0.9767212356082391,0.5098651271516819,10.514611441874921
2019-11-06,41.3462142944336,41.48167114257812,40.90056221008301,41.33047426592906,40.790464106297435,9287600,0.8558446070160534,0.8643011143338714,0.5136471963490976,10.625943707179534
2019-11-07,41.62125778198242,41.505737495422366,40.944249954223636,41.35816793412462,40.823044250441946,14604400,1.3288100678899257,1.3606877117165197,0.5067711637372259,10.696629661518855
2019-11-08,40.809871673583984,41.48579692840576,40.97184623718262,41.305949242644566,40.82252767880046,17644600,1.5607280260301193,1.6165113821655128,0.5418399686208375,10.48810408645091
2019-11-11,40.9886589050293,41.48614082336426,41.00002380371094,41.27573111525263,40.82904262884865,7754000,0.6832163506695591,0.7132692550043372,0.5439028573318417,10.534052260650649
2019-11-12,40.78925323486328,41.44385299682617,41.0258464050293,41.22939988854888,40.82748226045706,7709400,0.6913782635638616,0.7127868566297481,0.5339324324330288,10.482805164338817
2019-11-13,40.85113525390625,41.41359806060791,41.051001358032224,41.19337468524958,40.82840982882762,10255600,0.915789365588426,0.9464095019676414,0.5380583424335548,10.498708793293927
2019-11-14,40.80299377441406,41.37681064605713,41.06961296081543,41.15619555088429,40.8274131208114,9530200,0.8427115820450491,0.878984700822207,0.5483729571577716,10.48633647191472
2019-11-15,40.91987991333008,41.3238639831543,41.08416542053223,41.133689299688655,40.83103926953762,11758800,1.0424537397190141,1.0788826259600146,0.5304949833642276,10.516376115288754
2019-11-18,40.87176513671875,41.27882595062256,41.1031999206543,41.108744141310574,40.832636362368255,10165100,0.9040413764950666,0.9372745007967447,0.5267121939896914,10.504010656528378
2019-11-19,40.91301345825195,41.23516273498535,41.10876808166504,41.09010312387642,40.83578840534408,10492700,0.9295018301779152,0.9737556396475856,0.5181170262732661,10.514611441874921
2019-11-20,40.899261474609375,41.18703002929688,41.108344879150394,41.071927728708125,40.83827754531527,12362100,1.0855521830513148,1.146985110654127,0.5112408670767575,10.51107719317666
2019-11-21,40.9886589050293,41.15368137359619,41.10562622070312,41.063997364548236,40.84417485353934,8056000,0.7171435680296044,0.7494511219439586,0.504708458660717,10.534052260650649
2019-11-22,41.08492660522461,41.13236560821533,41.111230087280276,41.065990625565036,40.853616098703476,10741300,0.9748246163340503,0.9992241600648952,0.46173257828515696,10.558792981912589
2019-11-25,40.83050537109375,41.10486106872558,41.11800643920898,41.04356345847253,40.85270979565996,10644500,0.9837932208888197,0.9907832814571016,0.46207632729384224,10.493406930059479
2019-11-26,41.18119430541992,41.094547271728516,41.126760482788086,41.05667115818181,40.865591541140745,11936900,1.0965665521893162,1.1046319232323891,0.4802980545011213,10.58353370317453
2019-11-27,41.32558822631836,41.069793701171875,41.13758590698242,41.082282307528146,40.88363062683399,8795300,0.8205608078259892,0.8133936158131273,0.46310789628287663,10.620642824319201
2019-11-29,41.421852111816406,41.06188621520996,41.14965591430664,41.11462228888893,40.90473735173526,6791400,0.6500885192093145,0.6290729635344426,0.453137254436583,10.645382565207022
2019-12-02,41.22930908203125,41.047789573669434,41.15365577697754,41.12554484061677,40.91746565488412,9142000,0.8771382764069761,0.8658567909615992,0.4335407393575796,10.595899161934906
2019-12-03,41.35308837890625,41.05707206726074,41.16122024536133,41.14721565378719,40.93454889896341,10289400,0.9864879699453565,0.9711217421637515,0.4184131482575598,10.627710341341603
2019-12-04,41.62125778198242,41.09248428344726,41.170065002441405,41.19236252313912,40.96147865908181,8237500,0.798986221064332,0.784284789397517,0.42735176517842605,10.696629661518855
2019-12-05,41.82065963745117,41.11620655059814,41.186164169311525,41.25220034354979,40.99517203078257,9812500,0.9493347884156486,0.9311814887667959,0.426320079251548,10.747875777456569
2019-12-06,42.07508087158203,41.13889770507812,41.205037918090824,41.3305699176481,41.03752139708843,9296900,0.9231531525269566,0.879151950145865,0.42081928799227236,10.81326182930968
2019-12-09,41.951316833496094,41.19596996307373,41.22334182739258,41.38968867153839,41.07335651224167,9370200,0.970292293019947,0.8834582248205166,0.3778430140546288,10.781454571399456
2019-12-10,42.10258483886719,41.25166625976563,41.243854675292965,41.45758354461732,41.11371840740346,8290900,0.8561499018735669,0.7837942185899966,0.3764677522217198,10.8203303267062
2019-12-11,41.999454498291016,41.31217632293701,41.26924621582031,41.509190302110056,41.14845315606571,9657500,0.9873391580294725,0.9107908748703956,0.3637468014069036,10.793825912404545
2019-12-12,42.06132507324219,41.37268581390381,41.308669052124024,41.5617745660274,41.18425205477851,8571600,0.8839307259666253,0.8136601035443138,0.3579014050737996,10.8097266002373
2019-12-13,41.81378936767578,41.4232255935669,41.341780242919924,41.585775975708195,41.20893979253919,10585900,1.0857416851924502,1.0033123077424673,0.3706217861493176,10.746110123668617
2019-12-16,42.10258483886719,41.48236083984375,41.36855377197266,41.634995867437624,41.24398469631676,11493000,1.180387269318404,1.0858521393072806,0.3737161874566894,10.8203303267062
2019-12-17,42.2813720703125,41.55284118652344,41.39413932800293,41.696555505806664,41.28466655412052,13648700,1.377152131282846,1.289755174537033,0.37440502381150154,10.866278500905938
2019-12-18,41.848175048828125,41.599599266052245,41.41827445983887,41.7109954622849,41.306764926461994,17292600,1.686949616664439,1.6234756269297586,0.3885011035879426,10.754947215975445
2019-12-19,41.80690383911133,41.644981384277344,41.440002822875975,41.72012959341122,41.32637821715412,11901600,1.1636537138784204,1.1146492043036533,0.38403170637745987,10.744340548384189
2019-12-20,42.68018341064453,41.72955760955811,41.47080787658692,41.811563290290586,41.37946861689885,42977900,3.589304385879932,3.803234163596262,0.4184130135169678,10.968772693529603
2019-12-23,42.21947860717773,41.78628520965576,41.49102378845215,41.85041236808936,41.41241018514507,9477500,0.7957137663728969,0.8414776053753705,0.43250910584905033,10.850371930828468
2019-12-24,42.13697052001953,41.851608467102054,41.514127578735355,41.87770362065414,41.44082431592445,6640100,0.5670225020857403,0.589800897229985,0.4259768226256181,10.829167419013029
2019-12-26,42.14385223388672,41.89974136352539,41.524304428100585,41.90305110762867,41.46839403819748,8117800,0.7046998072401486,0.7256472659551132,0.4080988457065956,10.830936013923337
2019-12-27,42.308876037597656,41.94890575408935,41.54135726928711,41.94170110095905,41.501354116605334,8166800,0.7108927593707919,0.7315068532414599,0.40775518268364264,10.873346998302459
2019-12-30,42.08883285522461,41.98225479125976,41.552359085083005,41.95571364898434,41.524392498511965,6765400,0.5889722019815806,0.6065890051506359,0.41360004703620595,10.81679607800794
2019-12-31,42.21947860717773,42.03176326751709,41.55717239379883,41.98083412119324,41.55165077728317,8466700,0.7392544764374478,0.7644374734441788,0.40844255324461687,9.072859664350677
2020-01-02,41.97881317138672,42.063049507141116,41.56129814147949,41.980641649783095,41.5684022437186,11447900,0.9945226067353259,1.032548098058291,0.4091301808194636,9.021141268078953
2020-01-03,41.5318717956543,42.058580207824704,41.55621002197265,41.93790166367559,41.56696967712785,13263200,1.1276088260436898,1.1884342885406483,0.4160059151415389,8.925094691617378
2020-01-06,41.442474365234375,42.03967094421387,41.54782119750976,41.89071811144309,41.56208750803399,15094500,1.2551205333960844,1.341183984373334,0.4129116493588228,8.90588340887985
2020-01-07,40.981781005859375,41.985005950927736,41.53434417724609,41.80415267281607,41.53933039030165,14293100,1.1642987273284895,1.2629097668638758,0.4208184871399556,8.806881565754365
2020-01-08,41.05741882324219,41.94031105041504,41.5252677154541,41.73303516333284,41.520431897475795,15926500,1.26361080168455,1.4050236974517696,0.4270073484210453,8.823135942290302
2020-01-09,40.88719177246094,41.87954139709473,41.51539962768555,41.65247864991647,41.495598951396786,20134600,1.5257940860758956,1.7591471352460233,0.43272306331026406,8.786554577627214
2020-01-10,40.984474182128906,41.82879238128662,41.5073397064209,41.58885917679385,41.47555484279804,11786700,0.8860445003065189,1.0277011169940247,0.43391916102419825,8.807460322554565
2020-01-13,41.09563064575195,41.78050765991211,41.492839126586915,41.54188503098033,41.46065585467859,14158400,1.042442742920841,1.2301560615404719,0.4355061312548244,8.831347566748668
2020-01-14,41.01920318603516,41.74077835083008,41.48162315368652,41.49210580765222,41.443343985320034,12697100,0.927641670267883,1.1022894311269429,0.4167365738598285,8.814923498063099
2020-01-15,41.06089401245117,41.688693809509275,41.47261619567871,41.451038017633074,41.42834594716831,10291300,0.7551906376995793,0.8924056077268921,0.4165894867679924,8.823882751702458
2020-01-16,41.45690155029297,41.6474702835083,41.478405456542966,41.45159644931497,41.42946577474183,10689600,0.7930285066951841,0.9260505782878148,0.4261397768861112,8.908983774628233
2020-01-17,41.7765007019043,41.64388656616211,41.49567520141601,41.48253971146634,41.443074987571734,15615700,1.1657317839711787,1.3412530856456708,0.413601434527563,8.97766482771263
2020-01-21,41.90850830078125,41.648966789245605,41.50692108154297,41.52310814854395,41.46132727436426,12857600,0.9564232910970571,1.0976248973452325,0.411327187226998,9.006032928379673
2020-01-22,42.019676208496094,41.61594142913818,41.51488945007324,41.57040034472986,41.48322331099688,8847100,0.7537863554880002,0.7627550743287668,0.38126486925481695,9.029922631880293
2020-01-23,42.04051208496094,41.60699310302734,41.53950225830078,41.61517289141854,41.50507777272096,11109000,0.9399705799108259,0.968681816667745,0.3711401942771239,9.034400209277877
2020-01-24,41.88071823120117,41.594180488586424,41.55734344482422,41.64046292377879,41.519808771092734,10182800,0.8488786295630311,0.8841739735678628,0.37511887967901353,9.000060912388937
2020-01-27,41.6236572265625,41.56817073822022,41.5740315246582,41.63886238118676,41.52388125954253,11482300,0.9439719364360606,0.990519829029806,0.3918864976553433,8.944819149648003
2020-01-28,42.17251968383789,41.56135292053223,41.60045921325683,41.68968688620115,41.54931806049529,15367500,1.2270587718632848,1.3140866843149486,0.41842020278083825,9.06276830994492
2020-01-29,41.359642028808594,41.52489337921143,41.61159217834473,41.65825404263996,41.54187978474286,13408900,1.0430051279458463,1.1390495147471866,0.4492047899515391,8.888082948313917
2020-01-30,41.24153137207031,41.475996017456055,41.61802520751953,41.618566169252375,41.530101415618454,16719600,1.2600810782090444,1.408414161842115,0.4747283813086945,8.86270126552666
2020-01-31,41.2971076965332,41.44191074371338,41.62653205871582,41.587951076612455,41.520964407026874,14283600,1.065109274815806,1.1949209585000127,0.48537889166406567,8.874644477739293
2020-02-03,40.33138656616211,41.38188648223877,41.614899520874026,41.46827826609337,41.47431429562041,15566400,1.1508829727890377,1.2912743420443584,0.5096994804875958,8.667113438043662
2020-02-04,40.49813079833984,41.334669303894046,41.606876907348635,41.37588326916447,41.4360325898447,13924600,1.0339701435793252,1.1520961139695316,0.524124736412286,8.702946353756914
2020-02-05,41.081729888916016,41.339666748046874,41.608738327026366,41.34786866152176,41.42213836627887,10271900,0.7742992267485599,0.8467734090776444,0.5316667487193459,8.828360329100043
2020-02-06,41.2971076965332,41.351651191711426,41.612981948852536,41.3430342839038,41.417235202759436,10283700,0.7920335307056728,0.8483862206970698,0.5356667732593816,8.874644477739293
2020-02-07,41.64448928833008,41.389516067504886,41.629261627197266,41.37174428432535,41.42614712768377,9418100,0.7565896629162936,0.7785512322273471,0.5394878659706162,8.949295907276747
2020-02-10,41.85292816162109,41.432938766479495,41.64269630432129,41.41757132025828,41.442883638818564,8270200,0.6738932569117205,0.6878293412750335,0.5398353218541831,8.9940888963982
2020-02-11,40.77603149414063,41.416958808898926,41.63170516967774,41.35647228919946,41.416732574321394,22488200,1.772292958492398,1.8286836002172804,0.5919430462248865,8.762666513664273
2020-02-12,40.45643615722656,41.38882045745849,41.61239685058594,41.2707545623449,41.37907389129806,20938000,1.5982223993105766,1.6643334097484248,0.6041013426574068,8.693986280348714
2020-02-13,40.74824523925781,41.37318801879883,41.60277557373047,41.220991769669936,41.35433551278668,19460100,1.435190528676191,1.5218928558524614,0.6155651045713224,8.756695317442375
2020-02-14,40.65097427368164,41.332891654968265,41.58873329162598,41.16670438909962,41.326752719096284,9138900,0.677873949224542,0.7160035237254465,0.6079232778527196,8.735792031821543
2020-02-18,40.23411178588867,41.25577220916748,41.5609903717041,41.07788604593667,41.28390405504893,12427300,0.9328201082546619,0.9672887303114366,0.623208030743827,8.64620933265399
2020-02-19,40.44948959350586,41.18282127380371,41.5335669708252,41.01803876475279,41.25118191930214,13642800,1.0210492046207214,1.0556038973810766,0.6388403731876426,8.69249348129324
2020-02-20,40.35917663574219,41.099796295166016,41.4992488861084,40.955289990561305,41.216201319946855,16748600,1.217493389548672,1.281140042223786,0.6346717915121637,8.673085454034398
2020-02-21,40.43560028076172,41.01955070495605,41.468934555053714,40.90579573248515,41.18558951448861,15704300,1.1228272627890399,1.1897303324378203,0.6318927834296784,8.68950870295113
2020-02-24,40.289695739746094,40.9399995803833,41.432676773071286,40.84711954270048,41.150456425283025,18520900,1.2858793769064647,1.381694570517533,0.6374509348141671,8.6581541844043
2020-02-25,39.68524169921875,40.843078804016116,41.386392517089845,40.73646450998793,41.09299702426089,19384900,1.3099299418688137,1.4254619630958973,0.6652416896613328,8.528258532819395
2020-02-26,39.69913864135742,40.71940975189209,41.33914878845215,40.63767157011836,41.03833591120585,16803600,1.1300161463541587,1.2208662369847576,0.6596834050164432,8.531244950699183
2020-02-27,38.25402069091797,40.564128684997556,41.267953414916995,40.4106572006707,40.9291470790377,25907200,1.6719559578177552,1.8412951837713118,0.6899059792188513,8.220692741261376
2020-02-28,37.62873458862305,40.3834888458252,41.17847640991211,40.14571218999949,40.79971913823712,45828300,2.7036419992708214,3.1055712477540864,0.7486136781086717,8.086320332047725
2020-03-02,39.824195861816406,40.30984325408936,41.12933288574219,40.11509158731539,40.761463323475525,30736200,1.729355586300955,2.0357051457649713,0.8333751239114232,8.558119432541913
2020-03-03,38.698673248291016,40.2282075881958,41.06634284973145,39.9801946026464,40.680569595036914,27500200,1.4970250246326873,1.7970810910280954,0.87367162113515,8.316247456419664
2020-03-04,40.3800163269043,40.22230186462402,41.03780509948731,40.018272862099536,40.66878319236505,17626400,0.9499547022121811,1.1432945022442467,0.9302954694317609,8.677563851200821
2020-03-05,39.713035583496094,40.153867149353026,40.97846214294434,39.989202645089684,40.63130289397803,21249900,1.1123336660753387,1.4183014475419553,0.9556550490766714,8.53423136857897
2020-03-06,39.51155471801758,40.064589500427246,40.92430366516113,39.94371236632091,40.58739120080311,22510800,1.1417966147516807,1.4767662605474168,1.007762915144998,8.490933637819506
2020-03-09,38.78899765014648,39.921814918518066,40.857344207763674,39.83373953620906,40.516865963522456,31862200,1.5290834531096655,2.02328612319679,1.1071151802096666,8.335657942985021
2020-03-10,39.26838302612305,39.79258766174316,40.7998348236084,39.77989605905801,40.467905848330325,34330900,1.5505938555546548,2.1098131085219345,1.1939613906717823,8.438676653420682
2020-03-11,38.0942268371582,39.658497428894044,40.71554183959961,39.61935613316279,40.37482039691181,21147400,0.9580471013926463,1.2792090213531377,1.2022985068004572,8.186353444372436
2020-03-12,35.57221603393555,39.41428642272949,40.58520950317383,39.23391421895067,40.186482970912735,45610600,1.9569422589492675,2.635152178758607,1.318324859529104,7.644379671969539
2020-03-13,37.63567352294922,39.25865783691406,40.49353340148926,39.08170081933149,40.08645122785534,45744000,1.8579057863383976,2.5337220323481593,1.3978755526495508,8.087811491565523
2020-03-16,35.426307678222656,38.99742450714111,40.36248329162598,38.73356813922588,39.903700500418765,36990400,1.421950503664491,1.9924888453611602,1.5583672144988565,7.61302433365387
2020-03-17,37.73295211791992,38.87236652374268,40.286504898071286,38.63827137529198,39.81857311286979,33898000,1.2514314784227931,1.7862094178521246,1.6813419561985838,8.108716416724032
2020-03-18,37.73988723754883,38.73688640594482,40.21245315551758,38.5527109812212,39.73705601971995,38417400,1.3562540002845431,1.9757894383873011,1.8282855892364964,8.11020675647299
2020-03-19,37.2535514831543,38.58160514831543,40.13788856506348,38.42898150521483,39.639663684952666,33024900,1.133321379516248,1.666349458027343,1.8880356934600346,8.005694427213019
2020-03-20,35.989070892333984,38.35927867889404,40.03652160644531,38.196609065892844,39.49650318328134,46013800,1.5010014548823372,2.253318706172016,1.9734923319696764,7.733960731599414
2020-03-23,34.953861236572266,38.09248695373535,39.91785499572754,37.88777593929088,39.31836036184177,39225100,1.2377514979989341,1.8856165106612413,2.0926453326438517,7.511496782736008
2020-03-24,34.73154067993164,37.844801902770996,39.7927963256836,37.58718210506619,39.13848508019823,40626900,1.240413388693638,1.9003116692810613,2.135720989786742,7.463720654810122
2020-03-25,34.69680404663086,37.59468517303467,39.66481979370117,37.311908004262826,38.964301510254415,38551300,1.1392196150749576,1.7629955370964283,2.208671908152449,7.456255839763912
2020-03-26,37.19797134399414,37.54188270568848,39.58839515686035,37.30105689376105,38.89503366059715,32610900,0.9542248081069123,1.4646574570206088,2.2795384532159373,7.993750395231547
2020-03-27,36.66300201416016,37.49359607696533,39.50043731689453,37.24028976237049,38.807503007795695,25363600,0.7650689422025096,1.1239416462840832,2.2593904486306844,7.87878683304558
2020-03-30,38.05253982543945,37.40501327514649,39.43235008239746,37.3176469112342,38.77789660848761,20660200,0.6328119627869737,0.9074998647109136,2.220483715544085,8.177395010501913
2020-03-31,37.3299674987793,37.3365779876709,39.34341941833496,37.31882030052421,38.72111507477356,21251800,0.6572215182386718,0.9288866987959938,2.1645554236817817,8.406296993444181
2020-04-01,36.767208099365234,37.155937576293944,39.24059341430664,37.266285805175734,38.644491271816364,18672600,0.5765259407495986,0.8120256649616358,2.1305113873606256,8.279569782993715
2020-04-02,38.38603210449219,37.08958740234375,39.16792053222656,37.372928309872535,38.634355618195805,20159400,0.6234812629953785,0.8681414141100949,2.1635134519651498,8.644111096019476
2020-04-03,38.003902435302734,37.014204788208005,39.0871883392334,37.43302108372303,38.6096319639647,17612500,0.5488693136321062,0.7542373687027443,2.123911938355334,8.558059708770928
2020-04-06,39.39345169067383,37.044427490234376,39.037443008422855,37.619728760575484,38.6403699924631,20284400,0.643748826754085,0.8612077542493379,2.0777100390147583,8.870970876669764
2020-04-07,39.587982177734375,37.06040744781494,38.99672950744629,37.80718146697157,38.6775312546306,21786000,0.7054466987192771,0.916938179022899,2.0256023198847473,8.914776997008975
2020-04-08,40.15768814086914,37.16358051300049,38.956432876586916,38.03103924543801,38.73557662271838,18234200,0.5932348415097163,0.765601081789097,1.9932956990416755,9.043068497000332
2020-04-09,40.33676528930664,37.401807975769046,38.935975341796876,38.25063220199693,38.79836833513361,19689500,0.6687817554149685,0.8223676654030535,1.894399466922253,9.083394695906183
2020-04-13,39.7960319519043,37.5098258972168,38.907065353393556,38.397813130559534,38.837492398536384,12977700,0.4667812605543452,0.5437367519236106,1.827817775065559,8.961627511710027
2020-04-14,40.82833099365234,37.77992706298828,38.89768981933594,38.629291022282665,38.91556450030564,16765600,0.6257854698299335,0.7009834238509635,1.7096587948899895,9.194089871374969
2020-04-15,39.97861862182617,37.89221038818359,38.89063446044922,38.75779841271538,38.95725289722802,18372800,0.7062378940174199,0.7663832523602008,1.603892919479534,9.00274401614999
2020-04-16,40.49125289916992,38.02977867126465,38.89049690246582,38.92288931618724,39.01740976004927,17825800,0.7134472262856982,0.7411541145532935,1.4688425569922525,9.118183601906718
2020-04-17,41.05304718017578,38.219753456115725,38.88992324829101,39.12576149370996,39.0972386784856,15054300,0.6249989620922891,0.6234424602320051,1.4303166337196536,9.244693478335304
2020-04-20,40.82130813598633,38.46136531829834,38.88040725708008,39.28724212630771,39.16484924544642,14002200,0.6226980469031421,0.5780914798327729,1.3625841546005737,9.19250840127899
2020-04-21,39.90137481689453,38.70874099731445,38.845544967651364,39.345730953982645,39.19373260118948,14234500,0.6702748670822031,0.5853542230914911,1.2682746826039497,8.985349563149722
2020-04-22,40.72299575805664,39.008313751220705,38.822946319580076,39.47689903056112,39.25370370538035,12701100,0.640159632912847,0.5204009838086545,1.2331477164684483,9.170369537990785
2020-04-23,40.44210052490234,39.29557857513428,38.81626770019531,39.56882298240314,39.30030750222435,15684400,0.8388646948001502,0.6462385131190819,1.1682838929919164,9.107115029290368
2020-04-24,40.68085861206055,39.4697229385376,38.820756149291995,39.6747311376086,39.354446761433614,15371500,0.8618628157063516,0.636264813651379,1.0565118385065144,9.160880717414907
2020-04-27,40.59658432006836,39.66640205383301,38.817722930908204,39.76252667879525,39.40315803824282,16050100,0.9240376682616053,0.6662345232193945,1.014885508646212,9.14190307626315
2020-04-28,40.61063766479492,39.794306945800784,38.81691619873047,39.84329915365236,39.450510180460554,13392600,0.7875151048297233,0.5539662737675299,0.9630619284320996,9.145067734510619
2020-04-29,40.81428527832031,39.96852283477783,38.828519668579105,39.935774022668355,39.50399155684721,17818100,1.0584298342715377,0.7337486579450804,0.952281170480175,9.19092693118301
2020-04-30,40.34378433227539,40.14735164642334,38.82640556335449,39.97463214739283,39.536924606864005,17532400,1.0449975875363695,0.7196780749650021,0.9296940187269683,9.084975306974407
2020-05-01,39.908390045166016,40.22346954345703,38.81738983154297,39.968323375752185,39.55149187895428,13857400,0.8417629190963262,0.5701783404812385,0.8843094901127646,8.986929315190192
2020-05-04,39.49406814575195,40.29797782897949,38.79855918884277,39.92315621099026,39.54923996784831,11833600,0.7316700683405664,0.4884627021725643,0.8938006159597723,8.893628592721672
2020-05-05,39.68367767333984,40.312489128112794,38.78643882751465,39.900348731214024,39.55451203473033,10902400,0.6942298006088774,0.45287332639911204,0.848991301060898,8.936326567257613
2020-05-06,39.072715759277344,40.28672580718994,38.77418830871582,39.821526543410535,39.535618063143936,12460400,0.8177172508519802,0.5205856609575377,0.8372511648875808,8.798744682101661
2020-05-07,39.03059005737305,40.230370903015135,38.76081733703613,39.746199259026014,39.515813043309784,14083100,0.9369697231790746,0.5897213426272165,0.8226759938905956,8.789258438609048
2020-05-08,40.02777862548828,40.21492156982422,38.79629249572754,39.77301634154623,39.53589012496384,11097900,0.7600835428239159,0.47055398585035063,0.8307520862189068,9.013814306821848
2020-05-11,39.60643005371094,40.20544147491455,38.835846405029294,39.75715098080001,39.538656396679414,12636800,0.8664927299718524,0.5513215784843578,0.8138985365147334,8.918931255229593
2020-05-12,38.94632339477539,40.111341094970705,38.81828895568847,39.679929305940526,39.515427651506705,13117700,0.9108593541416475,0.5812379472783237,0.7988000505034154,8.7702825155128
2020-05-13,38.517948150634766,40.03830757141113,38.81467445373535,39.56926443400665,39.476310808335256,20604500,1.419723228214075,0.9185872538634653,0.7833506125569212,8.67381713479681
2020-05-14,38.560089111328125,39.94174938201904,38.778275909423826,39.47315249851346,39.44038054570753,15859200,1.100209438830195,0.7081487112293582,0.7808927782418639,8.683306814400444
2020-05-15,38.41964340209961,39.810079193115236,38.7524080657959,39.372818298854995,39.400351638115055,10174000,0.7179605516878318,0.45883024534655303,0.7696566912517067,8.651679989564112
2020-05-18,39.12890625,39.72545909881592,38.74475509643555,39.34958857991643,39.38970672093407,15735900,1.1037020827108488,0.7140257769662606,0.7886171120705437,8.811398160925009
2020-05-19,38.18790817260742,39.63978576660156,38.73273330688477,39.23895235064891,39.34257736609773,18467100,1.2763209093089298,0.8482673107467403,0.7882659684457625,8.599495771535555
2020-05-20,38.1036262512207,39.50881729125977,38.70943817138672,39.13082605546527,39.29399104786726,21405400,1.4361967831269322,0.9950507319959382,0.756665329505622,8.58051641232829
2020-05-21,37.89998626708984,39.38171157836914,38.705553359985345,39.01360321847713,39.23932419371912,18201000,1.210973612538344,0.8484151822547399,0.742269379690293,8.534658933711404
2020-05-22,37.99127197265625,39.24723224639892,38.75393447875976,38.91623833792276,39.190380969363716,19960000,1.3080393303048334,0.9532028954445306,0.723308957196874,8.555215467875877
2020-05-26,38.13172149658203,39.12398910522461,38.76385543823242,38.84152244827126,39.14886491160757,20830500,1.3440332935445365,1.0190220382319282,0.7254157697190667,8.586843151739963
2020-05-27,38.72160339355469,39.0295373916626,38.82976135253906,38.830101585917305,39.13210955795844,17063800,1.0881095978462014,0.8513542248848808,0.7310336365411573,8.719678049524713
2020-05-28,39.12890625,38.94526844024658,38.85768043518066,38.8585591729728,39.1319839380385,15427900,0.9913478189628306,0.7841880876238785,0.7222558195493036,8.811398160925009
2020-05-29,40.29463195800781,38.9428108215332,38.90877532958984,38.9953280096428,39.1775779780373,34227800,2.087402087658227,1.747213823917306,0.7921289196010062,9.073906734358058
2020-06-01,39.17103576660156,38.90594310760498,38.947125015258784,39.01206208173411,39.177321420726095,18156100,1.0929341019626775,0.9410935492425161,0.8051207544244015,8.820885263445378
2020-06-02,39.60643005371094,38.91156120300293,39.019472198486326,39.06866855525571,39.19414921025491,17300400,1.0245656134711274,0.9242511922030476,0.7942359643164572,8.918931255229593
2020-06-03,39.908390045166016,38.92279682159424,39.1185627746582,39.14864203048526,39.22215865476123,16086700,0.9382839471536868,0.8811964819408048,0.7851068766118459,8.986929315190192
2020-06-04,40.18226623535156,38.97827434539795,39.2275772857666,39.24708243094872,39.259809932431445,16147300,0.9317996174654795,0.908891446593727,0.7759778019951682,9.048603212822384
2020-06-05,40.54743194580078,39.05411643981934,39.34458984374999,39.370925241887015,39.31030491334789,17105600,0.9785655607347251,0.9866520266984845,0.7784355030815601,9.1308345036468
2020-06-08,40.79322814941406,39.09238891601562,39.41649497985839,39.5063826616515,39.368458765742645,14963000,0.8466331155595075,0.8810027475180251,0.7601770108622989,9.186185097978337
2020-06-09,40.6317138671875,39.143653106689456,39.49586921691894,39.61355706217874,39.41799818148558,14530800,0.8177964778156075,0.8666102079034317,0.7601769197480774,9.149813862854066
2020-06-10,40.76513671875,39.23459377288818,39.55012115478515,39.72323131518553,39.47082714373124,13649100,0.767027230700196,0.8208909533535997,0.7331406019791717,9.179859217594418
2020-06-11,39.64153671264648,39.29077320098877,39.596352539062494,39.71545087684848,39.47752163662988,23412500,1.3053934984294855,1.4044360804472984,0.7563152974988295,8.92683688765398
2020-06-12,39.69771957397461,39.34765472412109,39.65496276855468,39.71376218133668,39.486156849859086,17129000,0.9516801079189352,1.0294167139436714,0.7542085240772746,8.93948864842182
2020-06-15,39.43087768554688,39.39821643829346,39.675859680175776,39.68682080078528,39.4839890394939,14826800,0.8132591497002276,0.8968074988562178,0.7738715037202002,8.879398797968873
2020-06-16,39.971588134765625,39.44035053253174,39.71521339416503,39.7139414992596,39.50311057264181,15021300,0.8255455094788,0.9114289119063088,0.7626349846925603,9.0011608279985
2020-06-17,39.78199005126953,39.52005462646484,39.72298416137695,39.720422313736734,39.51404702278408,10652100,0.5982694046090238,0.6539685486565345,0.7366522761007477,8.958465430545822
2020-06-18,39.95053482055664,39.61240005493164,39.730235214233396,39.74233779057673,39.53116419132418,9019500,0.5248301481010802,0.5625560872067654,0.7275230672018658,8.99641985382158
2020-06-19,39.437896728515625,39.68929557800293,39.71583938598632,39.713343403713765,39.52750664376306,28868200,1.6292302239639889,1.776969579978712,0.7517504948313881,8.880979409037097
2020-06-22,39.08677291870117,39.74407062530518,39.69083953857422,39.653670024188756,39.51022296827044,12333900,0.7113954254953753,0.7661456535820799,0.7528036822567656,8.801910199376884
2020-06-23,38.58115768432617,39.76654243469238,39.66654205322265,39.55152599182089,39.47378903556674,20716400,1.1952750735493087,1.2745879172432124,0.7454300118965808,8.688051224688383
2020-06-24,37.87189483642578,39.724057006835935,39.60741333007812,39.391561119878496,39.41096965520827,24794600,1.3993661973818252,1.510577257571133,0.7650927513044969,8.528333053327486
2020-06-25,38.11766815185547,39.67349510192871,39.57019432067871,39.27023798006678,39.360251949194435,17122500,0.9617663810622596,1.044756648734296,0.7791374257193968,8.583678493492494
2020-06-26,37.33116149902344,39.525321578979494,39.50699249267578,39.08556402949122,39.28067977467792,30211900,1.716352641985731,1.8159784755467818,0.727522444542613,8.406565869131331
2020-06-29,38.40559387207031,39.48704948425293,39.454043426513664,39.02080496687971,39.24636268045801,15930300,0.9107663070836903,0.9565319937414083,0.7247131917860553,8.648516190344399
2020-06-30,38.71458435058594,39.44245719909668,39.41190895080566,38.991641098661255,39.225508628306166,17414800,0.9953125754601623,1.0414006823629847,0.7250643888932486,8.373836186773381
2020-07-01,38.39155578613281,39.36661548614502,39.38171257019042,38.93449011651569,39.19280459527976,12831600,0.7402535816767681,0.7686161004694982,0.7275222306329386,8.303966179701018
2020-07-02,38.47582626342773,39.28129348754883,39.33676918029785,38.890807844793024,39.16468779795223,15814500,0.9132134001485209,0.9437724208984496,0.7233088003201829,8.322193604432188
2020-07-06,38.79183578491211,39.19351367950439,39.30376388549804,38.881381934328175,39.15006615038203,11231100,0.6597333892553878,0.6738273762147954,0.7092640627487363,8.390545415791124
2020-07-07,38.6513786315918,39.086421203613284,39.26317428588867,38.85947685787709,39.13050977709614,13319700,0.7862158848699026,0.8011085378561781,0.6952193004651104,8.360164999395229
2020-07-08,38.89014434814453,38.99934272766113,39.22904548645019,38.862397571235896,39.12108368184313,15320800,0.902230312295544,0.9222730556224417,0.6903034893769938,8.411809231949151
2020-07-09,38.304290771484375,38.87630043029785,39.18291854858398,38.809244542688134,39.08905258731926,17618400,1.0255481898623913,1.0552141536593622,0.7077329680474005,8.285091046472541
2020-07-10,38.694862365722656,38.82896671295166,39.14053009033203,38.79835100202475,39.07359414725665,15652200,0.9321513053048331,0.939891545155471,0.6760721770236262,8.369570386861193
2020-07-13,38.66645812988281,38.77740364074707,39.10698356628418,38.78578977610647,39.057628028928264,15285100,0.9153146377225133,0.9203316520004634,0.6626268998155321,8.363426644860002
2020-07-14,39.36948394775391,38.77433395385742,39.096205444335936,38.84137969721575,39.06985767280378,15683600,0.9367747523089214,0.9422535935599253,0.6673844476599295,8.515488797474482
2020-07-15,39.0996322631836,38.73073616027832,39.08831672668457,38.86597517968888,39.07102530379907,13903600,0.8332374459434839,0.8332406418342945,0.651158537152859,8.457120773144075
2020-07-16,39.61092376708984,38.72218284606934,39.08686164855956,38.93692266420326,39.092197792555574,13477400,0.8009149306447985,0.80521334025106,0.6659765263735021,8.567711429590965
2020-07-17,39.98019027709961,38.72366561889648,39.10501113891601,39.036281484479105,39.12702102724357,13506300,0.7920726466842738,0.8059327650040331,0.6743756025661896,8.647582550925542
2020-07-20,39.6748275756836,38.73551216125488,39.117895889282224,39.09709539792715,39.14850363698632,10572900,0.6551928849581213,0.6335482332328044,0.6454852331123743,8.581533611434098
2020-07-21,39.65353012084961,38.7638500213623,39.110410919189455,39.150089181062626,39.168308597137816,12619700,0.7813392919609915,0.7548197463147233,0.6475169543409844,8.576927042592752
2020-07-22,39.58961486816406,38.8142728805542,39.11007461547852,39.19194877031038,39.18483041168787,11223500,0.7159339721785003,0.6724459814410062,0.6351054089806869,8.563102385430525
2020-07-23,39.66062927246094,38.90370960235596,39.124360733032226,39.23658500861043,39.20348919054172,16718700,1.094662255376015,0.9973822645440021,0.607638899733125,8.578462565539867
2020-07-24,40.37076187133789,39.01636428833008,39.16141700744629,39.344601852679716,39.24926458978862,17981700,1.1740551806000175,1.076096143870626,0.6318425199144532,8.732061891314192
2020-07-27,40.38495635986328,39.16905403137207,39.197914352416994,39.44368323431625,39.29380152194842,12306700,0.8534093170686717,0.739626496041787,0.6107477513685705,8.735132112102056
2020-07-28,40.81814193725586,39.28968143463135,39.245884323120116,39.57458406316764,39.35357957745067,13454700,0.941095416123132,0.8054445554445554,0.5857946023193346,8.828828715705225
2020-07-29,40.796836853027344,39.39379405975342,39.27924293518066,39.69098909077332,39.41017790198308,9341800,0.6724008867647482,0.5635464395252017,0.5719586943502065,8.824220496651149
2020-07-30,40.69031524658203,39.50873203277588,39.329291076660155,39.78616301037415,39.46037936647716,12635800,0.9101366306980778,0.7676586768795967,0.5569866602813519,8.801180226487135
2020-07-31,40.81814193725586,39.625847816467285,39.38358139038086,39.88444671769622,39.51362495748809,16202900,1.1654389789704687,0.9906316469727252,0.5611840541916475,8.828828715705225
2020-08-03,40.647708892822266,39.718641471862796,39.438535842895504,39.957138353422515,39.55809883730512,13493400,0.9627178188841352,0.8297514607386629,0.5653421171936163,8.79196461348535
2020-08-04,41.123497009277344,39.84224739074707,39.50118034362793,40.068220130170594,39.619487000911874,11601000,0.8328062937499686,0.7207918981027286,0.5808187223162584,8.894876004983939
2020-08-05,40.86074066162109,39.9407772064209,39.55576072692871,40.143698276023024,39.66816361505733,9809300,0.718396623514631,0.6179330284142228,0.5867441997374125,8.838042678494277
2020-08-06,41.066688537597656,40.078897094726564,39.60266242980957,40.2316021104587,39.723007729666755,10369900,0.7801604121573787,0.6588038902967226,0.5684585493937551,8.882588520981557
2020-08-07,41.56378173828125,40.222343063354494,39.651359939575194,40.358476360727515,39.79519494569085,12783900,0.9722635764505637,0.8149039344155288,0.5741394346278732,8.990108131534221
2020-08-10,41.89044189453125,40.38354225158692,39.683276138305665,40.504377840137394,39.877361492704196,12114500,0.932597334963297,0.7946357413899976,0.5759147287139686,9.06076363986701
2020-08-11,41.5495719909668,40.49254665374756,39.730846862792966,40.60392014021639,39.942938374989005,12833100,0.998876049422691,0.8476909469584626,0.5752045799370812,8.987034610320894
2020-08-12,41.61348724365234,40.618239402770996,39.7709880065918,40.700069388162674,40.00845009532874,10802100,0.8510639974189411,0.7197118194482163,0.5666833074856186,9.00085926748312
2020-08-13,41.55666732788086,40.71552658081055,39.80395355224609,40.781650144326306,40.06916449660529,7428600,0.599562954877008,0.5007225109165272,0.5432495156203345,8.988569308161642
2020-08-14,41.748416900634766,40.803937911987305,39.83527656555176,40.87372316873663,40.135017532057425,8715900,0.7173282098151476,0.5934377666874967,0.5386336633948006,9.030044104754692
2020-08-17,41.741310119628906,40.90726203918457,39.85915412902832,40.95635049739304,40.1980093982367,8371900,0.6953142551506567,0.5768766976790978,0.5294016869286026,9.028506931594846
2020-08-18,42.02536392211914,41.02585372924805,39.88379684448242,41.05816129974791,40.26967035995758,10130600,0.8501678415575696,0.7027422388693748,0.5290467666673611,9.089946826925848
2020-08-19,41.933048248291016,41.143025398254395,39.90982353210449,41.14148386627582,40.33490086538242,10816300,0.9092659159154111,0.7541947082046103,0.5265612008993557,9.069979252868796
2020-08-20,41.8691291809082,41.25345039367676,39.93190338134766,41.21078342005033,40.39506668167755,8061500,0.7032761686083132,0.5665235629247697,0.5198150378242417,9.056153770600202
2020-08-21,41.89044189453125,41.329434394836426,39.97688148498535,41.27551279857232,40.4537088468875,11059300,0.9948401768156983,0.7909270208498984,0.4764969610595983,9.06076363986701
2020-08-24,42.30230712890625,41.42530193328857,40.028973236083985,41.3733027347946,40.52620289716275,10931500,0.9894640610432752,0.7887793103507992,0.46939515411856797,9.14984872399064
2020-08-25,42.19578170776367,41.49418392181396,40.08427131652832,41.45163406555356,40.591676576009846,11316800,1.0343473931325322,0.8207385893055081,0.4601630530623922,9.12680762872026
2020-08-26,42.22419738769531,41.565551948547366,40.12932350158692,41.52521152480516,40.65569699999751,15096400,1.34444351923881,1.09473071106735,0.4626484917220971,9.132953846040548
2020-08-27,42.20288848876953,41.64118061065674,40.17774147033691,41.58975218803986,40.71637117602779,11405300,1.0213204551539732,0.8261643758019669,0.46477892367947715,9.128344801880107
2020-08-28,42.08216094970703,41.7043815612793,40.220373992919924,41.63664826057959,40.769931559309335,11873900,1.0842991719296196,0.8565661608069709,0.45625768468262784,9.102231835609132
2020-08-31,42.08927536010742,41.77645988464356,40.27340156555176,41.67975560339177,40.82167053188965,14555500,1.3227625020844949,1.072152856122987,0.444540516045171,9.103770658981711
2020-09-01,42.01115417480469,41.82084274291992,40.33188919067383,41.71131737209776,40.86831694925886,13358400,1.2043562165882975,0.9824920424057875,0.4289177535419547,9.08687330571252
2020-09-02,42.98402786254883,41.92700710296631,40.41994659423828,41.83252789499786,40.951286004682004,21711900,1.857803611148071,1.5945455597665044,0.46300399003154313,9.297302657551043
2020-09-03,43.04084014892578,42.02571468353271,40.52332550048828,41.947605252514805,41.03322930445626,23126800,1.8764579450550967,1.7026282853566959,0.4857280535751592,9.30959096665979
2020-09-04,42.94853210449219,42.09495220184326,40.61994277954101,42.042931619369796,41.10833921818317,22250100,1.7385579956899584,1.6258094668011929,0.5049015384556206,9.28962504281547
2020-09-08,42.57925796508789,42.12939300537109,40.724904708862304,42.09401031896199,41.16602230629708,18469700,1.4082044682054746,1.3731396146582024,0.5226547282249729,9.209752271268162
2020-09-09,42.63605880737305,42.18371734619141,40.80951400756836,42.14563398452495,41.223670796535345,15896200,1.1980011960266592,1.1818713212896392,0.5024155589264201,9.22203810505781
2020-09-10,42.27389907836914,42.21673793792725,40.880700302124026,42.157849707748206,41.26485621935236,15811200,1.1695202224360715,1.1783614700124923,0.5159077020901333,9.143704156883082
2020-09-11,42.45853805541992,42.2618314743042,40.962039947509766,42.186486693240745,41.31166727174717,13924800,1.0058219326504962,1.0360854588953512,0.5226533138660961,9.183640955209919
2020-09-14,42.834903717041016,42.31615581512451,41.04922149658203,42.248240695507434,41.37140203430771,11932500,0.852015311641603,0.8930056162999774,0.5333051399135232,9.26504759949161
2020-09-15,43.03374481201172,42.380777549743655,41.13405967712402,42.323050611364984,41.436591947158846,9444300,0.6717785847147486,0.7086887857989402,0.5553190651463226,9.30805626881904
2020-09-16,42.87040710449219,42.4230297088623,41.218440246582034,42.37517980118662,41.49281999254447,12699000,0.8951108297907884,0.9538060157301758,0.5524784051130279,9.272726864439914
2020-09-17,43.02663803100586,42.477709197998045,41.301170120239256,42.437223442121784,41.55296971954296,14996200,1.041687433336818,1.1268953170594467,0.5659710017097069,9.306519095659194
2020-09-18,42.856201171875,42.527062797546385,41.39220832824707,42.47712608305066,41.60407683532068,22584500,1.4934650777019107,1.6845483110211208,0.5762677472439488,9.269654168332954
2020-09-21,42.330711364746094,42.54907627105713,41.46492530822754,42.463181824164515,41.63257230706286,15871400,1.0331045992858081,1.1834399826652893,0.6057378137872519,9.15599246599183
2020-09-22,42.4798469543457,42.5579532623291,41.541193084716795,42.464768979419866,41.66579876381905,12198900,0.7907915045776047,0.9138082738268153,0.6139046430196679,9.188249999370361
2020-09-23,41.8336296081543,42.539845657348636,41.590475997924806,42.40466046787076,41.67238036555768,15416200,0.9862479815957357,1.1552760493908576,0.6394692934902526,9.048475330758263
2020-09-24,42.0324592590332,42.53025875091553,41.649132537841794,42.369212733695754,41.68650110647829,10875300,0.705267571135216,0.818701009153841,0.6504763203649592,9.091481524766598
2020-09-25,42.17448043823242,42.528838348388675,41.700403671264645,42.350666800794485,41.7056375508608,10676300,0.6940028231262336,0.8071240836004645,0.6597079194277751,9.12220023477255
2020-09-28,42.15317916870117,42.53238925933838,41.74386344909668,42.33185845488084,41.72318820254081,11910500,0.7741387418076193,0.9026069620131337,0.6600627037978104,9.117592840824841
2020-09-29,42.06796646118164,42.53132381439209,41.79172622680664,42.30672588405234,41.73670891856594,10005900,0.6601066565158146,0.7589238919001244,0.6589976889258523,9.099161614821268
2020-09-30,42.24549865722656,42.54304103851318,41.84356559753418,42.30089471959274,41.756661457336946,16348400,1.067998997877185,1.2330132967289895,0.6639685616802911,9.5576171858331
2020-10-01,42.21709442138672,42.50469436645508,41.896115188598635,42.292913738811215,41.77471765200556,14547100,0.9730980084974077,1.0916843447222337,0.622426023179776,9.551191014495508
2020-10-02,42.06796646118164,42.45605068206787,41.944261932373045,42.271490188560776,41.78621760530658,10741800,0.7496014484283513,0.8134132232769244,0.5975715268805498,9.517452320418087
2020-10-05,42.3662223815918,42.42693519592285,41.98417114257813,42.28051230218278,41.8089628906511,10457400,0.7610706545233829,0.8010050747019536,0.567746327113601,9.58492970857293
2020-10-06,42.22419738769531,42.409182167053224,42.02095596313477,42.2751489769935,41.82524659641754,12524900,0.9316945297006503,0.9590487140910917,0.5485728476995366,9.552797988848262
2020-10-07,42.330711364746094,42.393914794921876,42.05120735168457,42.280440632969935,41.84506874419514,13674700,1.025700069719132,1.0467378111883916,0.5411169422869573,9.576895699845876
2020-10-08,42.47999572753906,42.40421962738037,42.08487052917481,42.29944588007176,41.86996784158118,14266400,1.0763174919321832,1.0838584827136029,0.5385636869181777,9.610669778428381
2020-10-09,42.580474853515625,42.410316467285156,42.122673721313475,42.32621054420927,41.89783086165704,9846200,0.754446342568843,0.7512276822159347,0.5337667173791306,9.633402165351852
2020-10-12,42.73835754394531,42.405489158630374,42.16107803344727,42.365462639422226,41.93079269233502,20211200,1.50103640372734,1.5326635109272193,0.5176342342658827,9.669121528677161
2020-10-13,42.60199737548828,42.3839017868042,42.20016380310059,42.3879897571428,41.95711444461554,22109600,1.5682686206895329,1.6549966457828411,0.5133473971253419,9.638271418465832
2020-10-14,41.93453979492188,42.33710842132568,42.216384658813475,42.344804046455096,41.9562291642354,16591900,1.1608620880251093,1.232762617466818,0.5322379203865981,9.487265885436226
2020-10-15,41.74076843261719,42.27281494140625,42.2339852142334,42.2872768451372,41.94777972377979,13644500,0.9591811126135357,1.008028768695574,0.5261147914074946,9.443427072749639
2020-10-16,41.66183090209961,42.21309642791748,42.24588806152344,42.227710564847904,41.93656604449821,13364200,0.9709433353627615,0.9829718344977938,0.5131363878577002,9.425568254123693
2020-10-19,41.1235580444336,42.15273876190186,42.23708358764648,42.122553181951304,41.90468337782901,16075100,1.1670335932976752,1.1766687401283047,0.5093332549197769,9.303789459255187
2020-10-20,41.08768081665039,42.08313045501709,42.221028366088866,42.0239939090655,41.87264406170436,18696200,1.3260478084202,1.355468156409028,0.5118077086063515,9.295672599004037
2020-10-21,40.72882843017578,42.02789039611817,42.204613494873044,41.90064481583791,41.827788546742454,21498300,1.492595965020504,1.5392792109560667,0.5026065672523664,9.214485872721657
2020-10-22,41.14509582519531,41.98352222442627,42.19524566650391,41.82868776911004,41.80101628315237,16636100,1.132374967965811,1.181276748273398,0.5115629173848522,9.308662164516003
2020-10-23,41.59724044799805,41.95466022491455,42.19605712890625,41.806645167099376,41.793025073930636,12879600,0.8701550518528528,0.9075143677796464,0.5118050065798421,9.410955316561498
2020-10-26,41.48957443237305,41.92147998809814,42.19088027954101,41.7764479542683,41.781125048771514,15196800,1.0154341744836481,1.0610964132276761,0.5253173107807694,9.386596968477669
2020-10-27,41.18097686767578,41.87713050842285,42.17967361450195,41.71973642221187,41.757589825983445,12253000,0.8126317716274588,0.8509375243933571,0.5308471969070923,9.316779887803861
2020-10-28,40.41305541992188,41.78550834655762,42.14742744445801,41.59529061246996,41.70486298653005,18720200,1.2318546848143948,1.2847394079446008,0.5526271911730862,9.14304541999762
2020-10-29,40.73600769042969,41.71145401000977,42.12348663330078,41.51345414370422,41.66686866119278,19146100,1.2411006624225127,1.2991152003691189,0.5786795135971439,9.216110107808595
2020-10-30,40.90108108520508,41.65310974121094,42.10412567138672,41.45513290003763,41.636837775859924,17632800,1.118033689128199,1.1810927103655608,0.5881758852489138,9.253456295330972
2020-11-02,41.41063690185547,41.60533046722412,42.0945295715332,41.45089518592505,41.62796715334994,16086400,1.0020987110587558,1.0703026154495532,0.6106507202319907,9.368738149851723
2020-11-03,41.44651794433594,41.566446495056155,42.0774137878418,41.4504783057737,41.620851498094495,10693500,0.6699709419252008,0.7117134313672245,0.6191462064492146,9.376855873139581
2020-11-04,41.06614303588867,41.50321807861328,42.0548210144043,41.41387494673703,41.59909822506682,20785700,1.2738919474476746,1.3661872388409233,0.6441256803544348,9.29079989374322
2020-11-05,41.73359680175781,41.46589813232422,42.045009002685546,41.444324647215204,41.6043726790547,20156400,1.2134229997971246,1.316071092545855,0.6796514808340657,9.441804563736119
2020-11-06,42.006324768066406,41.43719062805176,42.04107772827148,41.497848468248655,41.62013550607476,11986200,0.7169556034475024,0.782021300166684,0.6896992183812429,9.503506510232196
2020-11-09,42.94648742675781,41.447597122192384,42.0583642578125,41.63581408334477,41.67214930688586,24265900,1.4340764467663558,1.5579988088637182,0.7442431857013005,9.716208811537626
2020-11-10,43.85077667236328,41.510036087036134,42.093594284057616,41.84676290134653,41.757585674159486,22051800,1.303449248095302,1.4023428979514747,0.7693623177916603,9.920795115628616
2020-11-11,43.77901077270508,41.60225963592529,42.128951416015624,42.03078650814258,41.83685724665147,12196900,0.7304283044636021,0.776786521748545,0.7603910830021622,9.90455880601619
2020-11-12,43.628299713134766,41.69663619995117,42.14183685302734,42.18293062290374,41.90710989239591,13293300,0.7969257930935256,0.8557899355761095,0.7589559225183479,9.870461951704401
2020-11-13,43.82207489013672,41.80464839935303,42.15746154785156,42.339039600735454,41.98220655897398,10652800,0.643862206186645,0.6969954242009625,0.772950693753101,9.914301627427697
2020-11-16,43.70005798339844,41.93347339630127,42.17249206542969,42.468660399084314,42.04957328150043,14289400,0.8683466750770393,0.9447740824033629,0.7568026706923259,9.886696535243408
2020-11-17,43.59959030151367,42.059068870544436,42.192898712158204,42.57636800883949,42.110358262677416,11698200,0.7263269458467885,0.7804396272420411,0.7478315607283925,9.863966737430065
2020-11-18,43.29098129272461,42.18717651367187,42.205997161865234,42.644426416828544,42.156657205032204,11698800,0.7491549529825029,0.7848753892576169,0.7417312766285307,9.79414706764613
2020-11-19,43.212032318115234,42.29052333831787,42.224759826660154,42.698484121712994,42.19804446436879,12663000,0.8213479108588122,0.8531678175639785,0.7198416095065309,9.776285659910055
2020-11-20,43.09001541137695,42.36516208648682,42.237389373779294,42.735772815966705,42.233023717192644,14225400,0.9186787156037955,0.958046230609959,0.7105115762711514,9.748680567725767
2020-11-23,43.22639083862305,42.452002906799315,42.24521911621094,42.78249834193397,42.27197929058207,11601400,0.7580206548769476,0.7816747948789231,0.6889802600935969,9.779534130083933
2020-11-24,43.52063751220703,42.56898593902588,42.25495697021484,42.85279731053141,42.3209462796654,15481400,1.0009776106471628,1.0346825228785848,0.6900566071048757,9.846104466657282
2020-11-25,43.35557556152344,42.716111946105954,42.264660339355466,42.90068095348303,42.361519976993165,10604300,0.7041141105349529,0.7107168157784857,0.6595550171451589,9.808760868245033
2020-11-27,43.477569580078125,42.85319004058838,42.27367897033692,42.95562272744447,42.40528662809453,5763700,0.4004971036451372,0.3911326880167645,0.625105990759593,9.836360782209066
2020-11-30,43.35557556152344,42.975914764404294,42.283666458129886,42.99371347354723,42.442552860778015,21839100,1.4956566641646714,1.483532518008952,0.6146994716661084,9.808760868245033
2020-12-01,43.477569580078125,43.07926139831543,42.306603622436526,43.039795007502555,42.48314175173096,14282600,0.9842269815160263,0.9723174166444055,0.5938866894731273,9.836360782209066
2020-12-02,44.03736877441406,43.20880393981933,42.33775405883789,43.13480203292269,42.54409183105187,14169900,0.9649030221357261,0.9620633410135996,0.6118289127311438,9.963009693228264
2020-12-03,44.31010055541992,43.3710018157959,42.3872834777832,43.24673522554148,42.61334707514474,11937200,0.8381167158198637,0.8143214483641398,0.5946045424452396,10.02471250276105
2020-12-04,44.17373275756836,43.493008613586426,42.43010894775391,43.33502070478214,42.6745386705339,10495800,0.7627842008509538,0.7163641967784019,0.5508253340378915,9.993860666476301
2020-12-07,44.03020477294922,43.59420261383057,42.46722343444824,43.40122871127424,42.72770204709921,12537500,0.9093434449664984,0.8535467035566772,0.5429307124671006,9.96138891028816
2020-12-08,44.10197067260742,43.65197677612305,42.506199264526366,43.46796604092502,42.78159493437404,13421100,1.0132818127046972,0.9118262872783754,0.49879326560044923,9.977625219900586
2020-12-09,44.10913848876953,43.66489486694336,42.54702270507813,43.52903008357688,42.833655465918966,14949500,1.1597691710631406,1.0088883675937188,0.46865019580850953,9.979246865877398
2020-12-10,43.427337646484375,43.647311210632324,42.570659484863285,43.51934508956807,42.85693712005879,15464400,1.184699205726613,1.044883843462287,0.47762110534034613,9.82499631482075
2020-12-11,43.31250762939453,43.63152160644531,42.59256774902344,43.49964628383726,42.87480263022882,13673000,1.0459421262696096,0.9249367771584924,0.473673791939795,9.799017183796817
2020-12-14,43.046974182128906,43.59276657104492,42.612147903442384,43.456534655103134,42.881554455793534,15706500,1.178714472150699,1.0554077476262145,0.4908984467110759,9.738942924534516
2020-12-15,43.4560546875,43.58056640625,42.633944549560546,43.45648894390283,42.90408387664476,15876000,1.1843836818248281,1.0590850161884706,0.4912573746179557,9.831493255168505
2020-12-16,42.99673080444336,43.55042343139648,42.64939521789551,43.4127024544305,42.90771708949961,17165900,1.2550167881223806,1.1380869658382304,0.4991521709917926,9.727575868036071
2020-12-17,43.0684928894043,43.53929901123047,42.66415084838867,43.379920591094674,42.91402202282921,12095500,0.8830340364704629,0.8036057985850479,0.48802794532010624,9.743811314611786
2020-12-18,43.39145660400391,43.5482702255249,42.68238006591797,43.3810192589908,42.93274494758116,31909400,2.1766332559798856,2.071447925832071,0.5041759688237424,9.816878591532893
2020-12-21,42.695308685302734,43.52853488922119,42.68467674255371,43.31571349006813,42.923433721609456,18567500,1.2480603559097767,1.1918425143881244,0.5328830823824131,9.659382159412493
2020-12-22,42.33646011352539,43.48403835296631,42.676638793945315,43.222451263730726,42.90041514874341,12951500,0.8666346818480801,0.8391741512979516,0.5414956181290854,9.578196296166821
2020-12-23,42.31492233276367,43.42375259399414,42.67089729309082,43.136019936971955,42.87745464615597,14012100,0.9422353722398272,0.9175220846749237,0.535036687795343,9.573323590906003
2020-12-24,42.228797912597656,43.367413711547854,42.67678245544434,43.0496178394125,42.852017127192894,7751100,0.5262666544001701,0.5134926723401211,0.5350366855045781,9.5538388111197
2020-12-28,42.32928466796875,43.30999946594238,42.68855278015137,42.98101468022738,42.83151781506646,15355600,1.0097014346340032,1.014972355890463,0.5422134690417216,9.576572924116592
2020-12-29,42.2072639465332,43.25258388519287,42.699461441040036,42.90732413416127,42.80703727120241,15686100,1.0527294215394074,1.0336449755922696,0.5490315940186615,9.548966968895593
2020-12-30,41.72642135620117,43.16502647399902,42.71151870727539,42.79485720292698,42.76466017649648,18259800,1.2093167418027495,1.1997860073457145,0.5576437893107457,9.440181191685888
2020-12-31,42.16421508789063,43.07136878967285,42.733049392700195,42.73479604911399,42.741113310276646,12906300,0.8583547983551575,0.8545285384445479,0.5364718305446804,9.810919549128869
2021-01-04,42.23597717285156,42.96766262054443,42.763192367553714,42.68728948946995,42.72130404998546,19129800,1.2425401345308955,1.2705726324162399,0.5336011465163569,9.827617406322744
2021-01-05,42.04220199584961,42.8610860824585,42.7811344909668,42.62585258531563,42.69467259688209,16220000,1.0343114654892607,1.0779038743666485,0.5371896730009528,9.782529108859563
2021-01-06,42.55177307128906,42.787164497375485,42.80022514343262,42.61879739350358,42.68906869391766,22678500,1.4008603383289127,1.4877291618532034,0.5544141915467566,9.901097919289889
2021-01-07,42.45601272583008,42.704866600036624,42.81955390930176,42.60329409182039,42.67992924418874,19079900,1.1583288408394408,1.2453134068220035,0.5496514812924804,9.878816061479029
2021-01-08,41.92648696899414,42.59573402404785,42.834464111328124,42.53883627059884,42.65038248829875,28411600,1.6571337749580417,1.816071758216415,0.5655276568052642,9.755604124800502
2021-01-11,41.67986297607422,42.50836029052734,42.859800262451174,42.457029290167924,42.612322899584065,15688000,0.9144213420159062,1.0066804877754543,0.5525426105129551,9.698218776860818
2021-01-12,41.53478240966797,42.419474029541014,42.875775756835935,42.369196253929836,42.57006640978343,22699300,1.2891821221841577,1.4499753304959784,0.5603745272703854,9.664460914602817
2021-01-13,41.38970947265625,42.33661079406738,42.88554832458496,42.27591179857045,42.523777902445104,16985400,0.9611766766366003,1.0858836026678929,0.5278655696133849,9.630704827579473
2021-01-14,41.37520599365234,42.232568359375,42.8848397064209,42.190130293340154,42.478735866806176,18341100,1.0307046135033313,1.169183447650178,0.5281613648636455,9.627330106494465
2021-01-15,41.6218376159668,42.16382369995117,42.888346099853514,42.13600718120936,42.44513201383208,15785300,0.8905323290658925,0.9997695855161379,0.525235067240914,9.68471722966881
2021-01-19,41.38246536254883,42.0795223236084,42.894672546386715,42.06424129371788,42.403458811820975,18821300,1.0420396877861675,1.195029730819415,0.5276186811416107,9.629019242271628
2021-01-20,41.53478240966797,41.9866886138916,42.89069625854492,42.01381663809408,42.36939307056007,19923100,1.140896879141872,1.2653617177381697,0.5185692189124858,9.664460914602817
2021-01-21,41.54203414916992,41.929024887084964,42.881410446166996,41.96888497248226,42.33694762266242,13601500,0.7901249915404954,0.8620935534556314,0.4929095009195031,9.66614827514532
2021-01-22,41.68711853027344,41.89655780792236,42.856223068237306,41.94205007322427,42.31146412884325,16364500,0.9412991590746399,1.0477127536499484,0.5040318571869701,9.69990702502065
2021-01-25,42.376220703125,41.89962272644043,42.82673194885254,41.98339965702434,42.31400360234449,22444300,1.260446603441135,1.4362410661675682,0.5422636719635655,9.860249769807526
2021-01-26,41.03428268432617,41.83989696502685,42.77183738708496,41.89300756438642,42.26381846830456,37892700,1.961959137306902,2.347601404321955,0.6004509307685453,9.548002858180945
2021-01-27,39.98974990844727,41.72292022705078,42.69906639099121,41.711744930487455,42.17463930909447,37239000,1.8247367744069385,2.2406215376684226,0.6503424626538372,9.304957256378215
2021-01-28,40.16382598876953,41.620748329162595,42.62590141296387,41.564324078895275,42.095783884768,24000800,1.152576330424936,1.4212672046062682,0.6770490036968081,9.34546189795424
2021-01-29,39.71410369873047,41.52013244628906,42.54618232727051,41.388112614117674,42.00238466178613,26231200,1.236027590002535,1.531682897402728,0.6777494486935275,9.240818915799203
2021-02-01,39.3731803894043,41.38058071136474,42.46165412902832,41.196214307002116,41.899278611888796,20541100,0.9508042984791649,1.187168676885249,0.6878416223681733,9.16149166748568
2021-02-02,39.53276443481445,41.24542007446289,42.38648979187012,41.03779050965091,41.80647413435647,18974500,0.878605473983679,1.087481681397011,0.6986321617495047,9.198624250828688
2021-02-03,39.74312210083008,41.130466079711915,42.317111587524415,40.914488756429876,41.72555836833583,13909300,0.6475278646519513,0.7960436869700263,0.6995995703266591,9.247571020821201
2021-02-04,39.99699783325195,41.002727317810056,42.255251235961914,40.82710866850817,41.657771680685485,14761700,0.700111644513246,0.8443091366720732,0.6920045813702927,9.306643729303387
2021-02-05,40.127567291259766,40.886305046081546,42.19327476501465,40.7604856801988,41.597763665413886,12069500,0.5821042082041993,0.689956808172171,0.6869272534887344,9.337025095241726
2021-02-08,39.93171691894531,40.7865665435791,42.12149635314941,40.68155532198418,41.532428498885714,17887700,0.8851762897635177,1.0197505878999502,0.669880739034063,9.291453933951548
2021-02-09,39.89545822143555,40.69734630584717,42.05229400634766,40.606688931455736,41.46823358604453,19605600,0.9608730076463154,1.1063311693808053,0.6648031637601306,9.283017131239033
2021-02-10,39.86643600463867,40.613928985595706,41.98007133483887,40.53618865271125,41.405417994616855,16232800,0.8083814145180777,0.9053097772541309,0.6557357376201086,9.276264138599707
2021-02-11,39.60529327392578,40.52470817565918,41.90506568908691,40.44753194996978,41.334824868315245,17398800,0.865556389664544,0.9751678245061107,0.6629895799921233,9.215500519105701
2021-02-12,39.31514739990234,40.42170524597168,41.8218172454834,40.33968580234431,41.25562183033827,18357300,0.9132030981837719,1.0242116622644009,0.653197043361627,9.147988345059012
2021-02-16,39.27888488769531,40.3045576095581,41.726647567749026,40.238657143806314,41.17810273454835,22095700,1.0821878358006467,1.2219814530162878,0.6423163540098372,9.139550654729172
2021-02-17,41.33893585205078,40.302381134033205,41.66722427368164,40.34344559221055,41.18440991562687,40531300,1.8849032140452175,2.1728238577735386,0.7329874342857103,9.618890640929967
2021-02-18,41.33168411254883,40.292226219177245,41.61038330078125,40.43756354652848,41.1901853743297,20759900,0.9635617796459125,1.1007938586011812,0.7456815267118454,9.617203280387464
2021-02-19,40.94723510742188,40.26248626708984,41.5487239074707,40.486103695184994,41.18065791288234,18689400,0.8573372927776992,0.9845820770596917,0.7670801390747805,9.527748318349612
2021-02-22,40.94723510742188,40.22549209594727,41.48562919616699,40.53002097254089,41.17150407737408,17854900,0.816265979393226,0.9362457880501753,0.7583756141841068,9.527748318349612
2021-02-23,41.36795425415039,40.175078773498534,41.43080551147461,40.60982414221798,41.17920800587512,21062000,0.9659358782210856,1.0973798246130488,0.7511218682014682,9.625642745951964
2021-02-24,41.43323516845703,40.19502639770508,41.39092346191406,40.68824423995503,41.18916985538813,17136900,0.8251998245290478,0.8913194538354474,0.7054234400346786,9.640832541303805
2021-02-25,40.98350143432617,40.244713973999026,41.34434333801269,40.71636397275228,41.181104427111194,24165300,1.2014596322778701,1.2433085209797798,0.6865639496351236,9.536186896296782
2021-02-26,40.1130485534668,40.24217510223389,41.285664825439454,40.65890536139176,41.139219883046714,23935200,1.190213528042385,1.2211300932714177,0.6862011843846169,9.333646823687404
2021-03-01,40.15658187866211,40.26429901123047,41.219675369262696,40.61106502970322,41.10068505934535,20550400,1.0365397094164144,1.0434668870479997,0.6782225609494184,9.343776312646394
2021-03-02,39.88093948364258,40.28968696594238,41.15735954284668,40.541529263411725,41.052851899513875,17184600,0.8741722258565663,0.8725484929414083,0.6619018052065748,9.279638859684713
2021-03-03,40.17109298706055,40.32160339355469,41.09941154479981,40.50624961804495,41.01827311863335,22838700,1.1504859870991142,1.147120788950609,0.6825748919469753,9.347152808966058
2021-03-04,39.7503776550293,40.32196617126465,41.026589965820314,40.43426181204346,40.96855172790379,23692000,1.1647706532071385,1.1998842455077017,0.6985330249832294,9.249259268981032
2021-03-05,40.62081909179688,40.3531572341919,40.985100173950194,40.45202917201998,40.954915153938806,23598100,1.1354900238448045,1.189069755137724,0.721019388223937,9.451796678738425
2021-03-08,41.19386291503906,40.40647201538086,40.96224822998047,40.52268000468846,40.964285654374116,23648800,1.1070877340158145,1.178915279098551,0.7551116945759919,9.585134553906624
2021-03-09,40.765899658203125,40.44818115234375,40.93126777648926,40.54584378121366,40.95650581138701,20956400,0.9740500741237215,1.0375132397252453,0.7638162203892683,9.485554540996425
2021-03-10,41.40422821044922,40.523619651794434,40.91477638244629,40.6275946792361,40.9740635525267,18848600,0.8776238420383246,0.9230174658649154,0.7935565920016433,9.634083099133795
2021-03-11,40.26538848876953,40.54356727600098,40.87349845886231,40.59309885157261,40.94627237355583,30312900,1.3666241976190283,1.4629934741578794,0.8370787898027807,9.369093821722567
2021-03-12,40.35243225097656,40.58092422485352,40.836401824951174,40.57017822294441,40.92298452561154,22002400,0.9817661295504359,1.0554682064332022,0.8399800650347189,9.389347473936573
2021-03-15,40.35968399047852,40.633151054382324,40.80906707763672,40.55013115318576,40.90089430854751,18970600,0.8453279285152354,0.9094107856447072,0.8523113914416804,9.391034834479077
2021-03-16,40.35968399047852,40.687191009521484,40.77297645568848,40.53199332816602,40.879670374505594,19044700,0.8544379542427696,0.9076214139691927,0.8519487649639679,9.391034834479077
2021-03-17,40.4394760131836,40.642218017578124,40.73704643249512,40.52318215531055,40.862407850532186,17867000,0.8445382242528576,0.8525213867541261,0.7696193015794691,9.40960112615058
2021-03-18,40.84568405151367,40.61791801452637,40.7131160736084,40.553896621615614,40.86175201527656,19970700,0.9457400096985862,0.9495006049110044,0.7561998224536175,9.50411905743327
2021-03-19,40.7949104309082,40.61030178070068,40.67797882080078,40.57685031773872,40.85913077667387,39055000,1.7644194018819268,1.8283854179345906,0.738790780394714,9.492304870783764
2021-03-22,41.04879379272461,40.61537971496582,40.64983444213867,40.621797315356424,40.8665685420092,20656600,0.9273510096254317,0.9656267252433279,0.7464071560622123,9.55137935450061
2021-03-23,41.28090286254883,40.61102714538574,40.63692276000977,40.68456927223189,40.88281694673624,20084100,0.9036329155784117,0.9462313006705186,0.739153403252233,9.6053873185033
2021-03-24,41.35343933105469,40.60703735351562,40.630394287109375,40.748271182595964,40.90127272651344,14819800,0.6702730133000333,0.6987836097290852,0.740966801869068,9.622265362014973
2021-03-25,41.6218376159668,40.638954162597656,40.63213539123535,40.83146798577414,40.92953017315867,18047400,0.8277029196209904,0.8547210939278213,0.7213816744783536,9.68471722966881
2021-03-26,42.20212936401367,40.743408203125,40.6483837890625,40.962007164654096,40.97943602378044,19632700,0.9093812495440402,0.9274749167418749,0.7050607933219745,9.819741577762183
2021-03-29,42.67362594604492,40.86926040649414,40.674352188110355,41.12501847716751,41.0458748442614,18577300,0.864445646013433,0.8774206017316319,0.7181173717808843,9.929451079631374
2021-03-30,42.49952697753906,41.000189781188965,40.6919059753418,41.255924048631464,41.10288081027229,13239700,0.6217813923945114,0.6268288050080779,0.7231949488439249,9.888941112351374
2021-03-31,42.18037414550781,41.10065383911133,40.707864151000976,41.34396691500064,41.14513545086976,19531700,0.9244538895981957,0.9240996513802756,0.6854750913366299,9.2488676395285
2021-04-01,42.28917694091797,41.22759380340576,40.72295204162597,41.433986917468964,41.18999982302851,12885100,0.6258706747984697,0.61371752085385,0.6695168205078357,9.27272476915205
2021-04-05,42.702632904052734,41.33168449401855,40.74616401672363,41.55481034476266,41.249318767382405,14326300,0.7119051038342984,0.6818910920024408,0.6488437114139206,9.363383032746766
2021-04-06,42.87672424316406,41.4158275604248,40.76995613098145,41.68070690651518,41.31313858996208,12198300,0.6239104021637364,0.5829161875256137,0.6107617213445315,9.401555945748308
2021-04-07,42.79693603515625,41.51737937927246,40.77837043762207,41.787014442576236,41.37132672506773,13218400,0.6897348817198915,0.6372826142819303,0.6013318071089401,9.384060828883916
2021-04-08,42.23092651367188,41.5587142944336,40.802303314208984,41.829291782680585,41.40503652069927,16472400,0.8648901809887872,0.8109125143525864,0.5799715235192455,9.259952229731548
2021-04-09,42.15027618408203,41.65295867919922,40.84551383972168,41.859861725671195,41.434261605537806,13872000,0.7612103200189205,0.6989796267997013,0.5377519467897468,9.242268075937945
2021-04-12,42.18693542480469,41.74468383789063,40.885976028442386,41.89101160177915,41.463778225901216,19564600,1.080814419845186,0.9902442372326489,0.5306778356080624,9.250306327662308
2021-04-13,42.24559783935547,41.83897953033448,40.93660591125488,41.92478171964356,41.494437818585695,15489100,0.8639785091683821,0.7925851474728983,0.5222074391379994,9.26316920331447
2021-04-14,42.30424499511719,41.93620758056641,40.99522720336914,41.96092107921248,41.5261949627634,13890100,0.7860875391873702,0.7156346128898003,0.5355919233852638,9.276028733180274
2021-04-15,42.30424499511719,42.029446029663085,41.0506568145752,41.99361859501293,41.55670672873806,13338400,0.764663712555146,0.6912247048261564,0.5190527803894067,9.276028733180274
2021-04-16,42.72948455810547,42.12363605499267,41.1103840637207,42.06370106768841,41.60269801616423,19866200,1.1392306342490592,1.023192226660394,0.5218958806757922,9.369270780289721
2021-04-19,42.81014251708984,42.22439765930176,41.16664695739746,42.134790729536164,41.65004878090641,11955400,0.7433433976154118,0.6175381368048887,0.5239512107517761,9.3869566069765
2021-04-20,42.81014251708984,42.31246509552001,41.22029846191406,42.19910994739842,41.6955426529136,16673600,1.049701809290153,0.8571726155928138,0.5122050629835467,9.3869566069765
2021-04-21,42.62683868408203,42.37976188659668,41.274200897216794,42.23984601755876,41.73206406590061,18310100,1.1592023768900246,0.9408947629086614,0.5034463165498035,9.346763675461501
2021-04-22,41.99631118774414,42.411905479431155,41.31621795654297,42.216652224243084,41.74242669812977,20921900,1.2994537138051623,1.073653979815496,0.5110900595867289,9.208508255142204
2021-04-23,42.01098251342773,42.4313627243042,41.35910888671875,42.19706463273686,41.75295829872968,18099400,1.1239674758983267,0.9270351041417614,0.5059190967471128,9.211725228725127
2021-04-26,41.74702453613281,42.408607482910156,41.40194351196289,42.15420367115552,41.752725602157255,15073600,0.9495073441686961,0.7738996768572494,0.4941612418411239,9.153847306969936
2021-04-27,41.29245376586914,42.339548873901364,41.441489639282224,42.07213225160444,41.73467572622439,21858600,1.36281975866071,1.1182307535608416,0.48393219039735025,9.054173822034409
2021-04-28,41.37311172485352,42.28322811126709,41.48337417602539,42.00555886810435,41.720496745778476,12862500,0.8028833264618797,0.6642885009220247,0.46955778036984375,9.07185964872119
2021-04-29,42.02563095092773,42.27549095153809,41.49710807800293,42.00747049503991,41.732462793039225,18169200,1.1389734119178099,0.9605415218565859,0.4902937061931226,9.214937183628514
2021-04-30,42.3702278137207,42.279543495178224,41.517878952026365,42.04201881110475,41.757473186007125,16861500,1.0439859130163431,0.8950975314705495,0.4997121699539889,9.29049674983754
2021-05-03,42.46553802490234,42.2676887512207,41.54824501037598,42.08235397432357,41.785240434591245,17559100,1.0764054063332174,0.9332497688281365,0.4894052095006959,9.311395367874297
2021-05-04,42.96409225463867,42.272057151794435,41.58858215332031,42.16632904863929,41.83146991773036,22067700,1.3130697677462888,1.1676487685074688,0.5005704684294543,9.420713081985886
2021-05-05,43.03008270263672,42.28371448516846,41.621824722290036,42.24859130140095,41.878474340667864,17882200,1.049463067318177,0.9493797564683936,0.4949666391097537,9.435182771536331
2021-05-06,43.46999740600586,42.34566802978515,41.66255996704101,42.364915692315705,41.940887009896805,14593100,0.8611828037259637,0.7768572339642871,0.48902842471878144,9.531642628675291
2021-05-07,43.05208587646485,42.39075851440429,41.70393165588379,42.43036047175848,41.984463436036734,15678600,0.9203354476132392,0.8422537111894802,0.4941608512110978,9.44000739546413
2021-05-10,43.63862609863281,42.463343048095695,41.77444320678711,42.54543338860366,42.04933256006011,22563000,1.312896533244422,1.2138729816395994,0.5187221813700283,9.568617750160778
2021-05-11,42.92012023925781,42.49706916809082,41.82971397399902,42.58111785057072,42.083481096499234,17971900,1.038249708763328,0.9695651315421059,0.5517151541590387,9.411071362149595
2021-05-12,42.82479476928711,42.52309665679931,41.888591079711915,42.60432517616276,42.11255222092228,14718600,0.8482741569329667,0.7961714359095139,0.5484158545914628,9.39016939832648
2021-05-13,43.118072509765625,42.56378803253173,41.94753067016602,42.65325349364875,42.15198438911222,13305100,0.7668837806596304,0.7272116112494227,0.5799424389461144,9.454476248567984
2021-05-14,43.03008270263672,42.578817939758295,42.013124771118164,42.68914198974284,42.18641961709358,13770000,0.8078731551142859,0.7608739496541256,0.5729773645444812,9.435182771536331
2021-05-17,42.48020553588867,42.56232109069824,42.0503125,42.66924327985197,42.197940633516914,22387000,1.2744263387895085,1.2386720187714666,0.5942395263353746,9.314611505010634
2021-05-18,41.92298889160156,42.51796340942383,42.06489501953125,42.59817143335193,42.18715821226534,26579000,1.471574646882157,1.465862107152926,0.6210006340045571,9.192430915246886
2021-05-19,41.73235702514648,42.47323932647705,42.084224166870115,42.51571291828474,42.16932287159401,20213500,1.1132758983905457,1.1157117897345132,0.6224672459654397,9.1506311698336
2021-05-20,41.63704681396485,42.45527610778809,42.08888053894043,42.43203043215903,42.148449300706595,20768900,1.144347179271728,1.1439428405875012,0.6041380543283352,9.129732551796845
2021-05-21,41.72503662109375,42.440978813171384,42.11807350158691,42.36469768824805,42.131844881898246,15474400,0.8588360170108851,0.8664874456639511,0.5993722277321047,9.149026028828496
2021-05-24,41.7763557434082,42.44244537353516,42.14655197143555,42.308665122072824,42.11790413136922,12970700,0.7241051475682377,0.7337142332200635,0.5986390368305713,9.160278744796017
2021-05-25,41.409767150878906,42.44831104278565,42.16755363464355,42.22305579148293,42.09013405370294,15935100,0.9045525643350814,0.9045078435408215,0.5986389086023518,9.079897063998963
2021-05-26,41.32179260253906,42.44574508666992,42.18679580688477,42.137221202059706,42.06000301640239,14045200,0.7946054722616204,0.8017840053761293,0.5968055892170515,9.060606932753668
2021-05-27,41.27046585083008,42.40798683166504,42.203415603637694,42.05467307337117,42.02904077461525,30754300,1.6801088449050243,1.7301820031997421,0.5762769566029664,9.049352543892969
2021-05-28,41.41709899902344,42.36033039093017,42.21484390258789,41.9939517329571,42.00504305792537,14027800,0.7723173042724709,0.7944915374230785,0.5561145110678236,9.081504714343836
2021-06-01,41.33645248413086,42.303876113891604,42.22567474365234,41.93133275687841,41.97882381973735,14922800,0.8275986755359873,0.8689343227543543,0.5590471741084826,9.063821396996824
2021-06-02,41.534400939941406,42.23239154815674,42.23538688659668,41.893529726693934,41.96139547151005,13681100,0.7768005148728588,0.8031562441844833,0.5568478681594915,9.107225446968624
2021-06-03,41.7763557434082,42.16970520019531,42.245295944213865,41.882370299714346,41.954139011584495,14212500,0.8154685709662779,0.8401442405740398,0.5616134113434199,9.160278744796017
2021-06-04,42.01098251342773,42.096754455566405,42.258446807861326,41.89461908197276,41.956368168519525,11868100,0.68631963905489,0.7040163951152542,0.5539145856521455,9.211725228725127
2021-06-07,41.93765258789063,42.041032791137695,42.26476310729981,41.8987175111078,41.95563422418114,11144100,0.6530133182699405,0.6665275886954012,0.5381512163473513,9.195646215936632
2021-06-08,41.900997161865234,41.95415134429932,42.258740463256835,41.89893462070374,41.953491594286405,15858400,0.9478778931198699,0.952791106449881,0.5135898861265602,9.187608800658856
2021-06-09,41.82768249511719,41.899529457092285,42.24182159423828,41.89214870398121,41.94855790412291,14705100,0.88760937726824,0.887629576135464,0.4776642798258994,9.171533133656718
2021-06-10,42.040306091308594,41.86030502319336,42.23263717651367,41.906258931345725,41.952155872247836,12013600,0.7311173706405888,0.7262401716435785,0.4706992608459547,9.21815499365803
2021-06-11,42.03296661376953,41.80604972839355,42.229689025878905,41.9183263296718,41.95532492093496,12929000,0.7877277991936894,0.7878669105160153,0.44540474168623734,9.216545670419979
2021-06-14,41.92298889160156,41.750695037841794,42.22236526489258,41.91877038318892,41.954056841353264,11907600,0.7296363766711949,0.7264903711167792,0.44137240490004503,9.192430915246886
2021-06-15,42.00364685058594,41.72686710357666,42.20838554382324,41.92685385627435,41.95600154759769,12602700,0.7960926541759538,0.7705193961155801,0.40801291204200396,9.210116741933666
2021-06-16,41.52706909179688,41.70707111358642,42.1813924407959,41.88877911680031,41.93918066697805,15678400,1.025693026767236,0.9545035247178326,0.3882169150088675,9.105617796623752
2021-06-17,41.44643020629883,41.69277477264404,42.15438232421875,41.8466506491335,41.91985711950043,14761100,0.9832182611855224,0.8969732810599733,0.3731864525008948,9.087936152169917
2021-06-18,40.925872802734375,41.65721607208252,42.12828125,41.758957520905014,41.88087734237235,38210500,2.405426460289107,2.2621371155660466,0.3900496284690423,8.973793814130534
2021-06-21,41.34378433227539,41.6381534576416,42.11215141296387,41.719417217226,41.85981487138816,13628200,0.8629367215407766,0.8070493434618474,0.3940823341142682,9.065429047341697
2021-06-22,41.32911682128906,41.61579151153565,42.09499504089356,41.682245750946294,41.839003183148975,13866600,0.8755487728262029,0.8267465562064361,0.39334914099763124,9.062212910205362
2021-06-23,41.109161376953125,41.60076122283935,42.07226631164551,41.627666286756465,41.810381935847175,16524500,1.041432954267578,0.9839994759783722,0.39188289335320015,9.013983399859177
2021-06-24,41.32911682128906,41.60112743377685,42.05276374816894,41.599233004331,41.791508794099805,15386200,0.9656128072257475,0.9145864840069519,0.3940823295119532,9.062212910205362
2021-06-25,41.33645248413086,41.60442676544189,42.03340789794922,41.57420628812146,41.77366344861083,14540300,0.9614419480236956,0.8630712832311203,0.3867506836976947,9.063821396996824
2021-06-28,41.18981552124024,41.59306259155274,42.00261451721192,41.53759764365658,41.75076745145905,13754900,0.9103306234999373,0.8224187910098778,0.38601763160522784,9.03166839009937
2021-06-29,40.94053268432617,41.5732666015625,41.96522232055664,41.48073431419654,41.71899353902246,15313000,1.0121423371016296,0.9119176735993372,0.3834515254203243,8.97700827837369
2021-06-30,41.079833984375,41.55053825378418,41.93061614990234,41.44255333040401,41.693928458448056,14559700,0.9595652868786959,0.8692457847875033,0.37282044646596796,8.513944582154359
2021-07-01,41.27046585083008,41.52524375915527,41.90348869323731,41.426164046635066,41.677322081678724,11672200,0.7757568184944913,0.7024231136092146,0.364388941892032,8.553453727863383
2021-07-02,41.38043975830078,41.493716621398924,41.891171264648435,41.42180935250799,41.66567963762469,11387100,0.7580201515627579,0.6932213928909605,0.3585236765554264,8.576246219041527
2021-07-06,41.35844039916992,41.46475601196289,41.87812042236328,41.415774214094846,41.653631040038235,13815900,0.9115946093066988,0.8454909231461792,0.3676882321831531,8.571686772074086
2021-07-07,41.44643020629883,41.44202766418457,41.8721085357666,41.41869383239999,41.64550551714649,14393300,0.9543049740775648,0.8815600684948035,0.3643890767281139,8.589922978724164
2021-07-08,41.28184127807617,41.41473560333252,41.871896286010745,41.40566025579772,41.63124417443785,18384000,1.2042100188387077,1.130795186936117,0.3612668648571127,8.555811326416688
2021-07-09,41.57098388671875,41.391269493103025,41.87585372924805,41.42140536350448,41.62888102589985,13757000,0.8960107753160331,0.8452594566205007,0.363350889492391,8.615737180724151
2021-07-12,41.63028717041016,41.37113552093506,41.8679468536377,41.44129886892407,41.628936168821824,13451500,0.8746249529006839,0.8313082368453807,0.3613489828920244,8.628028001351142
2021-07-13,41.58581161499024,41.3542766571045,41.85225852966309,41.45506198759704,41.62724500984804,12511900,0.8119364436614006,0.7774200904304861,0.36154650633685603,8.618810281185821
2021-07-14,41.75633239746094,41.34191093444825,41.83807441711426,41.48375440758408,41.632307260342664,14821700,0.9549510659819984,0.9240817383113639,0.3657437221956258,8.654151331799934
2021-07-15,41.9268684387207,41.36190090179444,41.8173299407959,41.525955743882804,41.643858679102586,12813900,0.8332794131752687,0.8082283765684856,0.3512284122486019,8.68949554485342
2021-07-16,41.860130310058594,41.38258590698243,41.79393089294434,41.5577818930424,41.65233991953224,11637900,0.764569098411032,0.7398810636374387,0.34991865719326753,8.67566382564146
2021-07-19,41.40045547485352,41.40631504058838,41.75254005432129,41.542798424643465,41.64246209817229,21958500,1.523952358661287,1.38306205157637,0.35735720845692354,8.580394548890352
2021-07-20,41.20769882202149,41.39951076507569,41.715652313232425,41.5108841767747,41.625412557931085,20258900,1.3743745950768125,1.2686921503520656,0.37839251045468814,8.540445033498502
2021-07-21,41.48201370239258,41.40715560913087,41.672520065307616,41.50813460778593,41.619789073400156,25264100,1.6501347946565472,1.57680306192173,0.40714232505922965,8.597297787344294
2021-07-22,41.48201370239258,41.425798225402836,41.64375793457031,41.50564690251037,41.61438611767437,16231400,1.0611761367759633,1.0152527473572242,0.4059477447932604,8.597297787344294
2021-07-23,41.430118560791016,41.43084831237793,41.61586441040039,41.498453727108526,41.60715993897307,14894300,0.9753275391549056,0.9314141776717741,0.4075747416072463,8.586542331033376
2021-07-26,41.35597229003906,41.43182430267335,41.58062240600586,41.48488406643524,41.59730944293644,15330500,1.0013007340999707,0.9562695302168821,0.409934789265899,8.571175247505344
2021-07-27,41.66737365722656,41.455702209472655,41.55336822509766,41.502264027462985,41.600057059183115,15225800,0.9897082252945081,0.9480169088688876,0.42971807470587037,8.635714310249607
2021-07-28,41.311500549316406,41.474250602722165,41.52999412536621,41.484096077163315,41.58874111761971,14595900,0.9509798332385887,0.9177005119566582,0.4329103007938663,8.561958317949868
2021-07-29,41.50425338745117,41.49547157287598,41.521619415283205,41.48601582100025,41.58542787329937,12841900,0.8414084692530034,0.821612374057269,0.43603171516937883,8.601907042731876
2021-07-30,41.35597229003906,41.49974689483643,41.51409172058106,41.473630722813475,41.576429615132305,13856900,0.9014599632309411,0.8938212427178555,0.4365713470729581,8.571175247505344
2021-08-02,41.34114837646485,41.49778232574463,41.50817375183105,41.46101335649456,41.56720289989045,13833400,0.8928267738311797,0.9003612145002844,0.4467079552576756,8.56810293765352
2021-08-03,41.31890106201172,41.49580535888672,41.50005104064942,41.4474788522581,41.55746557291481,12573100,0.81475291759643,0.8214355807025783,0.4420989079900455,8.56349210104625
2021-08-04,41.05198669433594,41.47608318328857,41.48556365966797,41.40981293245599,41.53764287179406,16446100,1.058686717605114,1.0696121687643407,0.4452171324306583,8.508173130296838
2021-08-05,41.000091552734375,41.461995697021486,41.47737014770508,41.37079184867298,41.51656242790937,12776600,0.8375865711861068,0.8343852999394615,0.43854440697603536,8.497417673985918
2021-08-06,40.94078826904297,41.4304859161377,41.46975006103516,41.329839126803456,41.4939830491303,12660300,0.8329566695154952,0.8282884825093956,0.4300181844799738,8.485126853358931
2021-08-09,40.86663818359375,41.392303466796875,41.46167350769043,41.28572475125967,41.469381289697495,13452400,0.8850685312292856,0.9004974544901503,0.4237161106695087,8.469758979221057
2021-08-10,41.133544921875,41.369690132141116,41.456002426147464,41.27123143417542,41.45621123605739,11756900,0.7754431035136637,0.7894014517536451,0.4255696106547475,8.525076368750781
2021-08-11,41.20027923583984,41.34188747406006,41.45327896118164,41.26447408195298,41.44617468702925,11727300,0.7814654751627679,0.7908074742240582,0.42445775310011025,8.538907297352898
2021-08-12,41.252174377441406,41.308152770996095,41.44763442993164,41.26330268152331,41.438566831751295,10744800,0.7209654205262576,0.7274352100089365,0.4211215310673328,8.549662753663819
2021-08-13,41.422698974609375,41.286281204223634,41.440561294555664,41.27848328086483,41.437944562843775,8384600,0.5688066735026222,0.5721619719395926,0.4196386798847012,8.585004594887776
2021-08-16,41.50425338745117,41.29147109985352,41.43042671203613,41.299985195777815,41.44054490890681,12964200,0.9071602557419125,0.8833507175308207,0.39517208014251287,8.601907042731876
2021-08-17,41.65254211425781,41.313713264465335,41.42472450256348,41.33356204515687,41.44885852480293,11847600,0.8541639555586156,0.8064949816320148,0.365515613968806,8.632640419178095
2021-08-18,41.12614440917969,41.295919799804686,41.409227447509764,41.31380798458761,41.4362030692883,15093500,1.1295944618550915,1.028522373112905,0.34549771994000267,8.523542585654399
2021-08-19,41.05198669433594,41.27441844940186,41.39371353149414,41.28887262361126,41.42113576046664,12679900,0.9617423754010452,0.8664429203675278,0.3384543520679749,8.508173130296838
2021-08-20,41.163211822509766,41.26107311248779,41.376171646118166,41.276904928268266,41.41102109623303,10645100,0.8206314601475195,0.7287639362385125,0.3429027870846234,8.53122494150365
2021-08-23,41.08907318115234,41.247728157043454,41.35729377746582,41.2590161904477,41.39839568779849,11963700,0.9344085601593314,0.8201192835964627,0.3395664291095432,8.515859439195305
2021-08-24,40.78509140014648,41.20361404418945,41.33453582763672,41.2138804961333,41.37434453926311,15478400,1.20772807391935,1.0558850117864775,0.32325540917892004,8.45285811259664
2021-08-25,40.725772857666016,41.17432765960693,41.30897834777832,41.16739405437451,41.348910355671066,14666300,1.144048394456947,0.9976773490651031,0.30990996036717283,8.44056412953028
2021-08-26,40.48110580444336,41.12317028045654,41.28805908203125,41.10203326866678,41.31487880464253,15256200,1.1789621081012784,1.0384018513476723,0.31102282988520535,8.389855995388135
2021-08-27,40.60715103149414,41.0857292175293,41.27127349853516,41.05490162703129,41.28712477432299,13213800,1.0236740802946342,0.9012858147852125,0.3065743972571461,8.415979325836929
2021-08-30,40.60715103149414,41.04902935028076,41.26489906311035,41.01225871317061,41.26045913734931,11621200,0.90807651434644,0.8224912996200511,0.29545324090767233,8.415979325836929
2021-08-31,40.77767181396485,41.02196788787842,41.25357681274414,40.98991710372244,41.24152630113816,18405600,1.40616423050257,1.2939077735697952,0.30212582119398307,8.451320376451045
2021-09-01,40.73318099975586,41.00602760314941,41.24165809631348,40.96546604620181,41.22159119128003,12647300,0.9804651963267732,0.8906279598575536,0.2984185397376649,8.44209949384635
2021-09-02,40.9926872253418,41.00565738677979,41.23932861328125,40.96805853945324,41.212614565164806,12875900,0.9978030493829553,0.9114095402017829,0.3043498344834511,8.495883100279693
2021-09-03,41.09648132324219,41.013442039489746,41.234675903320316,40.98028928076647,41.208060320383524,11006200,0.8584144890494866,0.7839253075066713,0.3024963311603763,8.517394803511374
2021-09-07,40.64421081542969,41.00232067108154,41.220831069946286,40.94828180787726,41.18594857509122,15500900,1.199391518240912,1.1025551476733526,0.3169539845870258,8.423660100466494
2021-09-08,40.71095275878906,40.981191062927245,41.211253814697265,40.92567904129743,41.167321288177405,11835900,0.915530108478394,0.8441738602023153,0.3084277654239688,8.437492610288299
2021-09-09,40.36248397827149,40.939301300048825,41.19969284057617,40.872041416247335,41.135759040730115,19403300,1.4576102862740503,1.3758770078715143,0.31250540624255835,8.365271191694786
2021-09-10,40.206787109375,40.887031936645506,41.18223190307617,40.808683863211876,41.099328768912265,15944100,1.1748062233982,1.1283717183017574,0.3191779875314779,8.333002450932497
2021-09-13,40.495941162109375,40.84069404602051,41.16674140930176,40.778898844059256,41.07566650982196,20749000,1.4622367098299813,1.449790800826176,0.3343771152960766,8.392930677069492
2021-09-14,40.34024810791016,40.78249378204346,41.145937576293946,40.73712258347363,41.04682657249209,16937500,1.1771496403047697,1.174361743492632,0.3343772619387302,8.360662726917049
2021-09-15,40.45886993408203,40.72281017303467,41.12794616699219,40.71062233115062,41.02376944941718,15330000,1.052690127991463,1.0606787098327615,0.33141154559576974,8.385247530610398
2021-09-16,40.35506820678711,40.684256362915036,41.10611892700195,40.67676003359219,40.99754587127482,14431400,0.9932424085065059,0.9984521687487529,0.3206613907005124,8.36373424615903
2021-09-17,40.24385070800781,40.643849563598636,41.08535911560059,40.63553057401272,40.96798919820553,30787600,1.994665360541679,2.0941318653632837,0.3180663194996235,8.340684016171904
2021-09-20,40.22902297973633,40.59714012145996,41.05851989746094,40.596815565034014,40.93901013081458,20440500,1.2835688369166467,1.3778086825977178,0.32029074468381324,8.337610915710236
2021-09-21,40.05850601196289,40.54561176300049,41.027084274291994,40.54554798855105,40.90448055752627,16906900,1.045449205102678,1.1343394015628172,0.33252411439618007,8.302270655705966
2021-09-22,40.08074188232422,40.51039428710938,40.99698287963867,40.50128074033897,40.87217708006737,15907900,0.9823708769790115,1.0624715562661304,0.3306704665906601,8.306879120483703
2021-09-23,40.347652435302734,40.49148826599121,40.968809280395504,40.486649473192664,40.85160748615503,14714100,0.9085152816183737,0.9828802055257078,0.34290383667992863,8.362197300623274
2021-09-24,40.31059265136719,40.4829626083374,40.936483764648436,40.469882156828334,40.830391218124134,12663900,0.7882348913709881,0.846099420139383,0.336601762648446,8.35451652599371
2021-09-27,40.38472366333008,40.4718412399292,40.90697563171387,40.461771824114216,40.8129140591126,13118200,0.8167547351191088,0.8747218442946841,0.33585973703425864,8.369880447082368
2021-09-28,40.15489196777344,40.449228286743164,40.88206436157227,40.432545171129384,40.78710927121695,19528200,1.1866398650520882,1.3063748002293223,0.34994661174571,8.322246994621578
2021-09-29,40.31800079345703,40.42624473571777,40.86427040100098,40.421636182779636,40.768712860324406,14823000,0.9106384913245756,0.9988765250337069,0.3503173990154494,8.356051890309779
2021-09-30,40.04367065429688,40.39176921844482,40.83550354003906,40.385639465781274,40.74027983263706,18736600,1.129932327446749,1.2738081851520437,0.3562485504164307,7.529082177468524
2021-10-01,40.25868225097656,40.35506896972656,40.811036911010746,40.37354830246654,40.721393652964096,18618400,1.1036932441292344,1.2616774487692572,0.36477491314236943,7.569509040292508
2021-10-04,40.4069709777832,40.320593452453615,40.79057395935059,40.37673141440146,40.7090633519766,18159200,1.054123132346462,1.2251385762938736,0.3736717826806274,7.597390550450707
2021-10-05,40.41437530517578,40.30910167694092,40.77174201965332,40.38031654685616,40.697506957984416,13218200,0.7724207087194623,0.8943353797593139,0.36588699108751255,7.598782725256281
2021-10-06,40.42921447753906,40.29501476287842,40.74697883605957,40.38497349263548,40.68698568424146,21339800,1.2133234856483637,1.4319904840857662,0.3762668599146661,7.6015728128367455
2021-10-07,40.43672180175781,40.298726654052736,40.7294832611084,40.38990190302808,40.67717141434015,18069600,1.0312989317800916,1.2069196297967602,0.37797830479393824,7.602984353288765
2021-10-08,39.94157409667969,40.285466003417966,40.69822967529297,40.34720401670919,40.648324460706405,21384600,1.201839126454275,1.4122218214376707,0.3894297932464319,7.509885801117996
2021-10-11,39.14633941650391,40.21798591613769,40.65403701782227,40.23283595954678,40.589423086423956,32088400,1.7477151665014543,2.069264556122233,0.4107659311400898,7.360364362159356
2021-10-12,38.50865173339844,40.12640609741211,40.597387084960936,40.068627938008845,40.50782420983472,42154000,2.1484096778838007,2.622567092152058,0.4327380847896073,7.240465189800505
2021-10-13,38.52364349365234,40.02964477539062,40.54148193359375,39.921486562355845,40.43001320135698,27246900,1.3477308802005454,1.6647420669834008,0.44039436558612727,7.243283967227553
2021-10-14,38.95127868652344,39.95945529937744,40.4994677734375,39.82908581227657,40.37202361253998,27764900,1.3295108660909822,1.6732479918541185,0.45521729081109646,7.323688696776458
2021-10-15,39.2138557434082,39.90795555114746,40.46374305725098,39.77049247238434,40.326605264730894,27005500,1.3049640386499948,1.6000420429110236,0.4737738854215056,7.3730589020273865
2021-10-18,38.94378280639648,39.843693542480466,40.42380294799805,39.691758218480736,40.2723769330315,20853500,1.006681602638463,1.223663523073599,0.4781509100718086,7.322279308062931
2021-10-19,39.273868560791016,39.80446166992188,40.39194755554199,39.65195920346267,40.233219741963254,16094800,0.7784861388324787,0.9415078562918836,0.47392641924778156,7.384342618689563
2021-10-20,40.21914291381836,39.81138172149658,40.37365951538086,39.70597669968702,40.23266770948698,30659500,1.4318796435560979,1.754702949585864,0.5123505033753524,7.562074783795975
2021-10-21,40.05410385131836,39.79670429229736,40.35073600769043,39.73913166650905,40.22566520524507,17771100,0.8240746601598012,1.0100869439480211,0.5223674204361568,7.531043845728824
2021-10-22,39.7089958190918,39.766624450683594,40.31987243652344,39.73626158580265,40.20540366069004,16074000,0.7395302230184648,0.9081244084112411,0.5307605882183808,7.466156019705826
2021-10-25,39.44642639160156,39.71970958709717,40.28034698486328,39.70865823397398,40.17563984621598,15987400,0.7307229620529022,0.8955385739654231,0.5443882468003618,7.416787248947227
2021-10-26,39.82154083251953,39.70304203033447,40.24669273376465,39.71940895764498,40.16175361038475,15185200,0.7010151082115786,0.8484919058235001,0.5428031558170308,7.4873169333013125
2021-10-27,39.48393249511719,39.66133861541748,40.203320541381835,39.69698262788043,40.13517239017818,15007400,0.6925123264093176,0.8356064541597972,0.5490558279837134,7.423839213238004
2021-10-28,39.61147689819336,39.6397289276123,40.173027191162106,39.688839225053094,40.114635312061125,18374700,0.848604029353173,1.0193717638232118,0.5500307373645097,7.447820338752871
2021-10-29,39.754005432128906,39.61449508666992,40.14706756591797,39.69504553048888,40.100492963828486,17763200,0.8219862059838238,0.9799207598755019,0.5503123522990009,7.474618807202458
2021-11-01,39.72400665283203,39.58034687042236,40.11828346252442,39.6978037326168,40.08572879476981,14177700,0.6621683600314231,0.7790873110599109,0.547937545255229,7.468978383363699
2021-11-02,39.438926696777344,39.531574440002444,40.08528053283691,39.673148776822565,40.06036400661324,16913800,0.7831985849100288,0.9244112943255648,0.5515292575404327,7.415377142987537
2021-11-03,39.71650314331055,39.49593887329102,40.0639087677002,39.67727776410713,40.046879266875884,12240000,0.5789749777799431,0.6713446517800012,0.5506591788388967,7.467567560157845
2021-11-04,38.89876174926758,39.41904087066651,40.02736854553223,39.60313338174146,40.00185505049909,30807500,1.4146348295194557,1.660343984793227,0.5964226945309925,7.3138143688278054
2021-11-05,39.19134521484375,39.38152942657471,40.00157333374023,39.563915461084534,39.97007035106162,17442800,0.8082624151350645,0.9378544281398912,0.6039247050354788,7.368826432409823
2021-11-08,39.25886917114258,39.38715591430664,39.974607696533205,39.53486343347102,39.94218010871185,15985200,0.7694271918473025,0.8569291923201664,0.5739158962558196,7.381522406770183
2021-11-09,39.19134521484375,39.42129058837891,39.946291580200196,39.50214741264937,39.91273560306997,16014100,0.8225663457715711,0.8544540929344013,0.5480330996307273,7.368826432409823
2021-11-10,39.46142578125,39.46817970275879,39.9199666595459,39.49826916203991,39.89503717868487,16261100,0.8595038788699504,0.8696232069512955,0.5480331053798395,7.419607460866606
2021-11-11,39.34889602661133,39.488060569763185,39.892280960083006,39.48404314914195,39.87361987860356,10983700,0.6075018348892789,0.588441522776534,0.5311531885350405,7.398449416255778
2021-11-12,39.26637268066406,39.49068641662598,39.857754669189454,39.46331262833453,39.849806262998094,14378500,0.8240413645439562,0.7690765593423721,0.5063959173092701,7.382933229976038
2021-11-15,39.31139373779297,39.5090669631958,39.82205291748047,39.44884416256867,39.82869204632338,14282700,0.8342591391933047,0.761284062620727,0.49851867084015355,7.391398169211164
2021-11-16,39.05631256103516,39.49818916320801,39.79029495239258,39.41146020051786,39.79840265474345,15876100,0.9279230546454746,0.8458757582784054,0.5011448610906705,7.343437352673762
2021-11-17,38.808738708496094,39.42766895294189,39.75225067138672,39.35405815365864,39.75959230391022,17679200,1.0740528557551,0.9361157845476509,0.46588464791506395,7.296888076588376
2021-11-18,38.44113540649414,39.34702053070068,39.71382369995117,39.267113130119164,39.707888111854686,19490300,1.1779299574585873,1.0319186752591856,0.45613166208832007,7.227770649932474
2021-11-19,38.15605163574219,39.2693733215332,39.672808990478515,39.16129774970231,39.64703177945812,21105200,1.2564271847665676,1.1113463144514197,0.4602580258893806,7.174168692310146
2021-11-22,38.666202545166016,39.23036212921143,39.63621421813965,39.11414582546075,39.60856788791725,22751600,1.3277077497665732,1.195520167611175,0.4880159891996062,7.270088173646459
2021-11-23,38.82374954223633,39.18047256469727,39.60588424682617,39.086489036582236,39.57779069789055,21501600,1.2320548802359867,1.124443402712081,0.4880162335136543,7.299710440246249
2021-11-24,38.756229400634766,39.144087409973146,39.571831436157225,39.055035737920576,39.545572607802086,15474500,0.8855133067336951,0.8091290906653342,0.4801389914494333,7.287015183132054
2021-11-26,38.86125946044922,39.10657653808594,39.54195526123047,39.036580854351875,39.51873679810197,17048100,0.979278062387252,0.8889767014172755,0.5015201751624112,7.3067631217831925
2021-11-29,38.756229400634766,39.05668773651123,39.51220283508301,39.009880715902625,39.488834547220904,18652500,1.0687084570204735,0.985105719100504,0.49701877662025495,7.287015183132054
2021-11-30,37.71342086791992,38.95615844726562,39.46189079284668,38.88640834942808,39.41921048136596,47766200,2.4965693613589486,2.451934009649387,0.5390312517936142,7.090944468088028
2021-12-01,37.33831405639648,38.851127815246585,39.40748695373535,38.738970797710785,39.33760669999461,26295500,1.3414825766178855,1.3369141648789795,0.5615375670020775,7.02041621822627
2021-12-02,38.05852508544922,38.768228912353514,39.36704261779785,38.67416644416206,39.28744663667911,27364400,1.3441569031203398,1.3752383916077309,0.5934219010285944,7.155831576864862
2021-12-03,38.57617568969727,38.752099609375,39.331613082885745,38.66483399135589,39.259553658366094,24711700,1.232303990624961,1.2295672519554794,0.5645384456472101,7.253161164160867
2021-12-06,38.31359100341797,38.70821189880371,39.29167304992676,38.63138227821894,39.22245708366225,22433100,1.1049283188767638,1.1054454117493546,0.5652888626033519,7.203789524417607
2021-12-07,38.10354232788086,38.650445556640626,39.24604942321778,38.58111180675817,39.178578073631606,27754700,1.3285329161887949,1.3482319390101951,0.581417988310189,7.164295798853824
2021-12-08,37.87847137451172,38.584801864624026,39.20052101135254,38.51419367035375,39.127593497195534,20452700,0.9687176298016831,0.9926332554344471,0.5934214555544106,7.121977557893673
2021-12-09,37.63089370727539,38.493275260925294,39.1467788696289,38.43006986434629,39.0688993877869,23628300,1.0999356191109293,1.1370367950021063,0.5960475768547262,7.0754275645621245
2021-12-10,37.653411865234375,38.408501052856444,39.098973693847654,38.356102435859434,39.013390073177,18498700,0.8463404412625908,0.8903949761636547,0.5945471108503085,7.0796614686720165
2021-12-13,37.720924377441406,38.33122863769531,39.04821853637695,38.29560928743867,38.96270514393247,27618800,1.226450472805654,1.3179521664696492,0.6178039499126499,7.092355291293883
2021-12-14,37.99850463867188,38.26558418273926,39.00004920959473,38.26731360660374,38.924893359412444,31555900,1.3495257549783592,1.486818228121308,0.636559377054747,7.144546425710358
2021-12-15,37.92348098754883,38.208942604064944,38.950231323242186,38.23456764288423,38.885622286006026,24115700,1.0134803898392661,1.1247087921272017,0.6358092846561665,7.130440345390306
2021-12-16,39.57395935058594,38.24720363616943,38.93312622070312,38.362128757903434,38.91261589638171,40091300,1.6090881433836073,1.837637837849235,0.7078300312534609,7.440766222723599
2021-12-17,39.88905334472656,38.31959953308105,38.9221728515625,38.50755014712468,38.95090756102268,54501100,2.0438362143967166,2.4173946352131974,0.7175830156456613,7.50001075592318
2021-12-20,39.82904052734375,38.403248977661136,38.91992218017578,38.633406373812214,38.985344147937234,23418000,0.8744023908845286,1.0368344079196474,0.717583018514729,7.488727039261002
2021-12-21,39.59646224975586,38.449761962890626,38.92892463684082,38.72512598104494,39.00930956369483,23905300,0.890679208425075,1.0661350433856438,0.6913255207026623,7.444997257848833
2021-12-22,39.588958740234375,38.48802242279053,38.95053077697754,38.80739576763441,39.03204090395128,16486500,0.620057806620494,0.7524974617787978,0.6999528915021728,7.443586434642978
2021-12-23,39.521446228027344,38.526283264160156,38.97048683166504,38.875400573386116,39.05123326960132,14921400,0.5617786532469887,0.6888113828234499,0.6962018597840537,7.430892612021112
2021-12-27,39.521446228027344,38.55929260253906,38.981890182495114,38.936928730971,39.06967299346116,19705800,0.7382141524574172,0.9164912048321426,0.6688187977999324,7.430892612021112
2021-12-28,39.55146026611328,38.599054145812985,38.98864227294922,38.99545554384169,39.08856661199654,12126500,0.4599018946752034,0.5719029614164876,0.667318471538956,7.436535904844529
2021-12-29,39.281368255615234,38.67745151519775,38.995393981933596,39.02268532591537,39.0961274607659,15109500,0.6108613612147609,0.7164672283399242,0.6268064601141241,7.385752724649253
2021-12-30,39.19884490966797,38.770478057861325,38.993893508911135,39.0394624291299,39.10015559601696,15615500,0.6452487309791496,0.7407976334704758,0.6009240121007903,7.370236538369513
2021-12-31,38.981292724609375,38.816616439819335,38.969136505126954,39.033922457270805,39.09549430694215,15911400,0.6734101924001914,0.7655473754668418,0.5645384152142288,7.3316276821721695
2022-01-03,39.34138488769531,38.85487689971924,38.95488212585449,39.06320459350171,39.10513707481482,18240100,0.7826852436105193,0.8771925606014584,0.5506588409933645,7.39935405773558
2022-01-04,40.11411666870117,38.944903182983396,38.96298454284668,39.16329145780642,39.14470490202605,26376800,1.1223358310249896,1.2560512538702786,0.5619123778991767,7.544689969413545
2022-01-05,40.5267333984375,39.06606273651123,38.984590682983395,39.29314307119986,39.19890209796375,28697300,1.2186295455018359,1.3502084174548408,0.5705403052840545,7.622295200703179
2022-01-06,40.3316764831543,39.18872299194336,38.99479339599609,39.39205101519552,39.24332462287319,21563800,0.9135505966370232,1.008523703847476,0.5776674585932554,7.585608765243161
2022-01-07,41.18205261230469,39.36628093719482,39.028755798339844,39.56252735777735,39.31935317147835,26512500,1.116381832272604,1.2267687819515138,0.6014846943194275,7.745548077999749
2022-01-10,40.901123046875,39.528666496276855,39.05454872131347,39.69001266150093,39.38138336267037,24929400,1.0356986023756416,1.1465617084428985,0.627453068606005,7.692710656901485
2022-01-11,40.68852996826172,39.67704677581787,39.073239212036135,39.7851095478591,39.43264401387003,18598500,0.7874342455252875,0.8547320033611141,0.6304945999679685,7.652726008080043
2022-01-12,40.58223342895508,39.80623321533203,39.0904037475586,39.86102610796348,39.4777259517165,12778300,0.5634112697685892,0.5880091649600782,0.6157478019905163,7.632733683669322
2022-01-13,40.63539123535156,39.94182872772217,39.11433303833008,39.93477516771473,39.52312459029042,18178200,0.8121300823468862,0.8355199342254763,0.6270099975439376,7.642731639551733
2022-01-14,40.453163146972656,39.985788917541505,39.12906623840332,39.984145451453585,39.55959669055247,18695800,0.8771776310742655,0.8542407365337303,0.5616461928111335,7.608458058460754
2022-01-18,40.56705474853516,40.01968898773193,39.16243209838867,40.03966062260421,39.59910484968904,21570300,1.0967738163003136,0.9939715564963363,0.5669699221727985,7.629878867274912
2022-01-19,40.62020111083984,40.05924701690674,39.19100921630859,40.094950192912364,39.63914784032241,18374200,0.9463990331115015,0.8459673020207598,0.5733377242670308,7.6398746707448595
2022-01-20,40.54427719116211,40.10663776397705,39.216717376708985,40.13774324036472,39.67464310898279,24297100,1.2502080712878603,1.1101668236163866,0.5804782193283213,7.6255948490062435
2022-01-21,40.3620491027832,40.14529228210449,39.24013145446777,40.15910570345219,39.701600206778885,25294800,1.2727033045767366,1.1460336095192718,0.5804782875029485,7.591321267915264
2022-01-24,40.2101936340332,40.17972965240479,39.25510681152344,40.16397122065038,39.72154504706337,32500600,1.566005679918203,1.4511532526173634,0.6220474097285809,7.562760189496388
2022-01-25,40.16465377807617,40.211890029907224,39.27142196655274,40.16403622611951,39.738921860044265,32075900,1.5008147218423826,1.4057132719888363,0.6685293033747925,7.554195022842335
2022-01-26,38.73724365234375,40.17117919921875,39.26083938598633,40.02815121909324,39.69964036170307,41504700,1.8170952665212716,1.7766843393207807,0.7298667638264842,7.2857267689656275
2022-01-27,38.8663215637207,40.15042686462402,39.25193794250488,39.91750077572443,39.66696119315474,35339600,1.4815740246193938,1.485987242398631,0.7574439416415018,7.3100038291158365
2022-01-28,40.16465377807617,40.198717308044436,39.2741047668457,39.941039156900786,39.68647854942617,29490800,1.2014256204702054,1.2260148895448337,0.8051191508168529,7.554195022842335
2022-01-31,40.41519927978516,40.270412635803225,39.306233978271486,39.98619726384216,39.71505583296966,25182400,1.006891028428366,1.0404119804044396,0.8311282004187273,7.601317788856036
2022-02-01,40.392425537109375,40.322964668273926,39.34525978088379,40.02488567081999,39.74161935077906,33045600,1.283307825569614,1.3501576524050878,0.8613904628525144,7.5970344880581875
2022-02-02,40.84797286987305,40.35965747833252,39.3990982055664,40.10327492787266,39.785005763292546,24160200,0.9423038670800913,0.9846651090393465,0.8547508406195249,7.682714135960714
2022-02-03,40.84038925170898,40.37534027099609,39.44258193969726,40.173476292047546,39.826393351073584,21219800,0.8398683982683983,0.8659083055671492,0.8438909132266712,7.681287803969738
2022-02-04,40.47594451904297,40.38255367279053,39.4756258392334,40.20228278985663,39.851865945895916,16199800,0.6480587500512552,0.6639318892554494,0.8332840401674101,7.6127427942002415
2022-02-07,40.240570068359375,40.33547954559326,39.50531265258789,40.205929197333084,39.867109244816056,15438900,0.6316094362790972,0.6327656616560953,0.8184782061546649,7.568473409639312
2022-02-08,40.10389709472656,40.29561824798584,39.530165405273436,40.1962118542277,39.87639504285176,13911700,0.582253443078811,0.5716427836020781,0.8021540402165783,7.542767865085667
2022-02-09,40.62020111083984,40.29220180511474,39.56744483947754,40.23659178342886,39.90556390826306,16449300,0.6915713000412017,0.6771408275745784,0.7991174319918418,7.6398746707448595
2022-02-10,40.270938873291016,40.27663707733154,39.61859519958496,40.239862934844304,39.919892338264155,18644400,0.7743107447015942,0.7863566588268877,0.8017748165560015,7.574185194840595
2022-02-11,40.4835319519043,40.26904411315918,39.681499557495115,40.26306950789764,39.941995852524556,18833100,0.7810853349757065,0.7993470795570436,0.7983581526200133,7.614169843662037
2022-02-14,40.4455680847168,40.26866436004639,39.72924041748047,40.28045032473756,39.96174378319876,16081700,0.6706088572310827,0.689167964791011,0.8108859441258378,7.607029574057318
2022-02-15,40.51390075683594,40.26600666046143,39.76799491882324,40.30268369922312,39.9833969978512,12824100,0.5446996158377059,0.5552231920079657,0.7900064271808048,7.61988162886332
2022-02-16,40.54427719116211,40.26221046447754,39.81260864257813,40.325692603217306,40.00539229954967,17277700,0.7355777970684515,0.7513974242946775,0.7862100601664241,7.6255948490062435
2022-02-17,40.68094253540039,40.26904373168945,39.86415664672852,40.359525930091884,40.03188446566146,17462500,0.7544213302181547,0.7662941676160596,0.7843120929370138,7.651298958618248
2022-02-18,40.87075424194336,40.29447898864746,39.92400230407715,40.40821434074441,40.064781319633305,20298500,0.8865110004273473,0.8908648531882284,0.7786176163064813,7.686998871700202
2022-02-22,40.92390060424805,40.3301643371582,39.9898624420166,40.45732731822094,40.09847227197114,19858400,0.8919128738414248,0.8744432570941733,0.7379974372096545,7.696994675170152
2022-02-23,40.55186080932617,40.349524688720706,40.04783142089844,40.46633050785001,40.116252214612516,17841900,0.8278053593297161,0.7861035568807843,0.7038308426103423,7.627021180997218
2022-02-24,39.92927169799805,40.409126091003415,40.09199836730957,40.41518204976887,40.108919645333515,30079700,1.4335951211526259,1.322426081667835,0.689024941525392,7.509924203339764
2022-02-25,41.09093475341797,40.52035675048828,40.153846969604494,40.479539450116405,40.14743004172898,31444200,1.5126687123131095,1.3825508454857567,0.7152194718436526,7.728410569983439
2022-02-28,40.749271392822266,40.549587631225585,40.21036277770996,40.50522820656458,40.17103166334048,30593900,1.4678690879500864,1.3375449041270002,0.6764970205893782,7.664150295953429
2022-03-01,40.70372009277344,40.564013671875,40.23295799255371,40.524132195727326,40.19192140567119,24693100,1.1861460736360612,1.0942994907382213,0.6696637068835347,7.655582976886915
2022-03-02,41.10612487792969,40.59969863891602,40.25729942321777,40.57956007022279,40.227772522230346,20712900,1.0253256103941877,0.9462504490748236,0.6503027395518327,7.731267538790311
2022-03-03,41.500938415527344,40.63234691619873,40.29073738098145,40.667310388823225,40.27770059647728,27577700,1.3536951030977806,1.2550925828582653,0.6476457610984859,7.805524333761092
2022-03-04,41.84259796142578,40.68245735168457,40.33566009521484,40.7792425385949,40.33906912059291,26913800,1.302898576332856,1.2215326849791122,0.65751616279147,7.8697838903202815
2022-03-07,41.5161247253418,40.73446636199951,40.37420341491699,40.84942179447556,40.385228163916395,24962800,1.1833506636520523,1.1243320410670263,0.6628309325187296,7.808380585097144
2022-03-08,40.43038177490234,40.74395694732666,40.39238212585449,40.809513221182875,40.38699889375898,36526700,1.6491052468452312,1.6137661698250685,0.7121825414423946,7.604173322721265
2022-03-09,40.30131530761719,40.75382785797119,40.40797950744629,40.761113419890904,40.383638753125965,23049800,1.0196179739196711,1.0153504703073706,0.7201549909825978,7.579898414983519
2022-03-10,40.41519927978516,40.743577766418454,40.425254287719724,40.72816921607131,40.38487642083809,17501800,0.7724017037870491,0.7673256366065248,0.7095249687844916,7.601317788856036
2022-03-11,40.270938873291016,40.743577766418454,40.445045700073244,40.68462346913985,40.380408281718594,20838500,0.9152281383516978,0.9090488718737745,0.7068677291904877,7.574185194840595
2022-03-14,39.860931396484375,40.71244773864746,40.45828742980957,40.60617660507743,40.36003663916039,23124100,1.00613100270241,1.0021894303190548,0.7247102798401734,7.497070713592122
2022-03-15,40.058349609375,40.693086814880374,40.47982856750488,40.55400260548672,40.348205775247244,20477600,0.8825416212612299,0.8839923632757241,0.718636240319616,7.534201263489973
2022-03-16,39.85335159301758,40.66005935668945,40.490067901611326,40.487273937632516,40.3287997288853,28500700,1.1881819241112253,1.219535990361709,0.7417935743144387,7.495645099071967
2022-03-17,39.75464630126953,40.620577812194824,40.48287849426269,40.41749987702652,40.30628390819449,22931500,0.9448688796907889,0.9841333575266386,0.7353399649470749,7.477080541593862
2022-03-18,38.57020568847656,40.515040969848634,40.443747940063474,40.24156709716462,40.23820240938202,70390600,2.6152041673493485,2.9165267251259763,0.7638120719264478,7.2543101566815205
2022-03-21,38.7979850769043,40.41140251159668,40.41307411193848,40.10408309523506,40.18172329830446,39892800,1.4300737122756704,1.62816736728592,0.7763400255454304,7.297151056839014
2022-03-22,38.7220573425293,40.30131034851074,40.36387420654297,39.97246159497737,40.1244814961172,28676600,1.0120009380116517,1.1683304175931983,0.7789974102045442,7.282870517629576
2022-03-23,38.69929122924805,40.20868186950683,40.31983757019043,39.851207274431715,40.06859168173017,25988800,0.9041507270417216,1.0579119346768853,0.7717845375300918,7.2785886517733696
2022-03-24,38.7220573425293,40.1483211517334,40.28050811767578,39.7436691856791,40.015786413526214,21087300,0.745285439520242,0.856653487111422,0.7171180432576847,7.282870517629576
2022-03-25,38.93465042114258,40.04050693511963,40.24755645751953,39.666619779532766,39.97338892362882,18765800,0.6784370691032721,0.7586538847931815,0.6616921315095592,7.322855166451018
2022-03-28,38.85112380981445,39.94559955596924,40.21187110900879,39.58895349670245,39.929378527008645,21688600,0.7969333172883044,0.8743336554883681,0.6510627121063202,7.307145425367324
2022-03-29,38.9118766784668,39.8560073852539,40.181045379638675,39.52446999020382,39.889476493732495,28193400,1.029328490705945,1.1279248597385145,0.6301831988015735,7.318571865653171
2022-03-30,39.185203552246094,39.75996131896973,40.15340835571289,39.492158900874514,39.861857947007536,23821200,0.8647944555745121,0.95129427009454,0.6176554013135422,7.3699793674063585
2022-03-31,38.6765022277832,39.61873950958252,40.11453437805176,39.41447731296106,39.81537340899874,31027600,1.1194025542968469,1.2266831133198124,0.6104423727489656,7.5943300168759365
2022-04-01,39.57242584228516,39.50523090362549,40.095097351074216,39.42952003003955,39.80584605344134,30550300,1.0949996998189058,1.2018703830730473,0.6195533694997376,7.770249223798237
2022-04-04,39.83056640625,39.4209529876709,40.08446769714355,39.46771492301197,39.80681547904168,25793000,0.9231126572871339,1.0143172374391873,0.6241088584319986,7.820936450423482
2022-04-05,40.07353591918945,39.40311069488526,40.08173454284668,39.52541216074315,39.817275104145516,23150600,0.8488614734313245,0.9171486425284154,0.5717201581060923,7.868644763197855
2022-04-06,40.392425537109375,39.40766620635986,40.086289978027345,39.60798486325422,39.83983002308528,28661700,1.0402340932289895,1.1385598366291347,0.5739978339798618,7.931260378828673
2022-04-07,40.47695541381836,39.41075401306152,40.121084213256836,39.690743963307945,39.86481533252579,22790600,0.8192881008815833,0.918999448453553,0.5888581147978111,7.947858254619849
2022-04-08,41.13787460327149,39.45410079956055,40.16651527404785,39.82856592901876,39.914739225496206,24852200,0.8870004372150295,1.0106787361525886,0.6125607750758746,8.077633134717141
2022-04-11,41.42221450805664,39.53216495513916,40.19166648864746,39.98034198416523,39.973855903243674,33614900,1.1777019695691977,1.3624663263307666,0.610823571457695,8.133464736581963
2022-04-12,41.24545669555664,39.59152030944824,40.20827163696289,40.10082909953584,40.023722600981436,21136400,0.7396626437889776,0.8595115581296315,0.6050407495432719,8.098757431529393
2022-04-13,41.60665512084961,39.679185485839845,40.2325562286377,40.24424110156572,40.0857983860743,19798000,0.703538784450009,0.8138542175719503,0.5951513359698133,8.169680598963087
2022-04-14,41.3684196472168,39.759874153137204,40.24296516418457,40.35130572496106,40.136097259060286,16915100,0.6075875254020552,0.699510969664934,0.5904056565690421,8.12290183914042
2022-04-18,41.03027725219727,39.88287773132324,40.246762924194336,40.415969679935934,40.17116314114409,14394300,0.5748531547174995,0.5986447305140086,0.5719140943813059,8.056505841763222
2022-04-19,41.306941986083984,40.00832557678223,40.26338287353516,40.50082418528337,40.21570348800448,12890000,0.5441155736936794,0.5375623013438307,0.5535526644801433,8.110830384370324
2022-04-20,41.81414794921875,40.1629301071167,40.294854431152345,40.6259026389915,40.27838758452268,19563400,0.8420102125491087,0.8130715188237814,0.5645475304917138,8.21042288236529
2022-04-21,42.27525329589844,40.34172821044922,40.33828155517578,40.78298365393502,40.356696043792326,32821100,1.392153598344063,1.3429643262198983,0.5878339235726653,8.300963287353516
2022-04-22,39.89289474487305,40.40027008056641,40.32373542785645,40.698213281643405,40.3385077575602,44958400,1.815083411622357,1.7976546169939747,0.7143728917638089,7.8331749400914275
2022-04-25,38.64023971557617,40.385549545288086,40.29112144470215,40.50221579916081,40.271909010815726,46028400,1.7613496777570883,1.800998514858226,0.7868384131225039,7.587209686207995
2022-04-26,37.97164535522461,40.341575622558594,40.24088371276856,40.26120909021451,40.18170259294941,29507700,1.1125151116475762,1.145011953133658,0.8193190131172372,7.455927746852982
2022-04-27,37.24156188964844,40.258059883117674,40.17680358886719,39.97362364254155,40.06640295752584,30582000,1.1478503891007135,1.17349319015555,0.8467764211042574,7.312572105621624
2022-04-28,37.1954460144043,40.15857200622558,40.110434494018556,39.70903529700466,39.953816410736756,33011700,1.2180373893500827,1.2473999983222748,0.8593266588322759,7.303517016473218
2022-04-29,35.581600189208984,40.00382690429687,40.01118095397949,39.31594623911936,39.782356951069,41014200,1.4859302144433133,1.5224764446788495,0.9138847617308936,6.986630093226924
2022-05-02,35.52781677246094,39.80159645080566,39.908118438720706,38.95517200419951,39.61551223818241,33309400,1.2007863832480974,1.2220908998119098,0.9198976946524791,6.97606944289163
2022-05-03,36.25019836425781,39.62257804870605,39.81570732116699,38.6975554670622,39.48353914508733,33263100,1.1831860950529929,1.2088917879558643,0.939123435406642,7.117912781617353
2022-05-04,37.172401428222656,39.47752132415771,39.74067733764648,38.55230270145844,39.39290629344558,29564600,1.0397673759384058,1.0669485436216979,0.9644555719351114,7.298992093522973
2022-05-05,36.76509475708008,39.29615478515625,39.664942016601564,38.38209242104145,39.28985486064693,20664300,0.7371159082242663,0.7442320155004308,0.9686956559500214,7.219015335011705
2022-05-06,37.09555435180664,39.127084732055664,39.60826766967774,38.25956498587623,39.203803860300255,19322000,0.6935251839876873,0.7013230549083467,0.9679271394199646,7.283902775060351
2022-05-09,37.364532470703125,38.93841762542725,39.53373962402344,38.17432379395498,39.13167557051213,24391300,0.8762024914939426,0.8898775566016238,0.9652373956443174,7.336718011303484
2022-05-10,36.98796844482422,38.716705322265625,39.45851356506348,38.06133757022825,39.04760862440672,23007300,0.8425380399664776,0.8440569764598231,0.9844501710058704,7.262777729212681
2022-05-11,36.795841217041016,38.494224548339844,39.380355987548825,37.94081410801994,38.9593040201963,20133200,0.7386439617749219,0.7410958583411897,0.9948249583225565,7.225052560467587
2022-05-12,36.934173583984375,38.26060047149658,39.29691696166992,37.844943581921314,38.87988714034485,21623900,0.7906862115958341,0.7954345143662965,0.9944407756602957,7.252214831771139
2022-05-13,37.0263900756836,38.04349899291992,39.20742599487305,37.76698610513677,38.80720098094637,21080500,0.7649908152474876,0.7791699833583884,1.0109635654684692,7.270322013926285
2022-05-16,37.68729782104492,37.876350021362306,39.12431999206543,37.75939674474707,38.76328320996984,22754700,0.8134068954078277,0.8436449948446327,1.0255652746869757,7.400094646917326
2022-05-17,37.61044692993164,37.691525268554685,39.04620643615723,37.745211048097985,38.718073944085994,22043100,0.7752860619547228,0.8190351784844303,1.031713085896245,7.385004579419288
2022-05-18,37.57201385498047,37.47941856384277,38.98903907775879,37.72871607732489,38.6731304111799,22365100,0.7827546259839074,0.8398377124612809,1.0332499705795744,7.377458047599436
2022-05-19,37.7334098815918,37.25232639312744,38.93768096923828,37.72916310630269,38.636278625705856,23186400,0.8254159359201212,0.8705892495159012,1.031328457587453,7.409148987030315
2022-05-20,38.06386184692383,37.16087474822998,38.890654220581055,37.76103917683804,38.613830908890876,24181800,0.8939093925029208,0.9034320240048455,0.9210482761664853,7.474034929008128
2022-05-23,38.17145156860352,37.137435340881346,38.84866447448731,37.80012607129189,38.59648269946784,16761800,0.6550545061327582,0.6281341973273287,0.8595683746801758,7.495160723891216
2022-05-24,38.947635650634766,37.186234855651854,38.83039855957031,37.909412697895974,38.61025340343517,25414700,1.0012190867741988,0.9507620289557311,0.8856972686557534,7.647568458129313
2022-05-25,39.37800598144531,37.2930570602417,38.816791687011715,38.049278724900674,38.64036134767086,19831500,0.7981693802238811,0.7422537475926299,0.8776280502374515,7.732073884767908
2022-05-26,39.18587493896485,37.392578506469725,38.80344215393066,38.157525983382975,38.661754037525526,15500400,0.6466403831516564,0.5858504662455657,0.8710958705510716,7.694347966987398
2022-05-27,39.50096130371094,37.58854656219482,38.79836845397949,38.28547220436659,38.694664126395544,13347300,0.5909200383223862,0.5081537677496707,0.8199908923965257,7.756216794308101
2022-05-31,39.41643142700195,37.78297729492188,38.81529296875,38.39318260652234,38.722968726419325,25016600,1.128262348078807,0.9865063708501457,0.7892508657449827,7.739618918516927
2022-06-01,39.50096130371094,37.94551544189453,38.82935249328613,38.498685339587915,38.753478239254285,15358100,0.7218023981279694,0.6175826625673836,0.7596637002838463,7.756216794308101
2022-06-02,39.41643142700195,38.0577169418335,38.84323997497559,38.58608972886544,38.779476403479684,13527800,0.6606793748067821,0.5506915661528431,0.7512102928095494,7.739618918516927
2022-06-03,39.04754638671875,38.17183952331543,38.850205078125,38.63003798199432,38.789988951842,10819800,0.5414403430052946,0.4459615661404553,0.7373775376461709,7.6671864447192615
2022-06-06,39.37800598144531,38.28596210479736,38.86332405090332,38.70127302956108,38.81304844319899,12898100,0.6559855804318648,0.5352364441984853,0.7262342360109489,7.732073884767908
2022-06-07,39.69308853149414,38.40238990783691,38.87849281311035,38.7957316487928,38.84755981921056,15383000,0.8007076917231143,0.6401503568912105,0.7131697043824893,7.793941963053196
2022-06-08,39.616241455078125,38.53380355834961,38.89379516601562,38.87387543986759,38.877704197087716,13249700,0.7076366403856039,0.5552749083733748,0.6689809674984204,7.778852644590574
2022-06-09,39.14745330810547,38.65138416290283,38.8985066986084,38.89993047493786,38.88828259359822,12078400,0.6592604661228685,0.5131182375078455,0.6670597437504882,7.686803682273794
2022-06-10,39.05522537231445,38.757436752319336,38.895907135009764,38.9147204651642,38.89482936923415,19868500,1.0896781806320446,0.8469038574331974,0.6732077386766765,7.668694253012399
2022-06-13,38.10996627807617,38.811615562438966,38.884576416015626,38.838077209251054,38.86405042448286,23762500,1.293727795316338,1.0191998595916818,0.6954943423921442,7.483087771050284
2022-06-14,37.77952194213867,38.81622676849365,38.848718338012695,38.73726242190701,38.82151989576348,20278700,1.111547487854003,0.8775077321262761,0.6762816712855578,7.4182033271433045
2022-06-15,37.77183151245117,38.82429599761963,38.80754364013672,38.64531662100645,38.78035564543751,22005600,1.2063289841621903,0.9553663118847108,0.6974155675106278,7.416693271743918
2022-06-16,37.533599853515625,38.82237529754639,38.756744918823244,38.53943883362637,38.731463261440574,22029300,1.2087407407407407,0.9573273110041992,0.709327305927621,7.369915260956667
2022-06-17,37.67961502075195,38.819685554504396,38.70248870849609,38.457550851447856,38.69021431082533,36469500,1.9307110349827719,1.574172648057996,0.7058691910406498,7.398586089588772
2022-06-21,38.92459487915039,38.86272220611572,38.67144149780273,38.50203123503857,38.699405705661604,34258500,1.7665403839222318,1.4642408271296983,0.751979585706728,7.643044284214484
2022-06-22,39.03217697143555,38.905758476257326,38.629327545166014,38.55252130517162,38.71245555922137,23650600,1.1982613744545263,1.0118884679900948,0.7592802959022862,7.664168581026737
2022-06-23,40.031227111816406,38.959938049316406,38.60150779724121,38.69335042961398,38.76417209069569,21736400,1.1116364500193443,0.9395394819764407,0.7373779921611423,7.860337211394979
2022-06-24,39.16281509399414,38.949178504943845,38.55985496520996,38.73806135003113,38.77980514964857,28490700,1.425498993694486,1.223709048738846,0.7642755524256145,7.689820047895486
2022-06-27,39.16281509399414,38.94802551269531,38.51097816467285,38.77851408755142,38.79482514746604,16974900,0.8461979441879941,0.7308643306311071,0.7696550347025856,7.689820047895486
2022-06-28,38.778564453125,38.911905670166014,38.45918106079102,38.778518884272714,38.794187473178155,16615700,0.8215987048807286,0.7155832522243947,0.7685021799331662,7.614370459440713
2022-06-29,39.14745330810547,38.898456764221194,38.42152458190918,38.81365549606631,38.80804103533217,13901400,0.7068079597882027,0.5989416087295695,0.7673493277283174,7.686803682273794
2022-06-30,39.00143432617188,38.87348041534424,38.37541442871094,38.8315391941716,38.81562508595333,18880500,0.951447239918605,0.8092884999377619,0.7742658499501907,7.879418579670862
2022-07-01,39.68540573120117,38.8869291305542,38.33283958435059,38.91285981674584,38.84973413086501,14189300,0.713853234294517,0.611021230913257,0.7738815172573545,8.017600600149398
2022-07-05,39.516334533691406,38.91036853790283,38.27766120910645,38.97033359931209,38.87587532313271,19675600,0.9682947876816974,0.8569751073200647,0.7953992199606269,7.983443324706538
2022-07-06,39.58549118041992,38.92074279785156,38.27151313781738,39.028920035608074,38.903703395967504,14938900,0.7315142554176561,0.6681390064032466,0.8003945136306989,7.99741496899488
2022-07-07,39.46098327636719,38.90913753509521,38.2879280090332,39.07006891568037,38.925557508924356,13617100,0.6696849892222672,0.6272055900064963,0.7980431677094654,7.972260768656903
2022-07-08,39.28979110717773,38.892815017700194,38.31429092407227,39.090994838680125,38.939841179444095,13959200,0.6853137343319391,0.6523059542591431,0.7979053791822952,7.937674995545978
2022-07-11,39.29757308959961,38.9003210067749,38.35541114807129,39.110668957815314,38.953869881803136,12259000,0.6015773309526725,0.582837302766459,0.783920192487718,7.939247181234557
2022-07-12,39.51546096801758,38.92333278656006,38.40181144714356,39.149220577834576,38.97589306165468,20528700,1.005761324533875,0.9877329559085231,0.790206119765535,7.983266839156203
2022-07-13,39.30535125732422,38.983102035522464,38.47628646850586,39.1640901663574,38.988812990896626,13362500,0.6717826887948156,0.660508674474633,0.7702709868191338,7.940818596243876
2022-07-14,39.28979110717773,39.05861549377441,38.5515259552002,39.176061684530765,39.0006160542802,10271700,0.5297215090387146,0.5195634608752533,0.7664455954034711,7.937674995545978
2022-07-15,39.70221710205078,39.155134773254396,38.620566329956056,39.22617172429457,39.02812982085944,13021300,0.68744674403454,0.6724131075448889,0.7460295958977508,8.020996983644281
2022-07-18,39.12637710571289,39.23477363586426,38.65964584350586,39.21666747490584,39.031982655559574,16173100,0.8672494051873774,0.8468833127369457,0.7411336323426727,7.904660637444375
2022-07-19,39.25866317749024,39.31372604370117,38.70951721191406,39.22066706562816,39.040872087792145,14638500,0.83376145827519,0.7713939906466272,0.7166961649762282,7.931386252791673
2022-07-20,38.18478775024414,39.27673568725586,38.731301879882814,39.12201189273445,39.00730015298634,29611400,1.709188981706886,1.543669658425671,0.7043758227078818,7.714432334560598
2022-07-21,37.08756256103516,39.17950496673584,38.72576248168945,38.928254813524994,38.932016325850995,32321000,1.820045730612847,1.6711074767026801,0.7604793515653018,7.492761088584536
2022-07-22,34.58964157104492,38.90742568969726,38.67779594421387,38.51505355233642,38.76172711978017,58265000,2.9750150308083705,2.9065330022318423,0.8584224128275106,6.9881087495327066
2022-07-25,34.83087539672852,38.69082870483398,38.63849662780762,38.164179442278524,38.607576071817356,27180700,1.392505613041468,1.3464343937263124,0.8268921204996247,7.0368449645200855
2022-07-26,34.95538711547852,38.4804573059082,38.5989208984375,37.85858017305948,38.46435297549034,20571800,1.0443004560609814,1.0201165042689404,0.829632621721295,7.0619999355373215
2022-07-27,34.94759750366211,38.28890895843506,38.55734504699707,37.581343728354966,38.32644099620296,21560500,1.0809240382706418,1.0686355406853225,0.8211042692985352,7.060426208490225
2022-07-28,35.44563674926758,38.10381813049317,38.512511825561525,37.37794306367998,38.21346828063687,22051900,1.083424614023318,1.0937535339330984,0.832716500552538,7.161044551200652
2022-07-29,35.943660736083984,37.95092945098877,38.47917610168457,37.241344746766075,38.124456220066165,23129800,1.1246429239996403,1.1459810103408712,0.8404762582977885,7.261659811194043
2022-08-01,35.99813461303711,37.76656589508057,38.447698516845705,37.12294378164903,38.0410710590062,18612100,0.8953510019728211,0.9255907969755444,0.817317480842538,7.272665111014084
2022-08-02,35.28221893310547,37.55486011505127,38.398674697875975,36.94763665321631,37.93288077955911,18710300,0.9021696808824824,0.934635321235653,0.8163218808061614,7.128029422419789
2022-08-03,35.27443313598633,37.33930721282959,38.34288612365722,36.78828393728964,37.828627930791555,17314100,0.8300945657022958,0.8708661884659434,0.803849562953572,7.126456466051952
2022-08-04,34.57407760620117,37.094961929321286,38.27093864440918,36.577407143852646,37.700998506297815,29704300,1.3712412021874825,1.4748673308070577,0.8143549531788998,6.984964378155552
2022-08-05,34.97872543334961,36.87940864562988,38.191560440063476,36.42515174285236,37.59424269951553,17297500,0.7923997423641479,0.8658284502894588,0.8186349072545209,7.066714951244534
2022-08-08,34.65968322753906,36.64751415252685,38.09719398498535,36.25701188425109,37.479161935908614,20597000,0.9258676553616444,1.0301958367423945,0.8256382994854882,7.002259191409161
2022-08-09,34.76861953735352,36.410172080993654,38.008848876953124,36.11526023216561,37.37286615557312,14554000,0.6631301849761418,0.7286341818845943,0.8015149255887202,7.024267479011467
2022-08-10,34.89313888549805,36.189561462402345,37.91669242858887,35.998867722959176,37.27562194890351,16402700,0.7422225952835446,0.8186832290299612,0.7828388740101765,7.04942399138722
2022-08-11,34.84644317626953,35.967394065856936,37.82529266357422,35.88911300422683,37.1803600362512,15407300,0.6891730107265474,0.7764492563729384,0.7707770433287517,7.039990106576497
2022-08-12,35.13436508178711,35.73900146484375,37.737960739135744,35.817232249708766,37.100124939997706,15090900,0.6719102819517362,0.7607091786161625,0.7626059987848592,7.098158665016079
2022-08-15,35.45341873168945,35.55535354614258,37.658700485229495,35.78258334323073,37.0355482259464,15713600,0.7003519230974937,0.790356857669574,0.7509334821708749,7.1626167368892295
2022-08-16,35.64018249511719,35.37442951202392,37.59055320739746,35.76902135769611,36.980828001207996,14112800,0.6297423499365362,0.7074967544824637,0.7645514000853204,7.200348422735825
2022-08-17,35.28221893310547,35.229301071166994,37.50863746643066,35.722659222020816,36.914215880890254,11294400,0.5254532711378238,0.5671178309008318,0.7256432248459262,7.128029422419789
2022-08-18,34.3873176574707,35.09428882598877,37.402522048950196,35.595483834920806,36.815121832913015,25957400,1.2257699075929083,1.2896852703686594,0.6882910652510571,6.9472334629882155
2022-08-19,34.56630325317383,35.09312191009521,37.30152328491211,35.49746663665919,36.72693286900167,19485400,1.01289023868839,0.9621640518990067,0.5575588376691929,6.983393733825493
2022-08-22,34.371761322021484,35.070166206359865,37.20600944519043,35.3902566066937,36.634573200492646,15031400,0.8068401649815673,0.7400729664659514,0.543162742051274,6.944090632969579
2022-08-23,33.82704162597656,35.01374893188476,37.10144577026367,35.24137898948254,36.52447392306064,19014200,1.0249093363116157,0.9369548469779705,0.5373267169904462,6.834041488165465
2022-08-24,33.88928985595703,34.96083354949951,37.01703224182129,35.11260859581345,36.42113337140952,17384400,0.9477260739971461,0.8620626387356335,0.5283777858266394,6.846617432315566
2022-08-25,34.037147521972656,34.89040908813477,36.94218475341797,35.010183731638136,36.32764373025513,14327600,0.7978811676298904,0.7146993843975891,0.5061999548740207,6.876488960398533
2022-08-26,33.65584182739258,34.776018142700195,36.859864959716795,34.88119878837665,36.22286718504484,16795700,0.952118027103196,0.8421923225347333,0.4886913749214393,6.799454173696025
2022-08-29,33.71809768676758,34.66201629638672,36.78355491638184,34.77042725489007,36.12464093021044,15039500,0.8612837506031048,0.759454257417903,0.48752401794033273,6.812031659204643
2022-08-30,33.095558166503906,34.55268325805664,36.69187377929688,34.61091591313901,36.005853370849394,20705100,1.1790075600184837,1.0624675565386006,0.47818606079288345,6.686260657514756
2022-08-31,32.5352783203125,34.415725517272946,36.56408744812012,34.41323614239363,35.8697523884754,28368200,1.5660778274687717,1.4645474932242957,0.493749516616295,6.573067912012747
2022-09-01,32.5352783203125,34.313785552978516,36.434149475097655,34.23438301648114,35.73898869952783,21641700,1.2219327605832295,1.1196049781052682,0.47196063218027967,6.573067912012747
2022-09-02,32.13841247558594,34.17176990509033,36.276293182373045,34.03476677449112,35.59778963192226,21155700,1.1816219325902944,1.0951203919629986,0.4890803200600498,6.492889524612343
2022-09-06,31.98278045654297,34.03792476654053,36.13269248962402,33.8393395061151,35.45602456622112,23898600,1.3226277226835088,1.2430155597216064,0.4867457595970741,6.461447352199315
2022-09-07,31.967214584350582,33.897854518890384,35.98878047943115,33.661041894518476,35.319208488500706,25548300,1.3721816373767406,1.317073668651499,0.4941384697194309,6.458302595482531
2022-09-08,32.15397644042969,33.760896396636966,35.85628871917724,33.51751185127193,35.195081741517534,28753200,1.4947388449008046,1.4639730117207654,0.5174836511801246,6.4960338959894965
2022-09-09,32.86988830566406,33.66206865310669,35.73073741912842,33.455833418356896,35.10389768520955,20259500,1.0400751993954478,1.0248795913816526,0.5361595614877114,6.640668813904534
2022-09-12,33.274532318115234,33.569077014923096,35.61619937896729,33.43856664690531,35.03215786689213,18553200,0.9440873560165266,0.9388728647362586,0.5412176272221789,6.722418616314256
2022-09-13,32.48859024047852,33.42083559036256,35.47226306915283,33.348092703436095,34.93241011683669,21284500,1.0679339345547085,1.069409174856954,0.5602822975182236,6.563635568560544
2022-09-14,32.12284851074219,33.2449688911438,35.324393348693846,33.23140278032239,34.82223123032318,23152200,1.1358856195826716,1.1591993782675427,0.5711767712102265,6.489745153235188
2022-09-15,31.92830848693848,33.07727336883545,35.17124969482422,33.10729856190488,34.70874406391594,22763400,1.0862494488441474,1.1308720304387665,0.5723435497666639,6.4504424377189045
2022-09-16,32.09950256347656,32.962882614135744,35.02402008056641,33.01131799062599,34.606420867820276,45069300,2.0568736449786424,2.171165662850263,0.5509436687408149,6.485028596169456
2022-09-19,32.09172058105469,32.83915348052979,34.880058670043944,32.92373728495253,34.50780517030006,18960900,0.8663748730313868,0.9090405254618508,0.5521109519977065,6.483456410480879
2022-09-20,31.585906982421875,32.69986076354981,34.72582534790039,32.79632487518771,34.39322092763817,15561200,0.7101737783534183,0.7436942600884431,0.5672853394724943,6.381267423440392
2022-09-21,30.722143173217773,32.54461584091187,34.54995899200439,32.59878376071438,34.24925709413149,25612100,1.151534402810215,1.2181238929702656,0.5937429637192236,6.206762133461276
2022-09-22,31.07231903076172,32.4037672996521,34.385298347473146,32.45340616738556,34.12467128772483,19806400,0.8856845616260743,0.9362631611190988,0.6221462921902164,6.277507792069847
2022-09-23,30.753273010253903,32.23957357406616,34.21456798553467,32.29148872384921,33.992459590569105,19439700,0.8594632162635586,0.9110325494833279,0.638487614310758,6.213051261555214
2022-09-26,30.29414749145508,32.07148885726929,34.026406593322754,32.10126574933548,33.847427743545026,21345700,0.9343331325680909,0.992611621782593,0.6536621020878153,6.120294617966934
2022-09-27,30.263023376464844,31.898735141754152,33.84913951873779,31.926195047157325,33.70686286640463,20357700,0.880834620192343,0.9429979494425585,0.6680583513867153,6.114006645891883
2022-09-28,30.652103424072266,31.776562404632568,33.67700832366943,31.80485298781589,33.58706837847002,20567400,0.8901730776680057,0.9475071790688784,0.6579418201238585,6.192612076924451
2022-09-29,30.06847381591797,31.653222179412843,33.51468204498291,31.639483542873233,33.44908427797778,17806900,0.788722799607386,0.8293556763979149,0.6622217426590069,6.0747020036774515
2022-09-30,29.54710578918457,31.503813552856446,33.3638729095459,31.44020947109336,33.29606551371138,23523600,1.0376086604127084,1.1046632194427037,0.678952403527356,6.438732777199458
2022-10-03,30.47311782836914,31.420548820495604,33.28154243469238,31.348105505119626,33.185361682913644,21495300,0.9474322388245217,1.045520637691079,0.6921808448713851,6.640523914081685
2022-10-04,30.97894287109375,31.370356941223143,33.204503784179686,31.312947159021924,33.09883545499914,25922500,1.1374930613910568,1.2624025664818277,0.695683287188184,6.75075035403681
2022-10-05,30.659889221191406,31.30499067306519,33.118593826293946,31.250751164942827,33.00319050465374,17797900,0.7944912937138949,0.8690898578919252,0.7069669927987989,6.6812240455053225
2022-10-06,29.942195892333984,31.1944016456604,33.01848579406738,31.12612685326579,32.88315150024904,36663300,1.6082415619331114,1.7642841702807337,0.742445670975554,6.524828505669297
2022-10-07,29.15882110595703,31.00884828567505,32.89274948120117,30.938764401141146,32.737099327923865,31838700,1.3620196187601052,1.517821882431505,0.7442886691919203,6.354120046104259
2022-10-10,28.97682380676269,30.79396286010742,32.75341274261475,30.751912915962244,32.58963754278029,21622200,0.918938296511896,1.0322623149922516,0.758140725386957,6.314460257289569
2022-10-11,28.43875312805176,30.591471004486085,32.602225112915036,30.531611983780294,32.42685776181054,27708900,1.1617614780909544,1.3114555623731443,0.7419088144594449,6.197207036612565
2022-10-12,28.23301696777344,30.396979427337648,32.4612410736084,30.31269817273202,32.26239341694634,23336800,0.9780722921358533,1.0997090319414562,0.7286843327278645,6.152374213794296
2022-10-13,28.802749633789062,30.240701484680176,32.331807403564454,30.168893549975547,32.126721111724486,33118100,1.3585391256692072,1.537732845007045,0.7678311284855832,6.276527029880221
2022-10-14,28.78691864013672,30.075072288513184,32.21606422424316,30.037276891895658,31.99574846577987,26019000,1.1107261982440717,1.2122575974013268,0.7561432040541792,6.27307723217576
2022-10-17,29.41994285583496,29.941483402252196,32.10488857269287,29.97848317417559,31.894736481076144,21962900,0.9316057919056436,1.0188495682615155,0.7707531919687483,6.411022173228809
2022-10-18,29.332904815673828,29.828833293914794,31.998353004455566,29.916999520984945,31.79427249419762,27488600,1.1372231600734495,1.2670827494652999,0.7752143557449408,6.392055351704996
2022-10-19,28.937259674072266,29.739589118957518,31.88172580718994,29.82369096413612,31.68223277576133,29563600,1.2131513226088932,1.3441304116939292,0.7516221133640913,6.305838672496361
2022-10-20,29.27750968933105,29.649848651885986,31.7694132232666,29.771673699868973,31.58792990962681,35523700,1.4121853896571772,1.587508645032679,0.7460392120993321,6.379983969207327
2022-10-21,27.97189140319824,29.510779571533202,31.631922187805177,29.600265862090804,31.446124478002158,51671100,1.9304251047803997,2.2366226236985707,0.8110666827459578,6.095471255393189
2022-10-24,28.462495803833008,29.419196987152098,31.498484802246093,29.491906808923396,31.32911943195631,28844800,1.0627504223214137,1.2338772469062598,0.8175850077207182,6.2023809018927
2022-10-25,28.82648277282715,29.347369956970216,31.36594608306885,29.42853309119994,31.23097681787281,25496500,0.9305770844412067,1.0815964892751986,0.8086927934082586,6.2816988169689685
2022-10-26,28.82648277282715,29.25608892440796,31.229672088623047,29.37119496564063,31.136682933753374,20328200,0.7422673034250654,0.8578265266317744,0.8047474945561401,6.2816988169689685
2022-10-27,28.62865829467773,29.184098148345946,31.09660087585449,29.30047718745369,31.038329026338644,20268000,0.7367587087965566,0.8488573261312528,0.7915163425769475,6.238590061726373
2022-10-28,29.807674407958984,29.197126579284667,31.00500801086426,29.34878168464467,30.99006806091199,31824300,1.139646162969584,1.3263362365697426,0.8324228798199751,6.49551436922349
2022-10-31,29.57028579711914,29.15198497772217,30.905087661743163,29.369877314404143,30.934390325076976,26630600,0.9449679461532989,1.1033081678677663,0.8036683754848092,6.443784029187688
2022-11-01,29.57028579711914,29.08155212402344,30.809058151245118,29.388963836567473,30.880896029862942,22968900,0.8193286640896589,0.9453857778522671,0.8080766544346517,6.443784029187688
2022-11-02,29.839319229125977,29.040523624420167,30.729303703308105,29.43185482633495,30.840049880814433,30648900,1.0687864618777387,1.2495224940467187,0.8185837168758987,6.502410223887913
2022-11-03,29.39620780944824,29.01322422027588,30.63944206237793,29.428459872345737,30.7834286231138,22329800,0.7986429029230664,0.9067056129924891,0.7671499798748911,6.405849970501783
2022-11-04,29.467426300048828,29.028654479980467,30.548047637939455,29.43217096069841,30.731820688875956,17599400,0.6459037023838513,0.7127330949537829,0.7489503755539582,6.421369488150803
2022-11-07,29.427852630615234,29.051205921173096,30.463487854003905,29.431759691166675,30.680684686591224,19697600,0.7254704484855985,0.7958345871612119,0.7299595728451216,6.412745825166207
2022-11-08,29.96592903137207,29.127564716339112,30.388444480895995,29.48263296166243,30.652655053053216,17392700,0.6529851411687521,0.7013769210469775,0.7327292032823454,6.530000292758044
2022-11-09,29.768102645874023,29.20431900024414,30.3218953704834,29.50982055063496,30.617966723359913,17574600,0.6670293820320777,0.7105060996568228,0.730355293494289,6.486891121877172
2022-11-10,30.48026657104492,29.288194847106933,30.280795135498046,29.602243981150195,30.612566717386777,23049000,0.8918473106638224,0.935850187961789,0.7058258648453368,6.6420817263463015
2022-11-11,30.30618476867676,29.364158153533936,30.23621326446533,29.669285960914628,30.60055173900599,22981000,0.8944734610218428,0.9320754998595052,0.7180906750392342,6.604146836383843
2022-11-14,30.31410026550293,29.408866024017335,30.199727020263673,29.730696847065893,30.58931834788822,23028500,0.894467341658675,0.9325852834531181,0.7089912529755811,6.605871735236073
2022-11-15,29.831409454345703,29.43379125595093,30.156699600219728,29.740288523949683,30.559596430494395,25074100,0.9785104370713253,1.014460105384644,0.7287734992049429,6.500686571950515
2022-11-16,29.973848342895508,29.48562068939209,30.116832275390625,29.76253231623024,30.536625917255222,18962200,0.7556258404415754,0.77129231629794,0.7141347885573873,6.53172602288683
2022-11-17,30.19540786743164,29.53151559829712,30.077660903930663,29.8037585592018,30.523244817262142,18780400,0.7742090806442371,0.7701456881207681,0.7105740145838123,6.580006980856449
2022-11-18,30.504005432128903,29.65812129974365,30.03034324645996,29.870448737575806,30.522490331570644,17821700,0.789791828605818,0.7322955068793052,0.6377758195962577,6.647254760349881
2022-11-21,30.55939483642578,29.762966251373292,29.976040496826172,29.936062651751993,30.52393756705516,19184200,0.8687697643740181,0.7878722168695876,0.6207628946968426,6.659324895932718
2022-11-22,31.01833915710449,29.87255907058715,29.94663547515869,30.039136604642703,30.54332586470415,19809500,0.9087893757500798,0.8145393809508928,0.6215540992945418,6.7593353626615835
2022-11-23,30.79677963256836,29.971073913574212,29.920114097595214,30.111293083492768,30.553265228149804,14170000,0.6593835113172454,0.5869868049343014,0.6247193091642342,6.711054404691965
2022-11-25,30.87590789794922,30.083436393737788,29.89906608581543,30.184113542012426,30.565917881867428,7725700,0.3703124075051809,0.3240716388049036,0.6187846725928324,6.728297574278381
2022-11-28,30.25870704650879,30.105988025665276,29.862250175476074,30.191217685297797,30.553870398127874,21560900,1.059530499174795,0.9226158713944278,0.5831766032962935,6.593800768376682
2022-11-29,30.33783531188965,30.144365501403804,29.827172470092773,30.205181268782734,30.54539843396167,14008800,0.7104432181219618,0.602004136436394,0.5740766566441516,6.611043937963098
2022-11-30,30.844263076782227,30.208064365386956,29.81233959197998,30.266046202877927,30.557118616033065,31358800,1.5572038580010121,1.3295388019718628,0.5819893887979962,6.721401719613959
2022-12-01,30.32991981506348,30.232594394683836,29.804495124816896,30.272129404038456,30.5482088591323,26276600,1.3191544370967316,1.113438183515135,0.5910891410937895,6.6093190391108685
2022-12-02,30.211225509643555,30.273345279693604,29.78727325439453,30.266329033143705,30.534993825819015,21677100,1.0900333087942458,0.9170861797269086,0.5926720557485148,6.583453869092967
2022-12-05,29.332904815673828,30.266619205474854,29.75886589050293,30.177431488622762,30.487853080323127,27561000,1.352042117821584,1.1580566430500592,0.6207623449786966,6.392055351704996
2022-12-06,29.19046974182129,30.254750061035157,29.736792335510255,30.08343513178453,30.436975302342663,26293700,1.2693363714591572,1.100232426438116,0.6195755020785534,6.361016732045236
2022-12-07,29.412033081054688,30.227055263519286,29.71977252960205,30.019492079334064,30.396781489743134,23065900,1.0984711297666918,0.9629859591145434,0.6120583602578629,6.4092985212914115
2022-12-08,29.35664367675781,30.20648231506347,29.693863334655763,29.956363660041085,30.355991771586847,19549100,0.9266333316111222,0.8168564479390703,0.6053325233554425,6.397228385708575
2022-12-09,29.594030380249023,30.162170505523683,29.684374465942383,29.921855728632316,30.326110932710854,20671200,0.9853742154884017,0.8616806474260005,0.5950455484032281,6.448958310106101
2022-12-12,30.029237747192383,30.148323154449457,29.69401710510254,29.9320825875428,30.31446884700425,19629600,0.9432568733496873,0.8209265509617583,0.5871328281259635,6.543796158469665
2022-12-13,29.95802497863769,30.130519390106194,29.68371524810791,29.934553291456602,30.300490656087913,30176800,1.4255948816755966,1.2529215099695463,0.5906934174284691,6.528277887735479
2022-12-14,29.63359260559082,30.120628547668453,29.65680824279785,29.905890368993195,30.274337791362534,23329800,1.1066926304454558,0.9707283570866315,0.570119867704171,6.457579479261031
2022-12-15,29.88680648803711,30.116276454925533,29.641346588134766,29.904072856521186,30.25914048534977,33007200,1.515280334574368,1.3562291576613519,0.5879239516505683,6.512758370086462
2022-12-16,29.37247085571289,30.075129604339594,29.629952087402344,29.853444094539444,30.224369127324795,62763800,2.61711353523695,2.524742060275573,0.5962325331309171,6.400677352136482
2022-12-19,29.301252365112305,30.01499195098877,29.63280071258545,29.800854406022573,30.18816846998313,26127200,1.0709034118261638,1.0558466550765682,0.6073106024009309,6.385157834487463
2022-12-20,29.26960563659668,29.950502490997316,29.638656349182128,29.750259285124866,30.15214639808562,24147300,0.9797853563530867,0.9738478696480471,0.6065193015825399,6.378261564184763
2022-12-21,29.894716262817383,29.894321346282958,29.667775611877442,29.764017092524156,30.142051098663337,24504300,0.9848900171380983,0.9908065245897264,0.6128494368782608,6.514482022023858
2022-12-22,30.31410026550293,29.87018737792969,29.709397277832032,29.81640596614118,30.14879812481391,26865300,1.0529216043657448,1.0831803901583084,0.6270925784442218,6.605871735236073
2022-12-23,30.39322662353516,29.846053314208984,29.741206817626953,29.871341266845366,30.158383556136314,16918300,0.6513392777222856,0.6911566042073933,0.6342142479555491,6.623114489184212
2022-12-27,31.05790138244629,29.88601303100586,29.786626472473145,29.984346992140694,30.193658765011214,25315900,0.9676449605034098,1.034814897959801,0.6389620596742128,6.767956531816515
2022-12-28,30.70973777770996,29.904608154296874,29.812422370910646,30.053431828861576,30.213897157666068,21793200,0.8207865400227218,0.8909443146312376,0.6646788528238374,6.692086751891597
2022-12-29,31.065818786621094,29.91568593978882,29.84708065032959,30.149849634362486,30.247305848997637,17347000,0.6710374815070124,0.7151055925734221,0.6539967687722488,6.769681846307023
2022-12-30,31.176597595214844,29.958019828796388,29.891867408752443,30.247635154443664,30.28374866257478,44007200,1.6458953131261678,1.792785609611148,0.6223454393963885,6.793822117472693
2023-01-03,31.746326446533203,30.03477487564087,29.941243743896486,30.390367658452192,30.341104654102562,31330700,1.1510081198814484,1.2807399331103242,0.6310494485113676,6.278771000245841
2023-01-04,32.54552459716797,30.195405864715575,30.03271640777588,30.595620700234647,30.427552495007088,28779500,1.0549225380894867,1.198889271029333,0.6318409859635723,6.436835971325468
2023-01-05,32.99655532836914,30.385710144042967,30.123397598266603,30.82428114100936,30.52829770415854,29987200,1.091800446554946,1.2480114852748363,0.6591402098732264,6.526040581504699
2023-01-06,33.384281158447266,30.5843225479126,30.214553565979003,31.068090666479637,30.64029705530712,26010400,0.9419604136449976,1.0820416218110944,0.6686354490284115,6.6027247831253435
2023-01-09,33.250057220458984,30.778993225097658,30.30302505493164,31.275897004953862,30.74264059119543,23062200,0.8299127289306932,0.9572180931660401,0.668463483707112,6.57617804642499
2023-01-10,33.71622085571289,30.98510274887085,30.404776306152343,31.508308800264246,30.85925158196082,16695300,0.6051233947482975,0.6950152296976774,0.6745062601263958,6.668375634052362
2023-01-11,33.09735107421875,31.13850841522217,30.470569839477537,31.659646159688485,30.947020189500346,20674800,0.7479441737027158,0.8687439014008363,0.6942185646324666,6.545975908732387
2023-01-12,33.603694915771484,31.320791912078857,30.551238021850587,31.844793660267822,31.051203512099217,16980300,0.6293114997973674,0.7193368390711788,0.6967131373082063,6.646120315482844
2023-01-13,33.643882751464844,31.521306419372557,30.6327099609375,32.01613547847707,31.152877207760614,17229800,0.6458588738871878,0.7334729346196859,0.6851859971037216,6.654068643543386
2023-01-17,32.832115173339844,31.668571853637694,30.692565879821778,32.09384783036876,31.218729676999015,28697000,1.084467498191263,1.2236654171182335,0.6953839971049189,6.493517698001539
2023-01-18,32.124839782714844,31.806190299987794,30.74713851928711,32.09679944487791,31.25426340663493,22976500,0.9388713113143055,0.9791982017511822,0.6936569619323721,6.35363315988583
2023-01-19,32.19717788696289,31.95098657608032,30.80173355102539,32.106359296505055,31.291240445079165,24812600,1.0166290131332574,1.050986345386289,0.6909955570547167,6.367940150394806
2023-01-20,32.14895248413086,32.09495391845703,30.856155548095703,32.11041579056465,31.324876211316486,23377900,0.9593582145962762,0.9871391825753355,0.6941755453891704,6.358402156722155
2023-01-23,31.851577758789062,32.19279699325561,30.89386852264404,32.08576454944317,31.34553117396247,34249300,1.3779353640559522,1.4258892151778664,0.6971219090943924,6.29958754694906
2023-01-24,32.486515045166016,32.30141773223877,30.948236770629883,32.12393126332154,31.390275639499862,32143900,1.2796418711396946,1.322196040194819,0.7527678276090386,6.425165094555793
2023-01-25,32.414188385009766,32.4024658203125,30.98691520690918,32.15157479872042,31.43042908050025,26527000,1.0362155923747314,1.0880392627665474,0.7756576335687209,6.4108603674530045
2023-01-26,32.36595916748047,32.46786870956421,31.028110694885253,32.17199235764995,31.467116534891634,19568100,0.7730608934441271,0.8048643369593723,0.7586473572589236,6.4013216193116245
2023-01-27,32.66333770751953,32.565548706054685,31.075095443725587,32.21878715287562,31.514027169112335,17254000,0.687806738026516,0.7130693199755372,0.7528830990102934,6.460136983553449
2023-01-30,32.992862701416016,32.66190090179443,31.138324508666994,32.29250863368899,31.572020719398758,22272600,0.8792342751595178,0.9226132581653548,0.7493120060626645,6.525310255774978
2023-01-31,33.41080474853516,32.77361125946045,31.207063636779786,32.3990130255791,31.644129897011947,18665200,0.775625225563652,0.7733717353621131,0.7476885128594256,6.60797060419843
2023-02-01,33.50724792480469,32.861657333374026,31.273300437927247,32.50455920645773,31.717193349082248,19542000,0.832450134780075,0.8091902681184997,0.749020935582496,6.627045082606272
2023-02-02,33.619773864746094,32.91536979675293,31.33561580657959,32.61077012629472,31.791804349696513,18443800,0.8033540526066713,0.7633230156966309,0.7269234256296278,6.64930040117579
2023-02-03,33.362579345703125,32.93367099761963,31.391679496765136,32.68237100433361,31.853403369147752,18314400,0.8185259748051998,0.7585137100615884,0.7155704382520289,6.598432610525778
2023-02-06,33.1777229309082,32.923343086242674,31.434867172241212,32.7295473782931,31.90533746960895,15530700,0.7107588851153295,0.6455111482190555,0.7084823976828529,6.561871810384742
2023-02-07,32.59100341796875,32.890390396118164,31.470751647949218,32.716352715405066,31.93222633032894,21668500,0.9948264981909846,0.895040907068413,0.7406315478076214,6.445830747513202
2023-02-08,32.56689453125,32.83292407989502,31.504571380615236,32.702118602628396,31.95711527938467,14080200,0.6503427414605623,0.5785607339201642,0.7313887400490187,6.441062505145606
2023-02-09,31.996252059936523,32.77786912918091,31.539322280883788,32.63489321761012,31.958650055092587,17485700,0.8136299074378897,0.7209083584668854,0.7213421932701121,6.328201150732648
2023-02-10,32.15699005126953,32.70553388595581,31.575705375671387,32.58937863033959,31.96642809415835,15398500,0.7191566739686861,0.6341296801270097,0.7020526863923319,6.359991822334264
2023-02-13,32.40614700317383,32.64364709854126,31.60694305419922,32.57192799918095,31.98367197294327,14486000,0.6809028284541799,0.6049588080098116,0.7036601708184133,6.409269947372167
2023-02-14,32.414188385009766,32.622750759124756,31.648628425598144,32.556905178783694,32.0005549694949,12292400,0.600964141570068,0.5194173452704728,0.685174719689671,6.4108603674530045
2023-02-15,32.454368591308594,32.63922719955444,31.693491287231446,32.54713978950035,32.018351582115045,11265200,0.5669765311617654,0.480238524890323,0.655437027123682,6.418807186576088
2023-02-16,32.02035903930664,32.63038625717163,31.747240371704102,32.49697019424381,32.01843030592648,16625900,0.8543818939426446,0.715436867501982,0.6502128301155239,6.332969015865879
2023-02-17,32.32577133178711,32.63922719955444,31.809946403503417,32.480665540676505,32.030482895175915,15029200,0.789260445128775,0.6530596495503208,0.6530258499488282,6.393373291251082
2023-02-21,31.505971908569336,32.62194690704346,31.851825180053712,32.38783757571392,32.009913836877615,17805500,0.9772534926020613,0.777250700728251,0.6586519277599724,6.23123381180022
2023-02-22,31.57027244567871,32.57613477706909,31.89609775543213,32.30997422999628,31.99267299800707,15086800,0.8687007635420683,0.6611489410783895,0.5879243011432889,6.243951136697088
2023-02-23,30.96748161315918,32.50379943847656,31.923566780090333,32.18211779029751,31.952469414287545,16738200,0.9917378876022099,0.7360555247831129,0.5726535019104088,6.12473149707006
2023-02-24,31.13626480102539,32.44231472015381,31.945707321166992,32.08251274370017,31.92046139023805,16431500,0.9826973146942897,0.7246066203860376,0.5738590404382139,6.158113343221244
2023-02-27,31.248788833618164,32.37158727645874,31.971522598266603,32.0031104665495,31.894121289978447,14210900,0.857697604996421,0.6356318460281385,0.5581864519795555,6.180368284556397
2023-02-28,31.192523956298828,32.28157033920288,32.00270122528076,31.925911751287533,31.866607669049834,16685300,1.0243107513247196,0.7507705327436707,0.5501494195291606,6.169240248037273
2023-03-01,30.78263092041016,32.15016164779663,32.020617713928225,31.817027862632543,31.824098776946318,18411700,1.1311746541972474,0.8394778410167568,0.5537656359233558,6.0881718286321185
2023-03-02,30.87103843688965,32.01835117340088,32.050589065551755,31.72693363160941,31.78672386164998,18818900,1.158766082128806,0.8938640200412038,0.5397005317809558,6.105657018662217
2023-03-03,30.750476837158203,31.874886322021485,32.07957355499268,31.63393774642358,31.746086723434615,23407500,1.4196128852271108,1.1146942392392183,0.5284482925353183,6.081812411714956
2023-03-06,30.662071228027344,31.739860916137694,32.10742286682129,31.541379030385844,31.703576311850018,22925600,1.3712131135382593,1.0930173727286692,0.518401744625136,6.0643275989192205
2023-03-07,30.46917152404785,31.60443334579468,32.1189119720459,31.43926402978223,31.655168280955813,23713500,1.384459098512116,1.1314350232756847,0.519607663674688,6.026176001462983
2023-03-08,30.16375732421875,31.483071041107177,32.115905113220215,31.317787200680943,31.596681576770045,20295600,1.1896805952975154,0.9744668894630474,0.49549584941066255,5.965771348843415
2023-03-09,29.376108169555664,31.323531723022462,32.09556274414062,31.132865388192823,31.509600266683208,26506900,1.499170863252388,1.2610827454570022,0.5175982251265715,5.809990531840987
2023-03-10,29.480592727661133,31.197748756408693,32.064016571044924,30.975506087189803,31.430031343584304,23940700,1.3297589007647834,1.1404864866306879,0.5015236828352776,5.830655430329667
2023-03-13,29.368072509765625,31.058302879333496,32.03718326568603,30.82241717505417,31.349170212846314,21834500,1.191475963393266,1.0401104547809068,0.5252336987214896,5.808401243463243
2023-03-14,29.64133644104004,30.920062351226807,32.008693618774416,30.709933295624253,31.282196339442148,22433200,1.198165887320107,1.0634768618453807,0.5192057073413159,5.862447233634377
2023-03-15,29.786008834838867,30.78865337371826,31.980881843566895,30.62194048983517,31.22352231965378,21722200,1.131692302562617,1.0519986288596377,0.5220185737432059,5.8910604601836
2023-03-16,29.400224685668945,30.635946178436278,31.93395980834961,30.505586603724097,31.152020451654376,29164400,1.451730763487212,1.415391663649626,0.5348779979426709,5.814760283146041
2023-03-17,29.56900405883789,30.513378429412843,31.874429397583008,30.416388266115884,31.08994137742628,47352500,2.189637066586885,2.257392032279717,0.5344763091054212,5.848141374828495
2023-03-20,30.08338737487793,30.401259231567384,31.816166038513185,30.384673895521793,31.05046867144399,19247800,0.881444323445069,0.9270752917417965,0.5421116615319423,5.949875824425424
2023-03-21,30.33254051208496,30.342587661743163,31.755131225585938,30.379708811384955,31.022314625978932,16648100,0.7644180415900057,0.8091576577456696,0.5159905394354901,5.999153194994598
2023-03-22,29.986936569213867,30.263420867919923,31.689868812561034,30.342301931178184,30.981711564929324,15321800,0.7031399864344803,0.7503404294205065,0.5200090957205475,5.930799837080124
2023-03-23,30.0351619720459,30.216804885864256,31.616247634887696,30.313050506498918,30.94459197305154,15799000,0.7266052784316106,0.7743897226685865,0.5067477307629245,5.940337830752774
2023-03-24,30.26824378967285,30.173403835296632,31.559665489196778,30.30878320013453,30.918068514879828,14957700,0.6902526962527267,0.7372854162138023,0.497906873579276,5.98643662456646
2023-03-27,30.581697463989254,30.140049266815186,31.499225540161135,30.334775034787363,30.904877493276274,14472800,0.6674726750030036,0.7151518625434715,0.4995144493525256,6.048431320032501
2023-03-28,30.541507720947266,30.107498455047608,31.43717803955078,30.35446386204069,30.890627698282977,13092600,0.6088632701416291,0.6496073657693446,0.4983089132354673,6.040482614737595
2023-03-29,30.92729759216309,30.114731788635254,31.399081687927247,30.40901945538568,30.8920657333371,12308900,0.5806575177809824,0.6208189954704912,0.49228145340754725,6.1167839234782475
2023-03-30,31.07196617126465,30.124778175354002,31.378024215698243,30.472157237850343,30.89912065247151,13918700,0.6642756237710707,0.708485177278835,0.48384238696721854,6.14539639555874
2023-03-31,31.25682640075684,30.150095653533935,31.35921718597412,30.546887634317628,30.913148328874854,22801500,1.0897867886382864,1.1630157176334637,0.48585182115512,6.0978687038956245
2023-04-03,31.522048950195312,30.193094539642335,31.34667911529541,30.639760140591694,30.93702678461291,19354900,0.9330196417195706,0.9912862644657864,0.490271932671126,6.149610754193767
2023-04-04,31.867650985717773,30.26301851272583,31.347000579833985,30.756702125841798,30.973521851322907,18577100,0.9067509064653672,0.9669734814272549,0.47901961547094557,6.217033972705932
2023-04-05,32.23736572265625,30.366698932647704,31.34201759338379,30.89771770649079,31.02308435608108,23561300,1.1409371923549805,1.237467134875425,0.4834402080680594,6.289161318420453
2023-04-06,32.25615692138672,30.510701370239257,31.33885696411133,31.02709286981421,31.071440142955808,21546600,1.0560601564048882,1.137604134922239,0.46335750387721825,6.292827278015264
2023-04-10,32.149940490722656,30.644168758392333,31.33453659057617,31.13403073847216,31.113734274240784,16114300,0.8052521813087927,0.8539071273263422,0.462879756281677,6.272105601409919
2023-04-11,32.23164749145508,30.787347507476806,31.325902786254883,31.238565667327677,31.15757400824919,12539700,0.6415233628292778,0.6678234028173875,0.4426706900225833,6.288045753371199
2023-04-12,32.02738571166992,30.9066499710083,31.30659324645996,31.31369138583646,31.191684271128434,13095200,0.6863364527665435,0.7042920878147121,0.44664009242089386,6.248196489777254
2023-04-13,32.12543487548828,31.02362127304077,31.280885848999024,31.391000289612823,31.228301941887644,13515800,0.7239494716927872,0.7309617502758453,0.43324296247211136,6.267324820972024
2023-04-14,32.04372787475586,31.155796432495116,31.25161544799805,31.45316482153121,31.260279429451103,11008400,0.619781794965413,0.6009030029975281,0.42997867532004364,6.251384669010744
2023-04-17,32.23981475830078,31.289336967468262,31.22401626586914,31.528083863128316,31.298692579602072,11572900,0.7245400057785899,0.6364910926775997,0.418168767094736,6.289639098781774
2023-04-18,31.814960479736328,31.375915622711183,31.193063888549805,31.555405445662412,31.31893837960734,16588500,1.0472676721092893,0.9140764298709939,0.4052997650385258,6.206754624978905
2023-04-19,31.537172317504883,31.436147212982178,31.16025287628174,31.553668957266456,31.32749657325038,17701200,1.1138122548166756,0.9730619733590394,0.40802357424867514,6.152561159555852
2023-04-20,30.385164260864254,31.4560585975647,31.116136093139648,31.442382795704344,31.29054236492151,31521300,1.8872295152438987,1.7142048864571,0.4476798240713862,5.92781684977991
2023-04-21,30.49138069152832,31.47886953353882,31.074625816345215,31.3518111667352,31.259202691455112,23823800,1.3929065474874969,1.2820098880901014,0.4443157856102594,5.948538526385256
2023-04-24,30.311635971069336,31.481039142608644,31.04093349456787,31.252746862386072,31.222043212224296,20362500,1.1720166456581425,1.0923677758882446,0.4470661975493531,5.913472275847717
2023-04-25,30.475040435791016,31.47570629119873,31.0072945022583,31.178679583662735,31.1927489856975,24959400,1.3945177819259222,1.3253774788101775,0.45683431411031883,5.945350719254851
2023-04-26,30.164560317993164,31.456858921051026,30.962462768554687,31.08209679645611,31.152427861473797,21499300,1.1736345068513827,1.133201111690673,0.4664892999060287,5.884779406952477
2023-04-27,31.69240951538086,31.495114517211913,30.948027191162108,31.140221817306085,31.17360361260741,28841000,1.5064373938700988,1.4941080101098494,0.5232037732635375,6.182846257552411
2023-04-28,31.72509384155273,31.527770900726317,30.93344169616699,31.195923914853385,31.195230680409185,19197500,0.9890973877730612,0.9864194487231963,0.5328057179612109,6.18922261601939
2023-05-01,31.627046585083008,31.54628190994263,30.92557544708252,31.236983216780015,31.212164637455217,17043500,0.8913400354893859,0.8753654439507772,0.5331382488086922,6.170094656927707
2023-05-02,30.7773380279541,31.509046363830567,30.89460678100586,31.193207484510882,31.195112613553214,17268700,0.9080712418953667,0.8848962108218195,0.555248579509807,6.00432570932197
2023-05-03,31.03061866760254,31.467194747924804,30.885099716186524,31.177722835281514,31.188661870574755,16703200,0.882683456634328,0.8568864414106102,0.5657538722612314,6.053738022204044
2023-05-04,30.515892028808597,31.38112106323242,30.86401210784912,31.11469132990314,31.1622787395251,16163100,0.8711714010907496,0.8282642623733091,0.5670163501979442,5.953320423132407
2023-05-05,30.90806579589844,31.31371650695801,30.862823791503907,31.095012707616974,31.152309604480916,15817400,0.8659080787667924,0.8113148086521097,0.5694674808988658,6.0298292826744655
2023-05-08,30.90806579589844,31.2516227722168,30.858259811401368,31.077208239834253,31.14273141590905,10672400,0.593084423559329,0.550667964306578,0.5686504792919671,6.0298292826744655
2023-05-09,30.69563865661621,31.174822330474854,30.847196807861327,31.040868279527775,31.125198366525016,12226800,0.6800564767025259,0.6321652948760424,0.5674249323679111,5.98838704577303
2023-05-10,30.744659423828125,31.110686016082763,30.838239517211914,31.012657912318282,31.11027527073298,14427500,0.7994974982973793,0.7476942875379069,0.5678333784580468,5.997950467164245
2023-05-11,30.72015190124512,31.040421867370604,30.836989936828612,30.984800196977982,31.09497631506679,11068700,0.6175573713738304,0.578026320571882,0.564565203084752,5.993169314623266
2023-05-12,30.71197891235352,30.973834419250487,30.83380874633789,30.958817217489937,31.079956809078034,10670700,0.5959130973329752,0.562025062039915,0.5563950774109048,5.991574852903436
2023-05-15,30.042016983032227,30.86394453048706,30.81963954925537,30.87150290944635,31.039253286488,20408700,1.1122962068337816,1.0783312519140147,0.5784547946951524,5.860872527938323
2023-05-16,29.453758239746094,30.74588441848755,30.795473289489745,30.736479607570132,30.97707701014518,20244700,1.0924733434172986,1.0727049893045832,0.584582390370057,5.74610961072832
2023-05-17,29.559972763061523,30.64702444076538,30.77728931427002,30.624431336664554,30.92150429457327,16741100,0.9057534559338508,0.8936631064485674,0.5776375949442482,5.76683091523058
2023-05-18,29.519119262695312,30.603722190856935,30.76439655303955,30.519163520096054,30.866508803127076,20365900,1.13615424460239,1.0870783614084112,0.5302501496236343,5.75886083924994
2023-05-19,29.453758239746094,30.551841068267823,30.76594955444336,30.417696350538915,30.81110682024939,16829200,0.9575339398761861,0.9076761555245156,0.5347438131884308,5.74610961072832
2023-05-22,29.380224227905277,30.50527048110962,30.763942184448243,30.318889481716663,30.754993777412366,16634300,0.9565904726250355,0.9042913433469353,0.5310671912655239,5.7317639204868716
2023-05-23,29.60900115966797,30.461968517303468,30.768760757446287,30.25128107009298,30.710052890441997,21539700,1.250986603105905,1.1713393097485174,0.5441395908509685,5.776395825034135
2023-05-24,29.30669212341309,30.419075107574464,30.76206787109375,30.16132021802823,30.655019134872234,16044200,0.9468165872597396,0.8785964973766741,0.5351524262973291,5.7174186023485065
2023-05-25,28.44882202148437,30.256895732879638,30.73532413482666,29.998225151690722,30.568501601013885,32465900,1.8956352260160474,1.757188930703997,0.5041044479095683,5.550057425641449
2023-05-26,28.59588623046875,30.10043535232544,30.719237365722655,29.864669063955297,30.49114413550231,18216700,1.0667001607952395,0.9977877087750567,0.497976852104849,5.578748061918179
2023-05-30,28.51418113708496,29.944792079925538,30.6981409072876,29.73605116615812,30.41361617478006,19353300,1.1256427720173954,1.0935855839932247,0.4918492556227253,5.562808282059985
2023-05-31,29.11061286926269,29.861455821990965,30.67868541717529,29.676485614072842,30.36251800593624,53756700,2.8266949774181795,2.923580230772527,0.4877641183198252,5.679165660989817
2023-06-01,29.18414306640625,29.76913204193115,30.65571746826172,29.6295958476284,30.31630722399389,20565300,1.0705175237752669,1.1137070453276758,0.4791855464815704,5.693510607025097
2023-06-02,28.25273704528809,29.655974292755126,30.621033477783204,29.498466437881703,30.23538290326033,61527900,2.864580071889307,3.173217808378138,0.5327006532405376,5.511803367973506
2023-06-05,28.15468978881836,29.518305492401122,30.583424034118654,29.37048770939948,30.15378709485084,30125600,1.3573596602545748,1.531061610115163,0.5335176984349295,5.492675408881821
2023-06-06,28.35077476501465,29.390440940856934,30.545074653625488,29.27337219088664,30.083080728974913,18406700,0.8151417697548999,0.9322084457527077,0.5310665659468283,5.5309294665497655
2023-06-07,28.80830383300781,29.296074199676514,30.50960678100586,29.22907996632675,30.033089478152675,25494100,1.0967871970580372,1.276895642163696,0.5412792795305561,5.620188438304187
2023-06-08,28.94720268249512,29.206201362609864,30.477720680236818,29.202234510723734,29.990505682244535,17749700,0.7581954302041545,0.8848821192462372,0.5380111034707298,5.647286101273428
2023-06-09,28.97988510131836,29.119188022613525,30.43877243041992,29.181058376494647,29.95087350260037,14953900,0.633513262074971,0.7435412070468329,0.5396451890082444,5.653662087637323
2023-06-12,29.094268798828125,29.038302516937257,30.399218482971193,29.17279270243117,29.917281161275966,14044500,0.5907651848778078,0.6982364638475635,0.5433216526867491,5.675977109653242
2023-06-13,28.988052368164062,28.985604286193848,30.353843002319337,29.155198384881924,29.88084081644805,17706700,0.7490680909650671,0.8847886430129395,0.5212620900093512,5.6552554330478975
2023-06-14,29.19230842590332,28.97253179550171,30.307248191833494,29.158732674503007,29.853839546230606,16538700,0.7051846874206525,0.8287571884302015,0.5114578617919259,5.695103580332586
2023-06-15,29.77239799499512,28.983153057098388,30.265343132019044,29.21717699074035,29.850645759907643,18890900,0.8018040367997362,0.946328735032663,0.5314750483355948,5.80827278002893
2023-06-16,29.78874015808105,28.996634101867677,30.216370620727538,29.27161157810613,29.848218089247776,36102100,1.4827965559227192,1.7860727869891226,0.5339260395420714,5.811460959262418
2023-06-20,29.257673263549805,28.986829853057863,30.156400947570802,29.270284119576953,29.82505946863217,17687900,0.7252040160326426,0.8784241751963553,0.541687841783806,5.7078555530603765
2023-06-21,29.27401733398437,28.981519508361817,30.098882484436036,29.27063966380623,29.803449973155786,17121200,0.7012693437140136,0.8494309558772385,0.5437303762433933,5.711044104396951
2023-06-22,29.290355682373047,28.96558723449707,30.040056648254396,29.272517379860208,29.783328628419206,12431200,0.5188495756946404,0.616813251938383,0.5126833230723864,5.714231539424271
2023-06-23,29.012563705444336,28.950880813598634,29.979760208129882,29.247759887058695,29.753102553008425,18991500,0.787815746981367,0.9368415434259094,0.5208536069467138,5.660037329795047
2023-06-26,29.50278091430664,29.003578758239748,29.92730712890625,29.272047603939452,29.743286018157374,15840000,0.6805518140959295,0.779591936775094,0.5008368633919089,5.7556734042226205
2023-06-27,29.86227226257324,29.06689805984497,29.883678016662596,29.328259476190286,29.747952145389366,17757800,0.763701287851925,0.8682115510887969,0.5081900139052585,5.825806277400783
2023-06-28,30.082868576049805,29.145332431793214,29.84053909301758,29.400127009510243,29.761086123062327,16756400,0.7246813052601715,0.8151197306219105,0.5192197175739228,5.8688422318158775
2023-06-29,30.22176551818848,29.200890064239502,29.80867519378662,29.478378296051027,29.779151981694724,16740800,0.7870007232632925,0.8142402154549805,0.4881728230377231,5.895939522682033
2023-06-30,30.385164260864254,29.260941123962404,29.785635032653808,29.56473886412848,29.80291716911314,19098300,0.9009356648730475,0.9276437577521006,0.48490464517262827,6.085989209423843
2023-07-03,30.45870018005371,29.371239280700685,29.787105751037597,29.64987803707374,29.828634149934338,10367100,0.5561672841921959,0.5141165205810259,0.4203598416473676,6.100718068772763
2023-07-05,30.62210464477539,29.494610023498534,29.78972023010254,29.74247104733104,29.8597506399281,19868300,1.0960375431874088,0.9891727348918692,0.41014702478276366,6.133447126958198
2023-07-06,30.336145401000977,29.593878555297852,29.79021041870117,29.799011461966273,29.878432787421154,21558200,1.1790123743742469,1.0720305556207534,0.410555552406138,6.076170988609733
2023-07-07,29.85628318786621,29.646277523040773,29.777835273742674,29.804465912051985,29.877564175673903,20482700,1.135757534422419,1.0231040180809798,0.409243025474912,5.98005710138254
2023-07-10,29.224231719970703,29.66012897491455,29.759028701782228,29.74920551280615,29.85194329505809,30326400,1.6249277322307019,1.501552531166484,0.43037071544193906,5.853460503767072
2023-07-11,29.099483489990234,29.666108894348145,29.707170181274414,29.68732722491892,29.822435067408367,28340300,1.4659369819294403,1.4039107566067568,0.4368714360207161,5.828474086875006
2023-07-12,28.991363525390625,29.66096363067627,29.65249557495117,29.62104496782099,29.789844026544927,27299600,1.3653005042933828,1.3415878066850777,0.44175284740078347,5.806818224420971
2023-07-13,28.80840110778809,29.65198106765747,29.596122665405275,29.543650314484523,29.75135606894662,25641900,1.2574449914709471,1.2495631238946523,0.4449342001958156,5.770171810740289
2023-07-14,28.28445816040039,29.606588554382324,29.5462650680542,29.423727252190798,29.693830660768338,31576000,1.493383680328113,1.5175780193030772,0.45320058251466244,5.6652287833872235
2023-07-17,26.16375160217285,29.42615623474121,29.448927726745605,29.113253380760515,29.55539618788224,97510600,3.8887709090938096,4.348689331563602,0.5356956781298929,5.2404623704456705
2023-07-18,26.837390899658203,29.27858877182007,29.375357704162596,28.896504573036484,29.44880774520679,79722200,2.924949882447556,3.364633862645019,0.5847276733944812,5.375388792443664
2023-07-19,28.251197814941406,29.228264999389648,29.322220344543457,28.83504678655124,29.401842649902264,61881000,2.1001117405650493,2.5139099687025706,0.6355396615186303,5.658566910447283
2023-07-20,27.97675323486328,29.163401794433593,29.263594093322755,28.753304543533336,29.34595679048897,32839900,1.0855623405244894,1.3105141948194625,0.6367150471007035,5.603597098910289
2023-07-21,28.176353454589844,29.107701683044432,29.213208389282226,28.698356820776812,29.30008999300273,25179400,0.815159610630608,0.9945318404309499,0.6465349775197275,5.6435759771886955
2023-07-24,28.25951194763184,29.07004909515381,29.1635054397583,28.656562070953484,29.259283010831318,30784200,0.9779419671582765,1.2003988617497634,0.6590325868104211,5.6602321876663
2023-07-25,28.475744247436523,29.018697261810303,29.118617286682127,28.639341325856634,29.22855600050211,35719500,1.0999912849414566,1.3665739893102729,0.6840343450680708,5.703542384446614
2023-07-26,28.558910369873047,28.953529167175294,29.07555591583252,28.63168123481058,29.202295387536264,27916000,0.8464411026657013,1.0541142438414406,0.695678436468446,5.720200123051971
2023-07-27,27.901899337768555,28.84448070526123,29.032753562927248,28.562178196997053,29.15129946401596,28097500,0.837543906035309,1.054842657908416,0.7148440281306453,5.58860425549201
2023-07-28,28.30109214782715,28.748447036743165,29.00970024108887,28.53731285898087,29.117958000636005,30642100,0.8948542398699163,1.1414614070557596,0.7321561708018273,5.66856048392107
2023-07-31,28.342679977416992,28.646322822570802,28.985354385375977,28.518776394070024,29.087554940901928,24500400,0.7098959179188278,0.9074286750483559,0.7274586737620107,5.676890308303594
2023-08-01,27.80210494995117,28.513493061065674,28.951014099121092,28.45052197082061,29.03714513733523,27289500,0.7717883971409085,1.0055722028072522,0.7510519597692751,5.568615962448621
2023-08-02,27.710622787475582,28.367918968200684,28.916151390075683,28.380055381930607,28.985124653027007,20481600,0.5787487513934237,0.7526865281988443,0.752628474696108,5.55029256459231
2023-08-03,27.494394302368164,28.22583141326904,28.878434791564942,28.295706707686563,28.92666463927568,20465700,0.579193472728392,0.7499902154635547,0.7600046843177722,5.506983131875872
2023-08-04,27.12846565246582,28.089440536499023,28.828824081420898,28.184540892903634,28.856147031949803,24584000,0.6917297718141503,0.8989046044435812,0.7568028586823615,5.4336895404506285
2023-08-07,27.053619384765625,27.98090991973877,28.78376262664795,28.07683408260478,28.7854596732367,24314000,0.6899688898209299,0.8836879291369072,0.7439123610848926,5.418698225160102
2023-08-08,27.08688163757324,27.88027982711792,28.756523818969725,27.982552897363682,28.718848769877347,22178900,0.6349309499816783,0.8121611082381756,0.738506580401552,5.42536048013198
2023-08-09,27.20331382751465,27.79087734222412,28.728672370910644,27.908339652616153,28.659416027039594,20798500,0.6010059774066138,0.760175370486124,0.736843241143854,5.448681237773092
2023-08-10,27.46112823486328,27.723513698577882,28.70761131286621,27.865748089020638,28.612424348915034,19031600,0.555251646723926,0.6957596230126089,0.7439122696717634,5.500320112840116
2023-08-11,27.74388885498047,27.696485233306884,28.680276832580567,27.85414244768348,28.578364133466618,15271400,0.45640219483329547,0.5744584504495449,0.7347639683993178,5.556955583628065
2023-08-14,27.910219192504883,27.783808612823485,28.65479835510254,27.85948309004742,28.552162371075962,17934000,0.6083122438866044,0.6759545908073794,0.6387085253431948,5.59027067880684
2023-08-15,27.660724639892575,27.824975299835206,28.64295810699463,27.840553713842194,28.517204028676616,15528600,0.5910728158499445,0.6063163635605451,0.5829876791118973,5.540298227054646
2023-08-16,27.66904067993164,27.795867443084717,28.633245124816895,27.824219139184045,28.483942720882695,17395100,0.7233613174207234,0.6860139768579376,0.5251879861679714,5.541963886305601
2023-08-17,27.494394302368164,27.77174949645996,28.616117515563964,27.792807249963488,28.445136900548793,19128000,0.8187655166509716,0.7539257704740627,0.5310095180936422,5.506983131875872
2023-08-18,27.59419059753418,27.742641353607176,28.59183525085449,27.773891378303556,28.411766457293318,21722700,0.936760767367001,0.8587483203713506,0.5301778423528297,5.526971806951199
2023-08-21,27.44449234008789,27.70189037322998,28.56178104400635,27.74252004133064,28.37383413897154,27074400,1.176959768384834,1.062480162673144,0.5118815689643293,5.4969880302743315
2023-08-22,27.61082649230957,27.658644485473634,28.53439987182617,27.729977798566726,28.34391227047499,21722000,0.9739147589200047,0.8479318106993989,0.4786155462342391,5.530303889516984
2023-08-23,27.60250663757324,27.610824298858642,28.504564628601074,27.71783768799592,28.314837539772963,15766400,0.7266854471172992,0.6146250063932477,0.458655929056229,5.528637466202152
2023-08-24,27.760520935058597,27.603755378723143,28.480013999938965,27.72190275914475,28.293099633705733,18561400,0.8747325280525968,0.7231012407964453,0.4382805625567331,5.560286902129974
2023-08-25,27.735570907592773,27.575479316711426,28.450879249572754,27.723204487568374,28.271235762093458,14912100,0.7298041918923859,0.5816717067214695,0.4270532238699465,5.5552895423451725
2023-08-28,27.901899337768555,27.553440284729003,28.413469276428224,27.7402230447303,28.25675198074738,16050400,0.8020982968204466,0.6274634657262586,0.43037990371334034,5.58860425549201
2023-08-29,28.84998321533203,27.605834197998046,28.394694137573243,27.845914489549514,28.280015950731094,28782800,1.4330366967087176,1.1316916357722886,0.4395282114510012,5.778500489026997
2023-08-30,28.80840110778809,27.66072311401367,28.385708694458007,27.937579881762712,28.30073693728235,15021400,0.7581905465176202,0.5918574000890462,0.43620168783008334,5.770171810740289
2023-08-31,29.09116554260254,27.74056167602539,28.38205165863037,28.047445182795077,28.331734137490983,24333200,1.216322774510767,0.9533331713964005,0.43245936697928544,5.826808045592113
2023-09-01,28.991363525390625,27.83370656967163,28.37607181549072,28.137342167804174,28.3576019566243,14748700,0.7558094843746317,0.5767814634646151,0.42331114880946963,5.806818224420971
2023-09-05,28.5256404876709,27.907307624816895,28.366333351135253,28.174322960172436,28.364191702939856,17486000,0.9120411758999144,0.6846359792925611,0.42830101030663953,5.71353633995234
2023-09-06,28.42584228515625,27.974255657196046,28.344794578552246,28.198277181599465,28.366609372830695,19187100,1.0086375342418226,0.7492759354067918,0.4312116194889507,5.693547282845074
2023-09-07,28.11813163757324,28.019996547698973,28.309911766052245,28.190644272644587,28.35686514791864,26605800,1.377599879460399,1.0318531898372052,0.4428546865534749,5.631914452272324
2023-09-08,27.81873893737793,28.037877082824707,28.26462917327881,28.155224716904907,28.335762159269986,24872400,1.268663739381322,0.9585921224511599,0.4424388637888782,5.571947662982468
2023-09-11,28.22624397277832,28.0619948387146,28.224718742370605,28.161988455559516,28.331467328427177,18883900,0.9544158392222308,0.7265926946958606,0.4495078653823052,5.653568786598606
2023-09-12,28.309415817260746,28.081954669952392,28.183203773498533,28.176029156673916,28.330602563283396,15784400,0.802120504066908,0.6088865088842946,0.44659710092046206,5.670227671299778
2023-09-13,28.15971946716309,28.106904411315917,28.137224159240724,28.17447585291098,28.323901265396323,21027900,1.0538554891031837,0.804538401740211,0.46489354783059034,5.640244276654849
2023-09-14,28.309415817260746,28.138923168182373,28.09097038269043,28.18732727808715,28.323333208606694,26570100,1.3016866748595377,1.011399114098409,0.46572516251619367,5.670227671299778
2023-09-15,28.101497650146484,28.16927833557129,28.04627742767334,28.179153027807086,28.31463377494159,38205200,1.788137788622673,1.436092543642062,0.4607351389735873,5.628582751738478
2023-09-18,27.88527107238769,28.183832359313964,28.00685718536377,28.151164270148097,28.297796021900265,16233700,0.7696810060372762,0.6121628300259312,0.45616119257473053,5.5852737010539775
2023-09-19,27.777158737182617,28.2004656791687,27.97791572570801,28.11554469557996,28.277378873479964,23379300,1.11826777144754,0.8862625047119644,0.45740862205539357,5.563619366727697
2023-09-20,27.943483352661133,28.21709852218628,27.954795722961425,28.099157901016262,28.26428493148707,23742000,1.1301564996851157,0.903160376586912,0.4636459106961183,5.596933315810657
2023-09-21,27.685678482055664,28.2212571144104,27.928682022094726,28.059778908734298,28.24159448248976,17993800,0.852016281012241,0.6893760506550295,0.4732098862638292,5.545296350903325
2023-09-22,27.67735290527344,28.217098712921143,27.906061058044433,28.02335738459517,28.21946736181461,22740000,1.0662035511048615,0.87315332295891,0.47320972676987216,5.5436287814926795
2023-09-25,27.57756233215332,28.20919828414917,27.89192314147949,27.98090071293404,28.194294615553382,17616900,0.8207936822242671,0.6837702975203648,0.4694669561950377,5.523641252513166
2023-09-26,27.43617820739746,28.185912227630617,27.917371673583986,27.929022379073416,28.16456456033158,18841600,0.8721828317704965,0.77886901122708,0.4694667984148445,5.495322753055316
2023-09-27,26.945507049560547,28.09068841934204,27.919533996582032,27.835354252453143,28.1167583834386,22083500,1.038351558420705,0.958560130565756,0.44867526602031893,5.397043890833821
2023-09-28,27.070247650146484,28.00378074645996,27.895914993286134,27.762486956995364,28.075718746838913,18772100,0.8749367291560438,0.8465043910941286,0.44119023215143593,5.422028779598134
2023-09-29,26.95382308959961,27.896913623809816,27.875456390380858,27.685471350576723,28.03172283871188,19787600,0.9321418308751136,0.9029259260881691,0.4362002273688514,5.398709550084775
2023-10-02,26.41324615478516,27.76800775527954,27.840194244384765,27.56430704621562,27.968253164832397,24722600,1.1378852702388917,1.1285848887785175,0.45408074437500545,5.329165667523652
2023-10-03,26.596210479736328,27.671536254882813,27.806928215026854,27.472107373217593,27.914447569338435,21389400,0.9757063292455763,0.9848722328411934,0.4386950808252035,5.366080751462881
2023-10-04,26.230281829833984,27.5617582321167,27.762018966674805,27.353838273847728,27.84840185406375,23694100,1.0698407459324075,1.1032089677743657,0.4441010984022807,5.292250583584422
2023-10-05,26.4631462097168,27.479008960723878,27.72010368347168,27.26901045821621,27.794078103305043,22774400,1.0372865962872133,1.0654887454289212,0.43453712921869647,5.3392335576266285
2023-10-06,26.204078674316406,27.398275947570802,27.686147270202635,27.16758838355909,27.731725184521174,31291800,1.40468646297266,1.4596083959271384,0.4526947135250238,5.286963806035508
2023-10-09,26.713720321655277,27.32264976501465,27.6543998336792,27.124362853853963,27.6918034251931,20344300,0.910270300744058,0.9581663686491683,0.4583593316269381,5.389789666735196
2023-10-10,26.977033615112305,27.256030654907228,27.627086906433107,27.110331497783328,27.66377323656248,19151900,0.8505109887108643,0.906574612635194,0.4629435579616331,5.4429160471532105
2023-10-11,26.72221565246582,27.184155464172363,27.605489120483398,27.073368083943567,27.62684940973516,15694200,0.7053121316949363,0.7511465919467046,0.45387654619347284,5.391503694046511
2023-10-12,26.25504493713379,27.081436920166016,27.576377563476562,26.995432546152156,27.573053155907655,21718300,0.9867991649717034,1.0382394593236421,0.466654431632206,5.297246815417116
2023-10-13,26.051189422607425,26.978921508789064,27.547513465881348,26.905504629624083,27.513372225189997,24528400,1.1502183236150818,1.1680387374149068,0.477300005385921,5.2561167020345
2023-10-16,26.543840408325195,26.911849975585938,27.535820960998535,26.87106041807181,27.475351369626672,21087900,0.977753544014071,1.0075574814077817,0.48831686938182256,5.355514508111554
2023-10-17,26.764686584472656,26.86122636795044,27.530042304992676,26.860929576776652,27.44748216236573,21186000,0.9873222344631662,1.0152793163460065,0.48704414149535713,5.400072676116803
2023-10-18,26.37396240234375,26.78275032043457,27.515783920288087,26.814551750640184,27.405383348247224,22024300,1.0305137689671444,1.0556088955214495,0.4850107308828779,5.321239734316675
2023-10-19,26.824142456054688,26.73967351913452,27.508200492858887,26.815465151155852,27.382589587769086,28806600,1.314601811407445,1.3701616905519602,0.4995493385794937,5.412068558323439
2023-10-20,26.81564712524414,26.696588230133056,27.495290870666505,26.8154824820214,27.36035655002301,27271200,1.231797403311885,1.287043585674962,0.5004889245392569,5.410354531012122
2023-10-23,26.662755966186523,26.650847911834717,27.473668212890626,26.80093709956094,27.33299966438236,31725800,1.3887536769855722,1.4743764253688776,0.5004284530741956,5.37950704218235
2023-10-24,29.1345157623291,26.7357647895813,27.49815414428711,27.02318268649124,27.403647354497917,61617900,2.4663324342774255,2.7518074480148798,0.6158420685005803,5.878212024022756
2023-10-25,28.616382598876957,26.81930856704712,27.517267303466795,27.174916011480352,27.451205599375527,30832800,1.2128831662541482,1.3584002309290966,0.629629333218688,5.7736729056692795
2023-10-26,29.27891540527344,26.929741954803468,27.549464797973634,27.37529690612731,27.522880493724465,34367000,1.3116762544690863,1.4917971773966356,0.6654996837977055,5.907346255198738
2023-10-27,28.404033660888672,27.00225248336792,27.567657585144044,27.473271835152204,27.55743551988777,23924800,0.9059786952169416,1.0342169820496472,0.7027859467059404,5.730829149804109
2023-10-30,29.406330108642575,27.15190668106079,27.603900375366212,27.65737262310367,27.629941190035016,31497700,1.1776408374348137,1.35016663987569,0.7297742401520656,5.933053586238376
2023-10-31,29.83952140808105,27.31407222747803,27.651800956726074,27.86519631691104,27.716591394664274,28903400,1.065675496107608,1.2370208338593978,0.7381983998390202,6.020454740451269
2023-11-01,30.06886482238769,27.50600137710571,27.700961723327637,28.075069507908815,27.808837411437743,26071200,0.9570575524131919,1.1116685543268778,0.7323427421493125,6.066727320596598
2023-11-02,30.493566513061523,27.70752239227295,27.7587829208374,28.305402556018596,27.91412090561907,24946000,0.9121165502571795,1.055428127019967,0.736644192873103,6.152415601984465
2023-11-03,30.59549331665039,27.92709312438965,27.815482368469237,28.523506437983528,28.019272764875197,23323200,0.8653880939010198,0.9828098453921855,0.7134977986664192,6.172980466261392
2023-11-06,30.2727165222168,28.105042934417725,27.866225280761718,28.690097874577173,28.10764310830036,15544000,0.5819297049581953,0.65465566139848,0.6986332322338906,6.10785666432169
2023-11-07,30.52754020690918,28.28256826400757,27.91873809814453,28.865092382418315,28.202541033735997,17654600,0.6628031370013776,0.7425429418674333,0.6977839853124506,6.159270171914678
2023-11-08,30.38313865661621,28.46561441421509,27.949401206970215,29.00966821805621,28.28805466600581,16971500,0.6356336092745616,0.7209754032751056,0.6901394243517721,6.130135555909932
2023-11-09,30.255727767944336,28.665648555755617,27.97834774017334,29.12834055614079,28.365218317062222,15685800,0.5941927393236852,0.6659809486091027,0.6807960304223167,6.10442899452782
2023-11-10,30.332172393798828,28.879697704315184,28.003167877197267,29.242991207346318,28.44235377105189,12791200,0.49555927179379694,0.5484586584579099,0.6710277483557985,6.119852546528325
2023-11-13,30.425609588623047,29.073786163330077,28.031852798461912,29.35562152937267,28.52012850899586,17236700,0.6728070108670938,0.7374984415009409,0.6740007246109325,6.1387045379802245
2023-11-14,30.47657966613769,29.25938081741333,28.07087158203125,29.462379447159815,28.596852083785734,17667100,0.6943757728016274,0.7557966326064574,0.667630057439253,6.148988317019358
2023-11-15,30.578502655029297,29.469607830047607,28.11392478942871,29.568676895528334,28.674563870893326,22855500,0.8968322169772451,0.974696569160192,0.6570126199608632,6.16955241163876
2023-11-16,30.73139190673828,29.664970302581786,28.16618999481201,29.679411658500708,28.75522379386764,19110800,0.7644347519651071,0.8202434651951488,0.6370518816742626,6.200399515639768
2023-11-17,30.77386283874512,29.862881088256835,28.225292472839357,29.783645104238268,28.83438610935303,19355200,0.7866653172986139,0.8346862974690313,0.6247355011784326,6.208968497710061
2023-11-20,31.19856834411621,30.08967170715332,28.284738960266115,29.918399698512356,28.927099138167275,18656400,0.7789520447052772,0.8047086871219437,0.6362023793094235,6.2946575487554535
2023-11-21,31.6402587890625,30.21495885848999,28.35135581970215,30.08238627856475,29.03349755584944,22946400,1.0422097586576593,0.9836722512292688,0.5363977573509212,6.383773499937189
2023-11-22,31.72519874572754,30.37039966583252,28.422665405273438,30.23884460877073,29.139054465256425,14613100,0.6890995412636376,0.6299025310847638,0.506243831869787,6.40091107924901
2023-11-24,31.776161193847656,30.49526195526123,28.492000312805175,30.385255712111388,29.242470415397257,6766700,0.3413032288555495,0.29674710929539805,0.4726923835435473,6.411193318973091
2023-11-27,31.72519874572754,30.661320209503174,28.564474334716795,30.51286933436054,29.339832310704328,15245300,0.7861607490476787,0.6823080489730448,0.43022223566122497,6.40091107924901
2023-11-28,31.82712173461914,30.782359790802,28.643311347961426,30.638036229623264,29.437373072426478,14521700,0.7831242460210674,0.6509205951909233,0.3856284123276364,6.42147517386841
2023-11-29,32.07345199584961,30.89405632019043,28.729237213134766,30.774742493073393,29.540748716482288,16387400,0.914603552171649,0.7391819858886309,0.3784089976460502,6.471175038978846
2023-11-30,32.55760955810547,31.018493556976317,28.82151973724365,30.94453935640978,29.659056984781234,36623500,1.9855403371246734,1.6329895138383304,0.3890260672495819,6.568859202573347
2023-12-01,32.76996612548828,31.132313537597657,28.923205490112306,31.118389524893445,29.781053421671707,20762500,1.1385490073717106,0.9234900553965045,0.3767098476596956,6.61170449775357
2023-12-04,32.31128692626953,31.218103218078614,29.015884170532228,31.231998801214974,29.88027826498927,22109200,1.2164467794905485,0.983941721484128,0.38010777344104624,6.519160876777965
2023-12-05,32.634056091308594,31.336170196533203,29.117014045715333,31.36552806693818,29.988269552295908,23003300,1.240190757106015,1.0188478413135618,0.3843546439685269,6.584283139402615
2023-12-06,32.70201110839844,31.444893741607665,29.222330703735352,31.49281216612487,30.09469078979013,20218500,1.0825700255777482,0.8944143000826001,0.3987943257940859,6.597993818578092
2023-12-07,32.829429626464844,31.567208290100098,29.34000915527344,31.62010906710963,30.20193545005188,15223200,0.8189370312241531,0.6775475797008113,0.40091780595670806,6.623701919275258
2023-12-08,32.48966217041016,31.67890501022339,29.44839744567871,31.70292364837635,30.291650223399262,21850400,1.156276814481295,0.9698505827163983,0.40431549858478527,6.555150062712924
2023-12-11,31.99700355529785,31.76214656829834,29.549261054992677,31.73093125855935,30.358526824650188,21914500,1.1323350920279,0.9708626463160825,0.42087899184267635,6.455750717320815
2023-12-12,31.682727813720703,31.825002479553223,29.654650688171387,31.726340454289005,30.410456275201973,17096700,0.883716170010188,0.7625756946710559,0.40941191427615153,6.392342097178718
2023-12-13,31.419416427612305,31.872144317626955,29.751114807128907,31.697109594605507,30.45002334000238,32473200,1.6166538264794945,1.4342429727694705,0.4327705518231927,6.339216101589466
2023-12-14,32.16688919067383,31.95156364440918,29.869846954345704,31.741850508516773,30.517351412577735,28551600,1.4015476538768907,1.2556499984035887,0.46334897424146265,6.490027030430746
2023-12-15,31.7421875,32.00210342407227,29.975427780151367,31.741882602943747,30.565384200319787,51721600,2.3507659751241023,2.2181503068560766,0.47524057893787824,6.404338749042879
2023-12-18,31.99700355529785,32.0632604598999,30.091286277770998,31.76617983650128,30.621526135809123,22057200,0.9963897742795811,0.9535051468580006,0.48500869293609944,6.455750717320815
2023-12-19,31.91206932067871,32.098935508728026,30.195253257751464,31.780074073089605,30.672135672470674,17642500,0.7987938292412647,0.7644488744998748,0.46717131047830646,6.438614292495284
2023-12-20,31.682727813720703,32.10105895996094,30.289367141723634,31.770803000768755,30.711766736833418,18134600,0.8301170451941984,0.7864648900624901,0.45570432445187115,6.392342097178718
2023-12-21,31.793148040771484,32.104456424713135,30.390785789489748,31.772931099816635,30.754173846791776,15421000,0.7045982793747484,0.6689394674199021,0.4574031671849387,6.414620603938198
2023-12-22,31.844114303588867,32.1078540802002,30.502567176818847,31.779710452556845,30.796916609803425,13171600,0.5931423154733023,0.5756321548132167,0.46207474653243513,6.424903613319806
2023-12-26,31.835617065429688,32.1133749961853,30.618255729675294,31.785034891878066,30.837649961004455,11856600,0.5380305158950567,0.5239666831326001,0.46547227188357176,6.423189201179727
2023-12-27,31.691221237182617,32.10657997131348,30.72120334625244,31.776100258097546,30.871123344383992,15267600,0.6916448445672316,0.6781943176239372,0.4641981660583717,6.394055739661271
2023-12-28,31.844114303588867,32.09511308670044,30.822791900634765,31.782577786239575,30.909279852588103,14931700,0.6786658212716832,0.6669794666076087,0.4705684570860404,6.424903613319806
2023-12-29,32.02248764038086,32.06835699081421,30.935762405395508,31.805426343776837,30.952935059952523,16222700,0.7731902994589045,0.728422154464992,0.46037580396381445,6.4608924144260005
2024-01-02,33.024784088134766,32.08109788894653,31.05977523803711,31.921555652763306,31.034184041449866,23810900,1.1266669284889275,1.0739611476201,0.5007224712062985,11.985488628507666
2024-01-03,33.26261520385742,32.128664302825925,31.188714599609376,32.04927561001036,31.121573498799183,26263900,1.2306396900148138,1.1856780525118693,0.513038612786675,12.071803261947565
2024-01-04,33.44098663330078,32.16901082992554,31.32427921295166,32.1818195169904,31.212530876622772,24214600,1.1314054656921264,1.100627115554802,0.5206832094283442,12.136538544804786
2024-01-05,34.145992279052734,32.24120988845825,31.424508743286133,32.368883589567766,31.327568578678846,30276700,1.3821733163997125,1.4165263008080975,0.5321501619959953,12.392402054090518
2024-01-08,34.06105422973633,32.302791118621826,31.53340217590332,32.53004269815525,31.43476409440659,28483000,1.2620895040927183,1.3355427485744535,0.5470146437243368,12.3615759926243
2024-01-09,33.71988296508789,32.36430215835571,31.622221527099608,32.6433608188155,31.524376599139188,17880100,0.7993029830866557,0.85154800846514,0.5472784518561795,12.237756733067458
2024-01-10,33.75444030761719,32.45217399597168,31.72922966003418,32.74917791298709,31.611830077903033,16354700,0.7403122223919698,0.7845572507036199,0.5276325566551948,12.250298424023285
2024-01-11,32.735233306884766,32.50479927062988,31.795807723999022,32.74784985526306,31.65588510649055,31289800,1.372282608695652,1.501313813921879,0.5720413113797662,11.880403684218985
2024-01-12,33.3052978515625,32.59909334182739,31.865123252868653,32.80094014062492,31.72056795923847,18774800,0.8489100376372966,0.9096740933686838,0.5739387705319772,12.087293821623552
2024-01-16,33.935821533203125,32.687539958953856,31.942462387084962,32.90902408277522,31.807440648413554,31039400,1.3956094106538672,1.496711125889919,0.5750797235217021,12.316126034307832
2024-01-17,33.573055267333984,32.77908334732056,32.00405216217041,32.97226514797129,31.876680437390824,21377100,1.0315378295922146,1.034357821972063,0.5768982306844526,12.18446942929333
2024-01-18,33.633506774902344,32.86090850830078,32.06481243133545,33.03524054101234,31.94557558788147,17112800,0.8357367210539206,0.8330307945093025,0.5781415516030567,12.206408735682226
2024-01-19,33.970367431640625,32.96382341384888,32.13876544952392,33.1243002448817,32.024979189597516,20561700,0.9970631257041843,0.9960533197126875,0.5994819699166516,12.328663571927434
2024-01-22,34.18629837036133,33.089001941680905,32.21194061279297,33.22544292349881,32.10973680452943,26039200,1.2389297582799472,1.2512310877626225,0.598076759742631,12.407030104276993
2024-01-23,36.47516632080078,33.32310285568237,32.33378116607666,33.53494038990852,32.28093011889301,49713700,2.186935408164567,2.3159590170517554,0.6989440489293066,13.237715347182304
2024-01-24,35.654632568359375,33.513628768920896,32.44175926208496,33.73681583547526,32.41323217573483,27910400,1.189241840430831,1.2855892621901226,0.7324698562158423,12.939923908699393
2024-01-25,36.52699661254883,33.74819774627686,32.56565574645996,34.0025473380537,32.57455627129616,24613200,1.0210022856526555,1.1215019702332567,0.7625047870347086,13.256525806947934
2024-01-26,36.62200546264648,33.994736957550046,32.68958366394043,34.25201954039587,32.73327976899618,20367200,0.8360274330224104,0.9253927326010655,0.7674560594488067,13.291006804292655
2024-01-29,36.31969833374024,34.218516159057614,32.80644603729248,34.44894133023819,32.87392363428026,23905700,0.9635284624543239,1.0800432022702426,0.7752060878431779,13.18129227455787
2024-01-30,36.68246841430664,34.451515197753906,32.928525352478026,34.661658195387574,33.0232783315362,20044600,0.8017302840709672,0.9079073262902415,0.7906363579784955,13.312950264017779
2024-01-31,36.57881546020508,34.62921676635742,33.04547382354736,34.84424460156067,33.16271116011145,23392300,0.9364132254662542,1.0554456498031848,0.7863777551394907,13.275332113377337
2024-02-01,36.69974136352539,34.80107307434082,33.16399139404297,35.02095857889064,33.301418226912,19586500,0.7946849245594015,0.883545966584356,0.7830926059940719,13.31921903282758
2024-02-02,36.38880157470703,34.94846382141113,33.26779605865479,35.15122934039697,33.422492083688276,21548600,0.8790476297316895,0.9695263688712055,0.7822912423213708,13.2063715031333
2024-02-05,35.74100112915039,35.02821426391601,33.34981090545654,35.207398082183005,33.51341400703973,20466200,0.8519401158470719,0.9228861442170245,0.7757159625455049,12.971269137193808
2024-02-06,35.4991569519043,35.10011940002441,33.42529006958008,35.23518464120408,33.59128627938736,17517600,0.7462306356012708,0.7878606069246784,0.7693647767403242,12.88349806718414
2024-02-07,34.91182327270508,35.15971641540527,33.48800331115723,35.20438832039465,33.6430720438312,21815600,0.9215955605789311,0.9680605171391033,0.7743311666383808,12.67034054541518
2024-02-08,34.4713249206543,35.19556064605713,33.54292583465576,35.134572758514615,33.67555254880465,19523500,0.8192825890227841,0.8630723084265494,0.7976517822732319,12.510473096311163
2024-02-09,34.30721664428711,35.274159812927245,33.59252773284912,35.055776938112,33.700323689803966,18479400,0.7968873810209157,0.8140674004494961,0.767852803998036,12.450914254836418
2024-02-12,34.63542938232422,35.34066638946533,33.643767280578615,35.015743837560784,33.73699450127535,15060500,0.6546973190469731,0.6642321704569571,0.7579197073683084,12.570030553340501
2024-02-13,34.66135025024414,35.376942825317386,33.68584209442139,34.98199206734015,33.773243746332945,14483600,0.6531213741721331,0.6515119822768013,0.7484186595508951,12.579437859891428
2024-02-14,34.678619384765625,35.432221031188966,33.724015159606935,34.95309943090449,33.80874867333031,12443200,0.5726468094310556,0.5639500871178521,0.7402131447456555,12.58570524425582
2024-02-15,35.05865859985352,35.503478622436525,33.77896259307861,34.96315268509011,33.857764748880236,12081400,0.5625088900327107,0.5525752878912951,0.7367581981011252,12.723630618080126
2024-02-16,34.9722900390625,35.55357475280762,33.82572727203369,34.96402290927796,33.90147162300503,12645500,0.599827482301757,0.5839083529624062,0.7449633763410738,12.69228538958571
2024-02-20,34.980926513671875,35.593306159973146,33.87130558013916,34.965632776363094,33.943803187344905,12069500,0.5921236927481712,0.5615373678355192,0.754896212906808,12.69541977399061
2024-02-21,35.4991569519043,35.54450569152832,33.92470012664795,35.01644460260511,34.004797452621744,16268200,0.8694395075445718,0.7561479726391954,0.6719788121426561,12.88349806718414
2024-02-22,35.17958068847656,35.52075309753418,33.97849849700928,35.03198137268811,34.05086738343958,22068900,1.1981556062035739,1.0255569256146515,0.6650687564437071,12.767516153084959
2024-02-23,35.11912155151367,35.45035934448242,34.040940856933595,35.04028043733816,34.092759703756215,15228600,0.848398007112045,0.7121085100628359,0.6508174349921791,12.745574077805246
2024-02-26,34.281307220458984,35.33332443237305,34.09291244506836,34.96799727382586,34.10015372401907,25108400,1.3805768880770708,1.1653685895189603,0.6870937193598788,12.441511101621716
2024-02-27,34.48860168457031,35.24176959991455,34.15429615020752,34.92234055103962,34.11538697737402,17074100,0.9567836030867494,0.8039608849940548,0.678888170046428,12.516743249566373
2024-02-28,34.63542938232422,35.13941764831543,34.20366695404053,34.89501567782863,34.13578079717599,12437000,0.7121127883134946,0.5946397602813344,0.6598862428011479,12.570030553340501
2024-02-29,34.56633758544922,35.03879375457764,34.26014995574951,34.86371300236392,34.15266537710827,20486500,1.1828479113884585,1.009660588644469,0.6257691732048702,12.544955478101295
2024-03-01,34.721805572509766,34.939896965026854,34.31464599609375,34.85019800904448,34.17498460045735,12130900,0.715819921802623,0.603768990933486,0.6158363371543384,12.601378550725732
2024-03-04,34.81681823730469,34.86129779815674,34.37274097442627,34.8470189831645,34.20015454700038,18753900,1.1158303398112408,0.932371902335188,0.6227464219510292,12.635860932515865
2024-03-05,34.85136413574219,34.81681594848633,34.4361137008667,34.84743280721952,34.22569217793143,20640100,1.2274215589843374,1.0235964621424385,0.6287924851813568,12.648398470135467
2024-03-06,34.48860168457031,34.76628818511963,34.49002277374267,34.813258414586265,34.23600235466237,16331100,0.9746131276260339,0.8091714721509173,0.6279287412860622,12.516743249566373
2024-03-07,34.14311218261719,34.72785263061523,34.536002731323244,34.74943496392254,34.23235960281746,17100600,1.0350985987617387,0.8440124305342914,0.6331110597653797,12.39135679780708
2024-03-08,34.12583541870117,34.71057815551758,34.58180709838867,34.690044531044315,34.22818218383251,17807900,1.083537445927022,0.8737885610189782,0.6119498899438017,12.38508664455187
2024-03-11,34.66135025024414,34.72828483581543,34.6412096786499,34.68731174239668,34.245169166829044,12344600,0.7654035084455977,0.6074607553858099,0.6071994709401114,12.579437859891428
2024-03-12,34.66135025024414,34.729580879211426,34.697554397583005,34.684839219334535,34.26148999362963,12452700,0.7783990771251235,0.6142789026592361,0.595107191661004,12.579437859891428
2024-03-13,34.77362823486328,34.735194778442384,34.752577209472655,34.693295316051554,34.281573846227026,13751800,0.8615743947292333,0.6800198826622276,0.5804238302603117,12.620186241600544
2024-03-14,34.35040664672852,34.71878414154053,34.77908966064454,34.6606392523065,34.28427317173689,17475400,1.0778730828099061,0.8695987954578275,0.5912202859560096,12.46658894575174
2024-03-15,34.10856628417969,34.67127952575684,34.79600868225098,34.60806087438966,34.27738270555818,54893900,2.9909259715323744,2.655916476708024,0.6050400298145316,12.378819260187479
2024-03-18,34.48860168457031,34.647095108032225,34.816960983276374,34.596683808692575,34.28566580277434,16200800,0.874242394399297,0.7899647059248036,0.5951073585805162,12.516743249566373
2024-03-19,34.52315139770508,34.624206352233884,34.824504165649415,34.589680721931856,34.29497896335986,15226900,0.8147469797258993,0.7535360307596348,0.5778327607466942,12.529282171631385
2024-03-20,34.6527099609375,34.58188400268555,34.83633728027344,34.59568350659906,34.309007629931536,15198800,0.8155768152913409,0.7621663641663664,0.5657406454367386,12.57630209104112
2024-03-21,35.015480041503906,34.573678970336914,34.86224922180176,34.63566412897095,34.336712430385354,21868300,1.1740981438733702,1.092249460600593,0.5493300461616364,12.70796008050103
2024-03-22,34.86863708496094,34.561154747009276,34.884533157348635,34.65785202954143,34.35757222076087,17816400,0.9499544254986869,0.8885729766566307,0.5540805656192763,12.654667238945269
2024-03-25,35.300498962402344,34.612114334106444,34.93583847045899,34.71905649933771,34.39454974004093,14587200,0.8002218449833493,0.7398464354061598,0.5229865252186066,12.811400303644383
2024-03-26,35.28322982788086,34.65184574127197,34.97539710998536,34.7727872925323,34.429399939564064,17854100,0.9773458372028162,0.9063864502736557,0.511758152923182,12.805132919279991
2024-03-27,35.879207611083984,34.71403465270996,35.014264831542974,34.87816065620389,34.48625514236876,19260100,1.0349828847176918,0.9895992934934852,0.5368065231393608,13.021427594344669
2024-03-28,36.241966247558594,34.79781608581543,35.06764305114746,35.00804690299958,34.55510655825856,19771400,1.0645039975297934,1.0175492951512604,0.5467391119590683,13.153081430468355
2024-04-01,36.51835250854492,34.88764343261719,35.12533996582032,35.151885532099136,34.632096595524686,15031600,0.8030395792798308,0.775272881963832,0.5592631832604585,13.62615452671363
2024-04-02,36.742923736572266,34.983948707580566,35.18079109191895,35.303412980144195,34.71487413046773,17260800,0.9258235679833295,0.8932881665815167,0.541988584328665,13.709949168178861
2024-04-03,37.00204849243164,35.091482925415036,35.23710609436036,35.465187790838236,34.80456724270161,18211800,0.9832358922834139,0.9502030134267477,0.5130538263388609,13.806636825821977
2024-04-04,36.66519546508789,35.20031261444092,35.2409066772461,35.57947423600487,34.87753305534421,16461400,0.8884211492094075,0.8897489424184649,0.5294646798911249,13.680946287008561
2024-04-05,36.380165100097656,35.31216526031494,35.25541732788086,35.65573050877561,34.936459802197284,14338700,0.7796699750363363,0.7865553759954886,0.526873555945474,13.574592425693112
2024-04-08,36.04330825805664,35.40803890228271,35.24574356079102,35.692642675373804,34.97986562399569,14457800,0.79337219399969,0.8020244713488355,0.5247142718280251,13.448900463495265
2024-04-09,35.8458251953125,35.46726264953613,35.23021995544434,35.70723148679654,35.01382482287086,17224100,0.9326860596083868,0.9588243447784067,0.5217067727369002,13.375213274876044
2024-04-10,35.56495666503906,35.51244297027588,35.21512512207032,35.69368150377202,35.03543783628922,17900400,0.9552185920872848,1.0031796160250495,0.544779300335405,13.270412325975043
2024-04-11,35.24898147583008,35.53621063232422,35.18645538330079,35.6513291201585,35.043812096663366,14782200,0.7866594327475686,0.8333438566329711,0.5446481201754491,13.15251197015363
2024-04-12,34.862789154052734,35.56182975769043,35.15213485717774,35.57623007576748,35.03671315773746,21555000,1.1347672305756988,1.2176817215550848,0.5346890832409038,13.008411377106968
2024-04-15,35.20509338378906,35.616656112670896,35.12224189758301,35.54088372415049,35.04331630385713,16442800,0.9631144300229667,0.9321951452922297,0.5282195226440599,13.136135932272579
2024-04-16,34.90666961669922,35.637559509277345,35.09259925842286,35.4804823805837,35.0379576102431,14016800,0.8263000248182403,0.801502273538211,0.5230038839368035,13.024784568219156
2024-04-17,34.91544723510742,35.657174301147464,35.076088180541994,35.42666950958596,35.033153281806406,21009200,1.2177520345666948,1.2005929474907737,0.5354598320887523,13.028059775795366
2024-04-18,35.22264862060547,35.68567123413086,35.07055801391602,35.40723894873068,35.040584471563236,20173700,1.1527044732386769,1.1493582948451533,0.5353495775977084,13.142686347425
2024-04-19,35.53862380981445,35.71182842254639,35.08309402465821,35.41975179264342,35.06011542600446,24706500,1.4003491449915264,1.4029844474377,0.5392869455682096,13.260586703246412
2024-04-22,33.87974548339844,35.66238384246826,35.07126243591309,35.27308452509628,35.01382640864736,51243200,2.6531030669281637,2.808715507274196,0.6399055693421005,12.641606632569028
2024-04-23,34.84523391723633,35.63962059020996,35.082022781372075,35.23233684815724,35.00721493839595,25972800,1.3062344470752958,1.412008618793445,0.6788818302764472,13.001860961954547
2024-04-24,34.660911560058594,35.608504676818846,35.08253242492676,35.177915392147845,34.99363441375527,15946600,0.8058581958218335,0.8661008310692233,0.6997111310062067,12.933084449622996
2024-04-25,34.423927307128906,35.53574066162109,35.07778396606446,35.10610700309842,34.97129295859345,16837700,0.8561299319044756,0.9121662215547017,0.6972893241059583,12.844658115218612
2024-04-26,34.827674865722656,35.4650260925293,35.0807650756836,35.079589656681684,34.96566087652009,18246200,0.9313578989090124,0.9822942407911328,0.7174645966499561,12.995309123417696
2024-04-29,35.187538146972656,35.398485374450686,35.083342666625974,35.089870465280825,34.9743619459496,19438600,0.9811867612018688,1.038263070157775,0.7325133070105505,13.129585517120159
2024-04-30,34.660911560058594,35.294384765625,35.0771150970459,35.04901723621204,34.96206977395388,20222200,1.013167489880074,1.071444996345191,0.7429007132870303,12.933084449622996
2024-05-01,34.4063720703125,35.164600944519044,35.06562400817871,34.98781293469779,34.94027770714441,17754000,0.890527647914039,0.9350384732992638,0.7501810078858874,12.838107700066193
2024-05-02,34.16939163208008,35.039810752868654,35.03902870178223,34.909868048734204,34.910046880671295,17394900,0.8704775068219907,0.9150400305355268,0.739894950690514,12.749682789046242
2024-05-03,34.13428497314453,34.92751674652099,35.01812278747558,34.83600299391614,34.879624845082006,13195600,0.6622297534153216,0.7006815125451599,0.7233670672083342,12.736583382125831
2024-05-06,34.52047348022461,34.85137500762939,35.00614982604981,34.80595256404076,34.865540477832695,13348800,0.6717876416699777,0.7102342408796928,0.7245519693501834,12.880682551788063
2024-05-07,34.50292205810547,34.784229850769044,35.01058212280273,34.777092515856445,34.851320147647314,11935200,0.6087486968354779,0.6440506420918112,0.717969216037871,12.874133560020073
2024-05-08,34.652130126953125,34.73858852386475,35.01385269165039,34.765191335960886,34.843508774286754,10438000,0.5427130452867467,0.5673214578824419,0.6999760693764617,12.929807818662354
2024-05-09,34.92422866821289,34.722350883483884,35.01962867736816,34.78033774855631,34.84667426032307,12881000,0.6730609459534307,0.6997645540270823,0.7008539169956307,13.031336406756008
2024-05-10,35.45963287353516,34.75219306945801,35.037494583129885,34.84503252236382,34.870711852998056,16888500,0.8933532896596942,0.9210740164248247,0.706559101270259,13.231112681829385
2024-05-13,35.582515716552734,34.77106418609619,35.05470878601074,34.91526901704848,34.8986257300002,21365700,1.115658073099971,1.1536333318862768,0.7034874651422183,13.276964164511893
2024-05-14,35.53862380981445,34.80266189575195,35.06914489746094,34.97463614016905,34.92372369391448,17664400,0.9136849989189547,0.9549064505864941,0.6903217946526397,13.260586703246412
2024-05-15,35.53862380981445,34.8338207244873,35.082890090942385,35.02834925156385,34.94783742394978,14926000,0.7843825575516922,0.8118891113736059,0.6881275425156286,13.260586703246412
2024-05-16,35.32796859741211,34.83908672332764,35.09967742919922,35.05688442735892,34.96274452879143,12913200,0.6918049464921564,0.7050257792043929,0.6833003810558875,13.181984568186229
2024-05-17,35.16120529174805,34.82021579742432,35.120039291381836,35.06681974777693,34.97052730380934,14670400,0.8076568405347897,0.8030952758154698,0.6784729286252226,13.119759894391528
2024-05-20,35.2138671875,34.886921882629395,35.14179992675781,35.0808242658458,34.98007004434623,8665000,0.5403723299432999,0.47914054848404686,0.5564709512123265,13.139409716464359
2024-05-21,34.77500915527344,34.88341064453125,35.1440731048584,35.05169901721986,34.97202844085317,18327000,1.1708336128333636,1.006750562730003,0.5323336792589337,12.975657877960435
2024-05-22,34.92422866821289,34.896576499938966,35.149330673217776,35.039558983981095,34.97015393996532,12374100,0.7996536197863234,0.6798007311067576,0.5235566693403335,13.031336406756008
2024-05-23,34.608245849609375,34.90579242706299,35.1460230255127,34.99848154261236,34.95596146583372,14105000,0.9196300094733952,0.7745912541535774,0.5160960164966625,12.913433204165734
2024-05-24,34.880340576171875,34.90842571258545,35.15662170410156,34.98723002199898,34.95299594074894,10420000,0.6971587769078533,0.5766943745622215,0.4831820405702068,13.014960368874958
2024-05-28,34.54680633544922,34.87638912200928,35.16538650512695,34.94528490899424,34.93706693661954,15071300,1.0233083005415191,0.872583464933276,0.46036159134619614,12.890508174516693
2024-05-29,34.318599700927734,34.859273529052736,35.1619864654541,34.8856006034641,34.91281331953358,17652000,1.20908208874205,1.0202838345008527,0.4524621668093566,12.80535704768852
2024-05-30,35.398193359375,34.90886459350586,35.1794873046875,34.9344189611699,34.93184783089991,19633200,1.3361858486068467,1.129046004087366,0.4844990109782298,13.208187652180342
2024-05-31,36.11791610717773,35.00629081726074,35.208791427612304,35.04713297507541,34.97836031232257,38917400,2.4678764634971486,2.178590769614533,0.5042475997846847,13.476739016200835
2024-06-03,35.96870422363281,35.09801177978515,35.227855911254885,35.13490166541421,35.01719732845238,20688100,1.2814559270921504,1.1596493310916245,0.5112691333576844,13.421063334174125
2024-06-04,36.477783203125,35.19587726593018,35.26003883361816,35.26279514519619,35.07447520589053,16040200,0.9853438079070398,0.900910211263057,0.5279461245558779,13.611016833287731
2024-06-05,36.29345703125,35.2854040145874,35.27989799499512,35.360953420058465,35.12227841472815,11964000,0.7348792783883515,0.6739532178224236,0.5323346267882805,13.542238897571748
2024-06-06,36.2759017944336,35.36659259796143,35.29975143432617,35.448091360475146,35.167518547265615,10259100,0.6305035621045179,0.5829009582573346,0.5371620777667647,13.53568848241933
2024-06-07,35.933597564697266,35.41706104278565,35.300839233398435,35.494330046591536,35.1975608616747,10410200,0.644684643176073,0.5974949543926686,0.5402337161647826,13.407963927253716
2024-06-10,35.46841049194336,35.41749992370605,35.28536811828613,35.49186151757742,35.20818241580288,15210700,0.9468900668270682,0.8776148806169816,0.5358450430881405,13.234387889405593
2024-06-11,35.47718048095703,35.41223316192627,35.26454467773438,35.490463323613575,35.21873135953442,12083300,0.7745839190806507,0.6995526401594729,0.5275066521557481,13.23766025021294
2024-06-12,34.90666961669922,35.38063545227051,35.22781959533691,35.43486392295507,35.20649364412912,15065300,0.9738538537244401,0.8744159406711457,0.569197913662008,13.024784568219156
2024-06-13,34.91544723510742,35.34947662353515,35.18608757019043,35.38539566696958,35.1950800594616,12297400,0.8017423000982179,0.7186965721678917,0.5705144320771055,13.028059775795366
2024-06-14,34.81889724731445,35.32402305603027,35.14916160583496,35.331443436526236,35.18032779231858,10480600,0.6887557531306856,0.6168294638328506,0.5722696089735486,12.992033915841485
2024-06-17,34.634578704833984,35.29769172668457,35.11424987792969,35.26507536684126,35.158925867319184,22286600,1.4288548984534406,1.299507173161112,0.5784135544172567,12.923258826894365
2024-06-18,35.17876434326172,35.295936584472656,35.09695899963379,35.256855269357494,35.15970384676791,17125700,1.0689826073495559,0.9954835666767693,0.5968455002149848,13.12631173292838
2024-06-20,35.31919860839844,35.32314605712891,35.08642646789551,35.262792730218536,35.165958543302445,17704700,1.1072742049520794,1.0285650214576068,0.5889460055206683,13.178712207378881
2024-06-21,35.31919860839844,35.342894554138184,35.08151130676269,35.26816471861662,35.171967957619934,30375300,1.7984718912721243,1.7394580434837883,0.5854347470627502,13.178712207378881
2024-06-24,36.13546752929688,35.41925563812256,35.09924102783203,35.350764986300454,35.20975225454844,20773800,1.2061700249289538,1.1815150884353278,0.5981615535754894,13.483288007968829
2024-06-25,36.05648040771485,35.47806262969971,35.123114852905275,35.417975978816116,35.24295728016281,17475700,0.9943086290014697,0.9985684045384559,0.6196653317696967,13.45381540993623
2024-06-26,36.00381088256836,35.550912857055664,35.13908920288086,35.47376977917347,35.27279467633558,19709900,1.1068214465011124,1.1220421430009264,0.6126434626539453,13.434162741094536
2024-06-27,35.82826614379883,35.62639617919922,35.157521133422854,35.507531337709224,35.29457787113806,15560800,0.8789872960103032,0.884288300444349,0.6130822446147224,13.368661436339194
2024-06-28,36.19691467285156,35.66633224487305,35.18315048217774,35.57318689343707,35.329963628068,27639200,1.5267408332136505,1.5589318097623992,0.5968444452828102,13.506215884386728
2024-07-01,36.6357650756836,35.69222469329834,35.211412811279295,35.67438481555578,35.381171527974494,16412100,0.9666609436195436,0.9296352217901724,0.5775343183055955,13.743295803809142
2024-07-02,36.07402801513672,35.69749088287354,35.22212089538574,35.71244607265873,35.40834237060831,21659400,1.2720844320978228,1.2311092533439525,0.5955274842389254,13.532569521142204
2024-07-03,36.091583251953125,35.678180885314944,35.26635765075684,35.74855437544867,35.43513613066105,6653900,0.4018690149440869,0.3983985741260007,0.5779731409545515,13.539155075230548
2024-07-05,36.223236083984375,35.67466983795166,35.293917694091796,35.793762157213976,35.46604201118353,17552200,1.0424905690186286,1.0616333047121418,0.5709514357389353,13.5885424378331
2024-07-08,36.451438903808594,35.68344669342041,35.329728240966794,35.856398037842034,35.504685026580596,15380400,0.8998143084305377,0.9309110101271768,0.5678792825751564,13.674148916901535
2024-07-09,36.24957656860352,35.699245643615725,35.36624122619629,35.89384361220027,35.5338964596011,20475200,1.1636208230114498,1.2338449245328158,0.5700738806338563,13.59842363100564
2024-07-10,36.64654922485352,35.75815258026123,35.40261871337891,35.96552986102439,35.577529901375705,13826800,0.7888895450226123,0.8376709853157369,0.5653825520180551,13.74734129737884
2024-07-11,36.8427963256836,35.82643337249756,35.435723876953126,36.04907904813479,35.627148192525034,12487800,0.7116715316570108,0.7629759618398377,0.5763532862455797,13.820960121819274
2024-07-12,36.958778381347656,35.92903881072998,35.481681213378906,36.13571707986935,35.67936898424357,11129100,0.641434485684134,0.687602700810436,0.5393162608531569,13.864468854218668
2024-07-15,36.38784790039063,36.00265884399414,35.52131072998047,36.159729538966616,35.707152471151296,15874900,0.9056257828007602,0.9831009608626126,0.5512722956288897,13.650293813326417
2024-07-16,36.97661590576172,36.110544776916505,35.5774552154541,36.23752824056615,35.75693535093994,16016900,0.8995216224625154,0.9935905349194323,0.5680556270984912,13.87116030378779
2024-07-17,37.49401473999024,36.253516578674315,35.644649810791016,36.35719362146368,35.825056111294856,20401700,1.1518721302636241,1.2543819781480274,0.5694646309049386,14.065253840872627
2024-07-18,37.52970504760742,36.3710636138916,35.70483444213867,36.46886137633451,35.89190508918947,15752800,0.8928574464961716,0.9656933880580838,0.5735499183661272,14.07864246409091
2024-07-19,37.128265380859375,36.46151695251465,35.75734130859375,36.53166175771783,35.940389806509856,17608000,0.9982824303596237,1.0719669204937574,0.5833906991550517,13.928049073285408
2024-07-22,34.871307373046875,36.43912239074707,35.761724853515624,36.373532768701544,35.898465005197586,54985800,2.9141090963822855,3.175279825945109,0.6925689750284295,13.081388946110101
2024-07-23,34.69289016723633,36.366993522644044,35.757098083496096,36.213471568562,35.85118756057165,25257700,1.3228764550805623,1.4380077395317907,0.674093205953817,13.014458709198767
2024-07-24,35.38871765136719,36.33360538482666,35.755679779052734,36.1349235764482,35.83305148570089,22889000,1.182058369070342,1.2943060486146531,0.6809128499623665,13.275486776254967
2024-07-25,35.63849639892578,36.31533966064453,35.756799392700195,36.08764479763654,35.82542187445481,19740300,1.0193697973684754,1.118311984134034,0.7187103878977663,13.369187104502819
2024-07-26,35.763389587402344,36.31209583282471,35.76129470825195,36.05676334904281,35.822989235746874,15911500,0.8209109808290729,0.9031996364382345,0.7208391500719256,13.416038699646755
2024-07-29,35.709861755371094,36.287743186950685,35.76471946716308,36.023725102026454,35.81855286396743,12937200,0.6937716230503225,0.7360284480240641,0.7018525276406127,13.395958626859347
2024-07-30,35.71878433227539,36.24189414978027,35.77253578186035,35.99468312395493,35.81464037252853,16089200,0.8635487553598773,0.9120573170077727,0.6885570485764877,13.39930578266392
2024-07-31,36.1469841003418,36.245541954040526,35.792251358032225,36.00918797884892,35.82767345989376,23605400,1.2603804089853108,1.3247128471903824,0.6799229608968431,13.559937778843114
2024-08-01,36.44136428833008,36.263031005859375,35.81680130004883,36.05034762737093,35.851739766891264,18166800,0.9410687233270489,1.0087458175761914,0.700756876764137,13.67036959305379
2024-08-02,36.54841613769531,36.27929000854492,35.85226943969727,36.0977827235923,35.879060408883575,26124900,1.3239146265634287,1.438179883218796,0.7501298974285362,13.710528307608595
2024-08-05,35.50468826293945,36.23195247650146,35.863878631591795,36.04129753686346,35.864379148258315,26855000,1.3224634112711013,1.455171453388726,0.7870712856955343,13.318991215594332
2024-08-06,35.9150390625,36.21522560119629,35.89001449584961,36.02927292025742,35.86636581156191,18104200,0.8967691602788751,0.9767651798066497,0.794171302467338,13.472927469144373
2024-08-07,35.932884216308594,36.17954235076904,35.911065368652345,36.02009304369086,35.86897437645394,12176300,0.6056135752378986,0.6556980675261901,0.7952865474432507,13.479621780753517
2024-08-08,36.1469841003418,36.144751739501956,35.94306892395019,36.03217790622905,35.87987671856719,13237100,0.6571501336183594,0.7142334531321358,0.7921642948302136,13.559937778843114
2024-08-09,36.3521614074707,36.114420890808105,35.983740158081055,36.062652525394924,35.89839768675948,11818700,0.5857316528618022,0.6417406441895178,0.8100059127389482,13.636906621128139
2024-08-12,36.155906677246094,36.10282382965088,35.998894424438475,36.07153387319027,35.90849607854327,11099000,0.5566512654299703,0.6082995093814264,0.8068836553387289,13.563284934647685
2024-08-13,36.37892150878906,36.07293910980225,36.0041145324707,36.10080888610444,35.92694413463134,15349400,0.7711135113410866,0.8635587911864726,0.7930567142515453,13.646945226501833
2024-08-14,36.4859733581543,36.022537040710446,36.01445991516113,36.13749121677586,35.9488668492793,10931100,0.5625317453660128,0.6218114040681373,0.7872583821302449,13.687103941056638
2024-08-15,35.71878433227539,35.931991004943846,35.99927993774414,36.097614370632954,35.93984400547522,17489600,0.8960382318389287,0.9932513021884853,0.7926107953115764,13.39930578266392
2024-08-16,36.227272033691406,35.88694133758545,35.99795623779297,36.10996271949566,35.95111569285625,13377500,0.6928731823247029,0.7585034029033997,0.77967581989111,13.590056457004215
2024-08-19,36.34324264526367,35.96053810119629,35.99930305480957,36.13217985528309,35.96649322040164,9401400,0.552112057359424,0.5335777587963371,0.6628135664592876,13.633560896343578
2024-08-20,36.44136428833008,36.04796180725098,36.00945838928223,36.161625991763756,35.98511561522236,8784000,0.5420756610249822,0.4994590898995657,0.6530006617276662,13.67036959305379
2024-08-21,36.61978149414063,36.109514999389646,36.032485809326175,36.20525984913298,36.010004473219155,13683400,0.8691128740290014,0.7793931357538642,0.6262378278339924,13.737299829965126
2024-08-22,36.45920944213867,36.15055065155029,36.0521263885498,36.22944552465733,36.02762035435325,13529600,0.8766347891754108,0.7693652338763177,0.5927850172755271,13.677063904662933
2024-08-23,36.76251220703125,36.20050678253174,36.089243240356446,36.280213780121514,36.05643964269356,11757300,0.7721930886639864,0.6711076492675541,0.5856483865462462,13.790842874678182
2024-08-26,37.012298583984375,36.2656286239624,36.13118026733398,36.34993614239417,36.093924307057904,10309500,0.682998475600667,0.5898056052900406,0.5892168965574974,13.884546064966054
2024-08-27,36.97661590576172,36.32852020263672,36.17433464050293,36.409619929381556,36.128539663869816,9778200,0.6616315671239847,0.559859929094257,0.5905551298680614,13.87116030378779
2024-08-28,37.012298583984375,36.371785926818845,36.22188903808594,36.46701789648659,36.16319687642333,12732700,0.8944464406578442,0.737086556366018,0.5700372153433133,13.884546064966054
2024-08-29,36.79819869995117,36.389627647399905,36.25427772521973,36.498558925387975,36.18809890871854,17338100,1.221521997203014,1.0034429852864322,0.5490733408447852,13.804230066876457
2024-08-30,37.27099990844727,36.4257568359375,36.2933137512207,36.57212473329839,36.230565614590255,20009900,1.4407946371353892,1.1549916495014,0.5129443138525549,13.981593549018479
2024-09-03,38.29689025878906,36.56536693572998,36.35286758422851,36.73638811667845,36.31159795357844,23319900,1.7007740670226006,1.3571016467672734,0.5049158235446896,14.366439191463618
2024-09-04,37.003379821777344,36.61978397369385,36.37022583007813,36.76181589811644,36.338726654292124,31272700,2.176283962791332,1.7979445754250534,0.565131000166798,13.881200340181493
2024-09-05,36.85172653198242,36.66572608947754,36.386130752563474,36.77037881562749,36.35884429655449,28199800,1.8588031266344978,1.6015273909127783,0.5825264860311059,13.824310139663863
2024-09-06,36.70899200439453,36.69382648468017,36.400234375,36.76453245265292,36.37257557921488,18100300,1.1742686325284537,1.0298378333845588,0.5878789023463238,13.770765663930796
2024-09-09,38.11847305297852,36.782142066955565,36.446038513183595,36.89347917649346,36.44104214681346,27850300,1.7174914288233891,1.5627216403586108,0.6262381073365638,14.299508954552287
2024-09-10,38.93918991088867,36.9213062286377,36.50088401794434,37.08830877024538,36.539008725796805,36980400,2.111988431591419,2.0534983281217167,0.6538924650140618,14.60738718573241
2024-09-11,39.072998046875,37.05601005554199,36.54962867736816,37.27732679659106,36.63838085603516,22395500,1.2538027528739686,1.235398680373227,0.6730721479378647,14.657583074640897
2024-09-12,39.12652206420898,37.18803749084473,36.61067855834961,37.45344063160229,36.73595502106159,18397000,1.0088643736302365,1.0184960251140072,0.6659357044342276,14.67766171640829
2024-09-13,39.635009765625,37.38384876251221,36.68154708862305,37.66120912055683,36.84964344241702,20029700,1.0908020537665093,1.092702492861049,0.6628136223695723,14.868412390748588
2024-09-16,40.14348983764648,37.579659652709964,36.75995216369629,37.89761680789871,36.978813889288766,24714500,1.3056276516558272,1.3378229664165269,0.6645974368139026,15.05916020304886
2024-09-17,39.32278060913086,37.72863655090332,36.817378997802734,38.033346693730344,37.07073415281199,18769600,0.9676238631337246,1.0123046445009114,0.6993885522194191,14.751284833908759
2024-09-18,39.14436721801758,37.863786697387695,36.87527481079101,38.13915817223389,37.15205309654554,16897900,0.8532864320948286,0.9148881521229018,0.7167842110525097,14.684356028017437
2024-09-19,39.19788360595703,37.99269180297851,36.92630149841309,38.239989165921806,37.23228174397344,23097200,1.139251963289937,1.238102854971741,0.7301653388133158,14.704431807744811
2024-09-20,39.54579544067383,38.14702110290527,36.980361480712894,38.36435166827914,37.323007771295025,52671900,2.369286837550245,2.7068146057674705,0.7422084018479798,14.834945125762905
2024-09-23,39.48335266113281,38.283063125610354,37.03085296630859,38.47092319140806,37.40772717873964,18083200,0.8020076802595775,0.9227026320945725,0.7520213273518099,14.811520759210948
2024-09-24,39.84018325805664,38.42445735931396,37.09989967346191,38.60132891204126,37.503117613222656,15154000,0.664951267330243,0.7738082897876811,0.757819591620844,14.945379802013603
2024-09-25,39.74205780029297,38.56272945404053,37.15520851135254,38.70996975854142,37.5909191891862,21990100,0.9397384257038445,1.1160716324912097,0.7578197632128795,14.908569674283381
2024-09-26,39.80449676513672,38.70233936309815,37.20141815185547,38.81421042583621,37.67772615294897,15779600,0.6699733107795409,0.8046430201006758,0.7654025095677784,14.931992609815328
2024-09-27,40.04536056518555,38.86469745635986,37.25173126220703,38.931462820059956,37.77057456127197,15659300,0.6672436067876111,0.7985847588742491,0.7712008911898749,15.02234864429863
2024-09-30,40.063209533691406,39.00430793762207,37.31043014526367,39.03924822135819,37.86048181509234,13509700,0.5837329753370581,0.6918525713929867,0.7645102450572565,17.279201743553102
2024-10-01,40.330833435058594,39.106005096435545,37.4196206665039,39.16225633694871,37.95735834920867,17536400,0.7673077305934445,0.9338870350508525,0.7390860634326639,17.39462752788103
2024-10-02,40.18809509277344,39.265240859985354,37.52952476501465,39.259955266074876,38.04483822150533,12040800,0.5499875301810727,0.6503786799724007,0.6650436259414754,17.33306469650549
2024-10-03,39.71529006958008,39.40841903686523,37.616056213378904,39.30332048545632,38.1103461371161,12258400,0.5810827658030346,0.6698246152786937,0.6538929047904783,17.12914460432583
2024-10-04,39.411991119384766,39.543568992614745,37.691526107788086,39.313670069639976,38.16139103838154,14531200,0.6946965280232879,0.7985611479162628,0.6677197941984477,16.998332225336938
2024-10-07,39.10868453979492,39.593079566955566,37.75843200683594,39.29414763822616,38.19853980314285,12885000,0.638849485871188,0.7104576163096588,0.6133031690995864,16.86751655580171
2024-10-08,39.26033782958984,39.609136962890624,37.82944152832031,39.29092765645127,38.24017894143489,10855100,0.5754764469017201,0.5999097187021334,0.5753901095140449,16.932924390569323
2024-10-09,39.34954071044922,39.62296409606934,37.90205665588379,39.296509852070116,38.28368332453349,12614200,0.6865341514574604,0.699814746761397,0.5557642921895163,16.97139745831441
2024-10-10,38.912845611572266,39.6122802734375,37.9573738861084,39.259970400594135,38.308356355397756,12352800,0.6835503136701763,0.6939773721399164,0.5746505131254512,16.783051521936795
2024-10-11,38.95814895629883,39.57843723297119,38.00770957946777,39.23122550113744,38.33383841817819,10658700,0.6055054314667175,0.6038977572717081,0.5566692981911576,16.802590786072127
2024-10-14,39.13029098510742,39.52777729034424,38.05934707641602,39.221612690086964,38.36507185217542,9923500,0.5884627267406453,0.5727580822465254,0.5471352743557076,16.876835383021525
2024-10-15,39.62859344482422,39.543067932128906,38.14182518005371,39.2603727619667,38.4146217185538,15444500,0.9249768299128446,0.9033137040722197,0.5352033062608665,17.09175248105169
2024-10-16,39.78261184692383,39.57498016357422,38.21917663574219,39.3101098176769,38.468268390254586,9459000,0.5794099072417357,0.5588873067174012,0.5230204711850124,17.15818038518305
2024-10-17,39.728248596191406,39.601498413085935,38.295083923339845,39.34993255848781,38.5176793787227,10539500,0.6714192750430089,0.6239357365431278,0.5157651544612989,17.134733597275286
2024-10-18,39.85509490966797,39.616963386535645,38.36924613952637,39.398043258600204,38.570127046602906,13058400,0.9520094891835992,0.7732175772823816,0.5018400793809338,17.189442220635687
2024-10-21,39.59235000610352,39.62241325378418,38.434049911499024,39.41654866312433,38.610214221485286,18760000,1.364313032752967,1.1017655499290078,0.5031501239210268,17.07612074068879
2024-10-22,37.5991439819336,39.51036128997803,38.462914657592776,39.243462503010925,38.57056440816953,42576300,2.8155902556768866,2.4113311376117545,0.6073470028814331,16.21645399384131
2024-10-23,38.8313102722168,39.46482391357422,38.51196243286133,39.20420990960196,38.58078973617138,27174700,1.76678734699729,1.5187108358294303,0.6502494510180963,16.74788545325806
2024-10-24,37.9253044128418,39.37086429595947,38.540749053955075,39.08240938610099,38.55508442937414,23506400,1.4908422201919873,1.295491473192226,0.6823218018639376,16.35712649492207
2024-10-25,37.49042510986328,39.24311752319336,38.57618186950683,38.930791835983115,38.51333308351097,19717400,1.2346447423622895,1.0840091416231383,0.6940369427157286,16.16956370857211
2024-10-28,37.70785903930664,39.12534999847412,38.60579360961914,38.81432204582345,38.481745866091195,13575000,0.8498522383981083,0.7461546241249516,0.6867324582458337,16.26334263383734
2024-10-29,37.44512176513672,38.98106441497803,38.6278311920166,38.68392201909138,38.44109394056357,15072300,0.9509241547088484,0.8233216061137841,0.6785291608081259,16.150024444436774
2024-10-30,37.39981842041016,38.841650581359865,38.647000274658204,38.561626438264604,38.4002596064399,16372600,1.0190362083184217,0.8869965928920436,0.6779086151236153,16.130485180301445
2024-10-31,38.16992568969727,38.76438236236572,38.67800315856934,38.52432160506772,38.39122690382254,31077900,1.8272814265282393,1.6525207429826931,0.7118901222467333,16.46263128205094
2024-11-01,37.47230529785156,38.667398071289064,38.698265075683594,38.42412957580903,38.355190762411915,16682400,0.9747076954897334,0.8840973138755328,0.7161898300967753,16.161748661027243
2024-11-04,37.20050430297852,38.57198905944824,38.70702491760254,38.307593835539464,38.30990894047335,14760900,0.8577390540342656,0.7797833729047505,0.7373133461103976,16.04452130258108
2024-11-05,37.3817024230957,38.478057289123534,38.714412994384766,38.21941370102101,38.27350868488991,12322800,0.7130232868980206,0.649602519885076,0.7367274443679481,16.12267177802974
2024-11-06,37.29109954833984,38.375135231018064,38.72070266723633,38.131002829337085,38.234982836397755,21957100,1.2370468984952345,1.1428054228178641,0.7506238286006119,16.08359489503224
2024-11-07,36.75656127929688,38.267321014404295,38.71558792114258,38.00010363409516,38.17700552043301,24225500,1.320676903132461,1.2459633677357849,0.7424699611253889,15.853049347185518
2024-11-08,36.67501831054688,38.1531644821167,38.71312431335449,37.873905031852466,38.11810406122179,21305900,1.1287532240688445,1.0913485455584067,0.7420168618242503,15.81787998796045
2024-11-11,36.6387825012207,38.02858905792236,38.70047996520996,37.75627431464944,38.06009145102567,17116400,0.8898454660064204,0.8793571369343253,0.7451878610384739,15.802251538143883
2024-11-12,36.6025390625,37.87728633880615,38.66659294128418,37.64639476682568,38.002932533828584,16984600,0.8794726457371239,0.8783032426157702,0.7329566188713723,15.786619797780983
2024-11-13,37.27297592163086,37.75180454254151,38.67198486328125,37.610831067283314,37.974306784330636,19953500,1.00587387797941,1.0440526541389767,0.7624017926396359,16.07577820221421
2024-11-14,37.028358459472656,37.61681003570557,38.67551750183105,37.55535748558706,37.937210771591104,13636600,0.6821084707831973,0.7245679138293079,0.7592306215110742,15.970275060358512
2024-11-15,37.73504638671875,37.51080760955811,38.69603858947754,37.57247071426627,37.929282756498075,21482500,1.0523910206417075,1.137364514248333,0.7805217584890094,16.27506849570097
2024-11-18,38.27864456176758,37.44512233734131,38.69924201965332,37.639725366409245,37.94298321944982,17405400,0.8554993755317565,0.9318131859483767,0.7954706004562603,16.50952156732013
2024-11-19,37.98872375488281,37.46460132598877,38.6802326965332,37.67296330816863,37.944776965937386,10520600,0.5613224472156233,0.5796515346941878,0.6822202801157069,16.384479161329104
2024-11-20,38.25146865844727,37.4356092453003,38.66380210876465,37.72805905581422,37.956804091133854,14706500,0.8116566399628238,0.8172052929275192,0.6428089544569758,16.497800641276005
2024-11-21,38.505149841308594,37.46460151672364,38.651374664306644,37.80206770205178,37.97830784604267,12534100,0.7133604621382431,0.7010581004396708,0.6210647748714919,16.6072129521773
2024-11-22,39.094051361083984,37.54478282928467,38.64055549621582,37.92511376481675,38.022062493691344,17017400,0.9760201886954776,0.9550364995291994,0.6296717453719175,16.861205287931792
2024-11-25,39.84603118896485,37.651691436767585,38.63460632324219,38.108058281402286,38.09359067781972,28365900,1.56070590196613,1.585429911465785,0.6523220185349142,17.185533051590088
2024-11-26,40.19937133789063,37.78940391540528,38.65213813781738,38.307230953448794,38.17617031154799,17247000,0.9432950954343139,0.9656146671756295,0.6686301088035925,17.337928123988153
2024-11-27,40.20843505859375,37.92983474731446,38.67341949462891,38.488298011081646,38.25586696829488,12372400,0.6841714974255921,0.6962265650129214,0.6672712482165984,17.34183729303375
2024-11-29,40.17219161987305,38.02994804382325,38.69290565490723,38.64866883096654,38.33101695463128,9023100,0.531363527418537,0.5159249981560017,0.6251420742176371,17.32620555267085
2024-12-02,39.728248596191406,38.14274520874024,38.69655471801758,38.75148595146415,38.38581035233952,12783900,0.7615763156491634,0.7658969493889372,0.6147230428072469,17.134733597275286
2024-12-03,39.71013259887695,38.26822662353516,38.70109031677246,38.842785632170134,38.43774455808608,15415900,0.9165843929328126,0.9265440979190848,0.6079279460999054,17.126920195003585
2024-12-04,38.52326965332031,38.325304985046394,38.67475204467773,38.81235553894634,38.44109848338938,21431600,1.240664235501362,1.278459253659831,0.6523221257898211,16.615027999722166
2024-12-05,38.55044555664063,38.38827228546143,38.65091979980469,38.7874117311077,38.44538660390904,16176900,0.9524067450148761,0.9717401302020886,0.634655088019192,16.6267489257663
2024-12-06,38.38736343383789,38.469812393188484,38.62257713317871,38.749311893272484,38.443111185474876,15685900,0.9473131458805717,0.9423520309840306,0.6332959626424234,16.55641185258933
2024-12-09,38.3783073425293,38.554976844787596,38.58923606872558,38.71397812653504,38.44056985830054,15570300,0.9569047769032097,0.9355072412392967,0.6563989757953944,16.552505974090067
2024-12-10,38.32394027709961,38.639234733581546,38.55445068359375,38.676831664684045,38.43599614923384,16337200,1.0064459929776963,0.9782609216342176,0.6613820165577688,16.529057540909132
2024-12-11,38.043087005615234,38.7112621307373,38.50869575500488,38.61647503048701,38.4205879475233,13986100,0.8696395616640055,0.8410545712185798,0.6631940664667997,16.40792594923687
2024-12-12,38.124629974365234,38.753844833374025,38.467426452636715,38.569632644189696,38.408981752497496,11232300,0.7178757274752694,0.6761121603518001,0.6296718713185381,16.443095308461935
2024-12-13,38.30582427978516,38.81771812438965,38.43923713684082,38.54450803805593,38.40493636141073,13360400,0.8546406043202837,0.8031445775658138,0.6382790151249701,16.521244138637435
2024-12-16,37.03742218017578,38.7828369140625,38.39174575805664,38.40097605159115,38.35130835430348,30228300,1.8810321803403347,1.783480069153122,0.6609288942204596,15.974184229404113
2024-12-17,36.94681930541992,38.71624565124512,38.34850845336914,38.26248493290818,38.29623035238647,15374000,0.9627710572508734,0.9044149734034699,0.6464329787297526,15.935107346406612
2024-12-18,36.45757675170898,38.63968830108642,38.29245323181152,38.09058891565111,38.22412628961481,19199600,1.170533164577953,1.1184847198987937,0.6641000158155983,15.72409777214888
2024-12-19,36.21296310424805,38.53776302337646,38.2297216796875,37.911767409803204,38.14525714509062,17859100,1.0784435089948292,1.0340739320216723,0.6641000173465936,15.618596275566354
2024-12-20,36.17672348022461,38.42134170532226,38.17499923706055,37.74652513079572,38.06805974646842,47590900,2.5987622939227024,2.6475595736925563,0.6518689504394249,15.60296618047662
2024-12-23,36.18577575683594,38.27592792510986,38.11955177307129,37.59788233327574,37.99424468805146,21292300,1.1492792411798027,1.1706748648673613,0.6201587935431838,15.606870413702719
2024-12-24,36.05894088745117,38.08657341003418,38.058124771118166,37.45131648129245,37.918350421361254,11712200,0.6619317202414156,0.6426859776457529,0.6015857942898701,15.552166726161822
2024-12-26,36.203895568847656,37.88679962158203,37.98963081359863,37.33251448963104,37.85111689773327,12946400,0.7406856479855186,0.7123634880587886,0.5870895799719641,15.614685461247586
2024-12-27,36.16765975952149,37.684760856628415,37.917331771850584,37.221575943906316,37.78509897074457,15168100,0.8609079260843222,0.8293995259199313,0.5938844165980978,15.599057011431023
2024-12-30,35.87773132324219,37.470037841796874,37.840321426391604,37.09359074193831,37.710300239469966,15672000,0.8730350166590812,0.8521698467160032,0.5961495980958222,15.474011314893655
2024-12-31,36.2310791015625,37.29517936706543,37.76784111022949,37.01144677618823,37.65229156739516,13549900,0.7532128517404905,0.7363863975657223,0.580747542169096,8.740080375065602
2025-01-02,36.430397033691406,37.13119258880615,37.70460205078125,36.95610870547425,37.6043741347009,22470200,1.2250557935164212,1.2162664967192491,0.5744057180780537,8.788162154305885
2025-01-03,36.4756965637207,37.02881393432617,37.68213310241699,36.91035516816439,37.560112269172265,15229900,0.8445993533753695,0.8495127624651896,0.5336356337590498,8.799089831405949
2025-01-06,35.88679504394531,36.89563140869141,37.62324279785156,36.8128732515721,37.49449198583003,27115000,1.4594430649004078,1.512555746730057,0.5517557700593955,8.657028188654236
2025-01-07,35.26165008544922,36.739345741271975,37.56996971130371,36.66513771194135,37.40692955836412,31517100,1.6270614718775627,1.7425445459584783,0.5744058539336564,8.506223483997033
2025-01-08,35.2797737121582,36.584419059753415,37.52575668334961,36.53319828339057,37.32351168204232,22901600,1.1603308079746144,1.2617606888181103,0.5567389868288235,8.510595475062498
2025-01-10,34.863006591796875,36.411372375488284,37.468859634399415,36.3741324080007,37.22702128634642,27338400,1.3475695746922072,1.4837039716857545,0.5614458553058995,8.41005808506559
2025-01-13,35.14884567260742,36.26666030883789,37.42293411254883,36.25743843320134,37.1455242034547,19734000,0.9591444979327651,1.0656076036885769,0.5545269500364579,8.479011497510633
2025-01-14,35.2963752746582,36.12524757385254,37.380865249633786,36.165908608578185,37.07300855918817,15740100,0.7567364864621231,0.8505237280022946,0.5626453081060749,8.514600296177402
2025-01-15,35.20416259765625,35.9701644897461,37.32154998779297,36.07431375039514,36.999720482265346,27817100,1.2924474081218948,1.5084257778773618,0.5598917206020513,8.492355686616152
2025-01-16,35.3516960144043,35.88587818145752,37.279137802124026,36.00549301363411,36.93509207176099,24678300,1.1615881340399363,1.3267144288090187,0.5117418436104121,8.52794540550836
2025-01-17,35.75740051269531,35.826407241821286,37.25027572631836,35.98186515640184,36.88890808905253,24082100,1.110761337898681,1.2818158553181778,0.513153597553736,8.625814141729254
2025-01-21,35.97869873046875,35.802463340759275,37.22221565246582,35.98156359202726,36.853213604402185,25717600,1.168630432258664,1.3496238123566546,0.5119840442157255,8.679198259954847
2025-01-22,35.914154052734375,35.787522888183595,37.19467674255371,35.975143635904125,36.8163877396309,31488900,1.3879034851081657,1.6361252872022372,0.5225521748326646,8.663628045509954
2025-01-23,36.12622833251953,35.78499813079834,37.182070083618164,35.9895326546294,36.78932266484222,25153500,1.1663371005648413,1.3056863944088062,0.5220074422899167,8.714787058621615
2025-01-24,36.45816802978516,35.7986177444458,37.17773307800293,36.03416459512042,36.776336208565475,37123900,1.6604440102934925,1.8959202162919655,0.5775716792797496,8.794861395509125
2025-01-27,37.47242736816406,35.86929206848144,37.194405975341795,36.171142002076955,36.803633901098756,35520300,1.5084070048606646,1.780553809716348,0.6139252383473408,9.039532775948636
2025-01-28,37.25113677978516,35.92165412902832,37.2073779296875,36.273998647572974,36.82118303359626,21031900,0.8780671909126795,1.0500218572534628,0.6156537871458341,8.986150498173926
2025-01-29,37.14048767089844,35.97029552459717,37.20472816467285,36.35652141169921,36.8337047840787,24238100,0.9931207475868121,1.2049370897971212,0.6308162565936588,8.959458439061128
2025-01-30,36.39362716674805,35.99609031677246,37.19203353881836,36.36005529313243,36.816446838301026,27913500,1.1157335477916561,1.3682287419059884,0.662122322348328,8.779292101289672
2025-01-31,36.319854736328125,36.00052909851074,37.163729705810546,36.35622666867488,36.79697263822366,45178700,1.6984786561857719,2.1642368680263266,0.6708061596723762,8.761495861505407
2025-02-03,36.863868713378906,36.02220268249512,37.13543418884277,36.40457353007526,36.79959601371994,27967100,1.040661254939886,1.3263128681528222,0.6892516589332356,8.892729211504577
2025-02-04,36.707122802734375,36.0337739944458,37.109802169799806,36.43338774651899,36.79596961328914,19190200,0.7088481725094626,0.9026543311151818,0.6832145852503213,8.854917148174756
2025-02-05,37.00218200683594,36.08954334259033,37.084816436767575,36.48755862845394,36.80405637382039,16830500,0.6337227242339403,0.7900818243203152,0.6722909527363651,8.926094745508292
2025-02-06,36.82698822021485,36.16781024932861,37.051253204345706,36.51988525624069,36.80495566191429,15370600,0.5968974968564108,0.7196326187134445,0.6487797809486388,8.883832471950607
2025-02-07,36.77166748046875,36.24240493774414,37.0048055267334,36.543864515690984,36.80365024303408,15754800,0.6204269757433798,0.738493487909412,0.6487601511730127,8.870487362619647
2025-02-10,36.836212158203125,36.34106521606445,36.94460914611816,36.571707148311184,36.804927180883844,16737500,0.6731772983097468,0.7932038154916224,0.6325320147734821,8.886057577064538
2025-02-11,37.33412170410156,36.45032901763916,36.887304153442386,36.64431805838646,36.82567990728454,15182700,0.6162843041467584,0.7209311292275233,0.6459018931526377,9.006169082395802
2025-02-12,37.371002197265625,36.55406036376953,36.83055549621582,36.713526071613046,36.84706509512693,14440300,0.5876997486455512,0.6843352934424696,0.6426747027125372,9.015065821949774
2025-02-13,37.841251373291016,36.68591480255127,36.78393669128418,36.82092848129666,36.88605279230983,17056700,0.7097241027493191,0.8022198227268541,0.6505122871896336,9.128504772615559
2025-02-14,37.79515075683594,36.808087539672854,36.74527473449707,36.91371155515755,36.92170369287948,12438200,0.5310736947903909,0.5851903583558175,0.6482071779508842,9.117383848173093
2025-02-18,37.9887809753418,36.91965656280517,36.71084770202637,37.01609911898462,36.963549860819185,16357700,0.7101349771767601,0.76891293515968,0.6472850815760957,9.164093571282327
2025-02-19,38.73564529418945,37.057503890991214,36.71509521484375,37.17986542138508,37.033043799382725,21039600,0.9227597268245958,0.9893557591568873,0.6495898605433865,9.344260829279222
2025-02-20,39.1782341003418,37.22070789337158,36.72765098571777,37.37018624795239,37.11716890922426,19771700,0.8900207631148048,0.9266019978764501,0.6449794614817798,9.451027225279528
2025-02-21,39.42719268798828,37.38575611114502,36.74844757080078,37.5660916231939,37.20775807701893,25465100,1.145505118991042,1.1825839252808654,0.6731021845155087,9.5110838981706
2025-02-24,39.94354248046875,37.5600248336792,36.77975227355957,37.79251551436293,37.315043739899316,27560600,1.2670206217368378,1.2658011579899477,0.6528170559595076,9.635643773278849
2025-02-25,40.30314254760742,37.70156059265137,36.819336318969725,38.031622850862405,37.43222408529964,24356900,1.149229125814141,1.1104814339981872,0.6242333588481657,9.722390664831838
2025-02-26,39.81445693969727,37.82972660064697,36.854763717651366,38.20141657360858,37.52564498155053,18651400,0.8849971969284124,0.8467537896538176,0.6463623543104642,9.604504264614508
2025-02-27,39.89744186401367,37.96757431030274,36.89021995544434,38.362942791742405,37.61865662400006,19212300,0.9226123659917099,0.865943712013578,0.6325313462515773,9.624522848836385
2025-02-28,39.74068832397461,38.134927368164064,36.91891723632813,38.494156651954995,37.70187355341083,25197500,1.2179763104272259,1.1237201252554934,0.6306871794621838,9.586708945055683
2025-03-03,40.4506721496582,38.341468238830565,36.987182235717775,38.68049146126006,37.80966957679308,22334000,1.1426513255809314,1.003080923488379,0.6435959308595475,9.757979463498605
2025-03-04,39.52861404418945,38.47470550537109,37.03881813049316,38.761265040586665,37.8770791637498,32627500,1.649620628966686,1.443026045630538,0.6754070340567694,9.535549931944024
2025-03-05,39.50095748901367,38.61439723968506,37.099685745239256,38.831711940436854,37.94076066670132,18038400,0.9146705068657079,0.7986099059079708,0.7026076828914238,9.528878297503985
2025-03-06,40.78261947631836,38.80341911315918,37.19107887268066,39.01751265813985,38.052206110215714,22845900,1.1410415658399249,1.0070047212974629,0.7477885549250096,9.838055640836995
2025-03-07,42.4699821472168,39.085568809509276,37.31694404602051,39.34631927614718,38.225452229313795,44992100,2.092359477460053,1.987721851037119,0.810027145553969,10.24510080016546
2025-03-10,42.8664665222168,39.39030876159668,37.45055786132812,39.68157139482047,38.40745278981979,39837000,1.7543809429230566,1.7315991348654793,0.8450652606001331,10.34074535149786
2025-03-11,40.04497146606445,39.55074672698974,37.53027847290039,39.71618092541514,38.47166920849605,64142300,2.5577736443518155,2.66654012071918,1.007808427893086,9.660111647503152
2025-03-12,39.27043914794922,39.64756259918213,37.59160934448242,39.67372932756124,38.50299351984716,49650800,1.8525864899555238,2.0029697531832387,1.0797291765275818,9.473269994389899
2025-03-13,40.30314254760742,39.79416961669922,37.67431900024414,39.73367344375612,38.57358759936717,30708600,1.1120576847830004,1.2234793482330775,1.1156895319786173,9.722390664831838
2025-03-14,40.17405700683594,39.91080989837646,37.76024551391602,39.77561473547801,38.63635110554242,17432100,0.6308438990575936,0.6935498168182797,1.1189167206172215,9.691251156167494
2025-03-17,40.24782180786133,40.033443450927734,37.84058036804199,39.82058683760975,38.699546035045124,15560900,0.5599637555993137,0.6181135566230771,1.1364356900490589,9.709045555500879
2025-03-18,40.78261947631836,40.173135375976564,37.92762481689453,39.91220899367724,38.78123518960486,16254400,0.5850283014063332,0.6488650848916916,1.1502665261830363,9.838055640836995
2025-03-19,40.51521682739258,40.26211395263672,38.00841522216797,39.96963831117394,38.8492344695181,14373300,0.5236052784197381,0.5741654661360897,1.1387408150298008,9.773549677943498
2025-03-20,40.34002685546875,40.320203590393064,38.09747985839844,40.004913410630586,38.90769691602597,18109300,0.6617077469935164,0.7286488188150111,1.1355136281206086,9.73128832461125
2025-03-21,40.56132125854492,40.376910018920896,38.203473281860354,40.057904634241474,38.97254492945808,68445500,2.3188862922280187,2.674505887230417,1.1198386327474625,9.784671522611402
2025-03-24,40.16483688354492,40.38797473907471,38.301174545288085,40.06808865798466,39.01930147667717,18050000,0.6215348570865821,0.7079875667185125,1.0990922969554273,9.689026971279002
2025-03-25,40.10029220581055,40.37783222198486,38.40592025756836,40.0711556625395,39.06169326997652,21483200,0.7434321342892465,0.8465386965419317,1.100475421492309,9.673456756834112
2025-03-26,40.736515045166016,40.423935127258304,38.51767364501953,40.134523222789646,39.12737255527807,21684400,0.7464772853431145,0.8531555352854198,1.0958656088380425,9.82693379616909
2025-03-27,41.45571899414063,40.501848983764646,38.64086051940918,40.26035139148974,39.21868025876288,21905200,0.7505991374613568,0.8576819330177082,1.120761211277181,10.000428499500508
2025-03-28,41.42805480957031,40.58621730804443,38.76533836364746,40.37156124083075,39.305322398010226,19530600,0.6757928774034158,0.7697008395195859,1.0889502811812926,9.993755024609587
2025-03-31,41.82453918457031,40.65491065979004,38.89479522705078,40.50994009261547,39.40411521316945,27786900,0.9524895005367991,1.0924049688388071,1.0857230561194726,9.939296102682007
2025-04-01,41.84298324584961,40.77062911987305,39.016506881713866,40.636896583399675,39.49975709680396,15710800,0.5546211338018013,0.6217415633847296,1.0313216370094793,9.9436791990643
2025-04-02,41.25286483764648,40.85822448730469,39.12199020385742,40.69556022666128,39.568506419974256,21924100,0.7686902838117524,0.8702405217291208,1.0299387782841347,9.803441871669236
2025-04-03,42.06427383422852,40.9223072052002,39.244992599487304,40.82591390357244,39.66637965190579,30474800,1.0543886469189938,1.2106208954815956,1.0285554932373926,9.996267290302521
2025-04-04,39.67614364624024,40.78261528015137,39.315990905761716,40.71641197430271,39.666762553644396,42663400,1.4820689506634734,1.67156249958371,1.0760416452077457,9.428745602486154
2025-04-07,39.26122283935547,40.6023530960083,39.37205200195312,40.57782253287916,39.65085903543699,38812000,1.3506812045047298,1.5186548189783176,1.112002022066784,9.330142704780759
2025-04-08,38.88317489624024,40.54426326751709,39.40026695251465,40.416427519865934,39.62075377507633,29790200,1.1026250554038537,1.170895974275207,1.0055044343763195,9.240302373700235
2025-04-09,39.54705810546875,40.55809421539307,39.44618537902832,40.33363043278049,39.61786374881721,49426000,1.8301665704853518,1.9002612369006695,1.0230232280219613,9.398069367019678
2025-04-10,40.210357666015625,40.55345497131348,39.50758277893066,40.32189016927907,39.641098804393614,36501700,1.3372574822482757,1.3902560161003192,1.0314291639073123,9.55569766049497
2025-04-11,40.96922302246094,40.59321327209473,39.59909469604492,40.38354091720115,39.693182107062924,30144300,1.0792204514250014,1.1461712769842247,1.0422976059283435,9.73603646701456
2025-04-14,41.50323867797852,40.65598411560059,39.70276237487793,40.49017879917995,39.764164717687066,24323000,0.8573597387772252,0.9397330637291473,1.057359683099132,9.862941385207066
2025-04-15,41.671875,40.700446891784665,39.79892250061035,40.60272129449614,39.83897688562091,21795300,0.7608310904920985,0.8461090351089072,1.0374223262404487,9.903016574818647
2025-04-16,40.8568000793457,40.717526054382326,39.88191604614258,40.62691927400562,39.87889152066894,17271600,0.5998829867654176,0.6714960658330208,1.0739360497251944,9.709319976118481
2025-04-17,41.25965118408203,40.76350727081299,39.9670654296875,40.687179455917665,39.93303895844984,16504800,0.5748520012441055,0.6418464869708056,1.0893554022656577,9.80505459730814
2025-04-21,40.21973037719727,40.74642772674561,40.03492027282715,40.64266049603953,39.94428175918504,23802500,0.8989117512436158,0.9196120201220884,1.1315791455052522,9.557925016815817
2025-04-22,40.46331405639648,40.761351585388184,40.1087532043457,40.62557988274019,39.96463596691882,37633800,1.370573627115607,1.429813358860441,1.2032326358341217,9.615810898179808
2025-04-23,40.00424957275391,40.75654945373535,40.17211395263672,40.5664055675034,39.96618944165745,29402100,1.0555648798438306,1.1064206574303448,1.2224734861050013,9.506717578274648
2025-04-24,40.10730743408203,40.72508907318115,40.227577667236325,40.522681935748984,39.97172348057606,16597300,0.6013510135137583,0.6239032458847076,1.2141951117522947,9.531208525919737
2025-04-25,39.264122009277344,40.61550922393799,40.26544006347656,40.402819085608826,39.94397440327023,23361900,0.8442171940697842,0.8723378403194468,1.2337250178735577,9.330831671326889
2025-04-28,39.71381759643555,40.52979736328125,40.302891387939454,40.33719989616375,39.93494864613946,16188500,0.5885496668878325,0.6048738894827755,1.241560577931572,9.437698541446135
2025-04-29,40.238468170166016,40.450493812561035,40.35175773620605,40.327796874640164,39.94685137257187,14712800,0.5479210242646324,0.5488023725832766,1.237988935321993,9.56237791638765
2025-04-30,41.27838897705078,40.422264099121094,40.41754989624023,40.41832945582213,39.999068533531826,29563000,1.0732753777457005,1.0919724236239847,1.2748820099364022,9.809507496879975
2025-05-01,40.566368103027344,40.387939262390134,40.454164352416996,40.43242837460358,40.021315575472826,18921900,0.6907178053148902,0.7000158412624118,1.269020005465838,9.640300939289972
2025-05-02,40.97859573364258,40.33365535736084,40.490171585083004,40.48444431355968,40.05885597383243,15366500,0.5768394087945065,0.5703427698248534,1.230277239825421,9.738263823335407
2025-05-05,40.79122161865234,40.38940925598145,40.51745216369629,40.51366119975898,40.08757619519792,9210000,0.3688949094104651,0.34601337738059834,1.1285063621659641,9.693735734151987
2025-05-06,41.36270904541016,40.49448356628418,40.54583549499512,40.5945228993448,40.13758140501017,12131500,0.5133410924434998,0.4611179659982563,1.0738344939826079,9.829545544953234
2025-05-07,41.119117736816406,40.60628070831299,40.5621549987793,40.644484312437335,40.17607302586531,12826600,0.5629589380912389,0.49184992261759597,1.0295367145895136,9.77165785051938
2025-05-08,40.8568000793457,40.67176780700684,40.583001861572264,40.664704861666706,40.20276820443317,14967400,0.7106580426445155,0.5755673996139145,0.9335891184225289,9.709319976118481
2025-05-09,40.8568000793457,40.70408992767334,40.60218902587891,40.682999644302804,40.22841651325327,10878400,0.5499652176726578,0.4210245700099257,0.8947090262571109,9.709319976118481
2025-05-12,40.28530883789063,40.669894218444824,40.61308143615722,40.64512432940641,40.23064758480768,20160000,1.0455919043387136,0.7833028430629442,0.9101672557423985,9.57350925878231
2025-05-13,39.9574089050293,40.59260272979736,40.60321617126465,40.579627622322874,40.21993234246343,20069600,1.052512615850149,0.7811649780140686,0.8951772078721263,9.495586235879987
2025-05-14,39.67634201049805,40.49282608032227,40.60617073059082,40.4936004211967,40.19861507454322,20447500,1.0761340853333936,0.8034922904821402,0.9054828067063312,9.428792742302466
2025-05-15,40.73500442504883,40.48673629760742,40.630851669311525,40.51659127870643,40.21964995103363,14608000,0.7742330082010505,0.5755786638095775,0.8965826747688059,9.680376128901555
2025-05-16,41.21280670166016,40.48439407348633,40.63945541381836,40.582897509463926,40.258597274587615,13407700,0.7164969526288085,0.5322435329058353,0.8839351177439763,9.793922348378556
2025-05-19,41.51260757446289,40.54903793334961,40.62030792236328,40.671441325178115,40.30777414909253,14778600,0.809269477492593,0.6010824902400255,0.8319389314629746,9.865167834992981
2025-05-20,41.42828750610352,40.59728660583497,40.59154434204102,40.743521913837675,40.35171584936747,12189900,0.7174977898061504,0.5072003062366593,0.7485577635552503,9.845129786919726
2025-05-21,40.98795700073242,40.646471977233894,40.61040405273438,40.76680144592289,40.37666648275433,16038600,0.9826799789354821,0.6951655683045487,0.7288835596858337,9.740488460051466
2025-05-22,40.4071044921875,40.66146183013917,40.63313735961915,40.732544593186184,40.37786013018309,14947700,0.9204926101397239,0.667977086335224,0.7345047155541173,9.602453105999235
2025-05-23,40.58510971069336,40.727511215209965,40.63877670288086,40.718503175805914,40.385987564712906,12393400,0.7898725206145422,0.5630481853378679,0.6946875808526031,9.644754745396735
2025-05-27,40.75374221801758,40.77950744628907,40.6503704071045,40.72185927506417,40.40040931582289,12873700,0.8292430613527915,0.5873013671657947,0.6871926476139443,9.68482902847339
2025-05-28,40.4071044921875,40.78793926239014,40.65355606079102,40.69188262907591,40.40067187175876,12783000,0.8285504094787774,0.5846454353886527,0.6726711339469584,9.602453105999235
2025-05-29,40.59447860717773,40.753743743896486,40.649793243408205,40.682606055561806,40.40827213589283,9960400,0.6893955019442111,0.45818844165788736,0.6328544740509748,9.64698119518265
2025-05-30,41.18470001220703,40.78466033935547,40.66318290710449,40.730424527623256,40.43872028790515,26569500,1.7915565325277807,1.2086616956391556,0.6314490772544638,9.787242999020803
2025-06-02,41.31586456298828,40.801523780822755,40.68269966125488,40.786180721467545,40.473118102614286,11873300,0.8101467411403314,0.5432051027140903,0.639412189357358,9.818413296023646
2025-06-03,41.06291198730469,40.81510829925537,40.69273147583008,40.8125360801187,40.49624727456293,13140900,0.8847729490782058,0.6332424912655626,0.6258276356615742,9.758300964873735
2025-06-04,40.51015853881836,40.77248077392578,40.69963790893555,40.783738219042476,40.49679281433766,14360100,0.9596614209773442,0.6944637887049636,0.6169272775821547,9.626943147109397
2025-06-05,40.566368103027344,40.744843292236325,40.708959426879886,40.763036303231516,40.499521257031375,12095900,0.8103272017889515,0.5903254732916022,0.6080271008998569,9.640300939289972
2025-06-06,41.0348014831543,40.75374336242676,40.71492515563965,40.788918701319396,40.52051263844796,10135200,0.690146858446761,0.500275479265311,0.611305921508842,9.751620708981052
2025-06-09,40.8942756652832,40.75561714172363,40.7036962890625,40.79895269788738,40.53517001204935,13399400,0.9046545887620665,0.6669977911428882,0.6056847654759476,9.71822577526215
2025-06-10,41.34396743774414,40.80855007171631,40.70201454162598,40.85085886358802,40.566887558155024,13724100,0.9471542962044055,0.6871329042739315,0.5808575785602784,9.825091738846469
2025-06-11,40.97859573364258,40.85960941314697,40.685095672607424,40.863024279783694,40.5830329768016,14602100,1.0271270253825673,0.740873748103433,0.5803894027508871,9.738263823335407
2025-06-12,40.43520736694336,40.89755268096924,40.6569401550293,40.822279811894134,40.577235894062056,22370500,1.5629934463339994,1.1274038691716615,0.593974027514917,9.609131548822058
2025-06-13,40.29467391967773,40.875536155700686,40.63777633666992,40.77203163168305,40.56615503232149,13544100,0.9498362659592038,0.6883952083086614,0.555562418831407,9.575734802033296
2025-06-16,39.816871643066406,40.805739402770996,40.59282829284668,40.681064013719556,40.53677136999776,20449300,1.399536049894997,1.050061670769493,0.5625888177961837,9.462188582556298
2025-06-17,39.20790863037109,40.690504455566405,40.5834635925293,40.540763501019704,40.484659105698675,23028200,1.5327644866052337,1.2068227130572806,0.5864788625235334,9.317472972611382
2025-06-18,39.03927612304688,40.571053886413566,40.579024658203124,40.397764703117524,40.42797742010448,18654200,1.2154806290145812,0.9986979696464173,0.586947398096962,9.277398689534731
2025-06-20,39.0673828125,40.475025177001946,40.58270881652832,40.27106166591585,40.37462076882588,37068100,2.2604353832677133,1.969185423052327,0.577110154581223,9.284078038892483
2025-06-23,39.68571472167969,40.438955688476554,40.58548194885254,40.21531433789336,40.34760484540838,16014400,0.9734020018247033,0.8820519847987255,0.5733625668232385,9.431020098623312
2025-06-24,39.93866729736328,40.406633567810054,40.580048141479494,40.18896700070002,40.33156807881837,16716300,1.0028896454222382,0.9412257945292992,0.5658676294633675,9.491132429773224
2025-06-25,39.46086120605469,40.34198951721191,40.54988090515137,40.11962359168618,40.29742271125901,15599700,0.9283085090334784,0.8929807273880052,0.5766418437189881,9.377585303761295
2025-06-26,39.4421272277832,40.29374065399169,40.50865867614746,40.055100128457326,40.26388171190702,15870000,0.9357981718619582,0.917331177826643,0.572894465361997,9.37313331072439
2025-06-27,39.63887405395508,40.24596042633057,40.46799865722656,40.015459549933304,40.23937160767361,21439600,1.222831906812082,1.2397797221916385,0.5757051332627305,9.419888756228655
2025-06-30,40.53826141357422,40.21363849639893,40.461627883911135,40.06525020361339,40.25109277653247,22796000,1.3143397138041994,1.3098469508537334,0.5883528661969339,9.420973410465113
2025-07-01,40.92237854003906,40.19396419525147,40.45488243103027,40.14688147374917,40.27741770843468,19233200,1.085881290521461,1.1016759643416523,0.5836685965951552,9.51024110741962
2025-07-02,40.83806228637695,40.18272171020508,40.467249069213864,40.21270821780896,40.29940377031477,18313900,1.019096902933467,1.0556562247166243,0.5888213250884377,9.49064625662627
2025-07-03,40.80058288574219,40.19724292755127,40.473994445800784,40.26869628142165,40.31905785327271,10301300,0.579774338655234,0.6131103591504339,0.5728947457318085,9.481936153516076
2025-07-07,40.09793472290039,40.17382125854492,40.47586814880371,40.2524332758482,40.31038635796399,22039300,1.206644750367439,1.3233279994235774,0.603343016042859,9.318642775156535
2025-07-08,40.34151840209961,40.139157104492185,40.48055236816406,40.260917573586426,40.311607222439896,16736200,0.900037886538824,1.0047410049259096,0.6070905916140585,9.375250909914644
2025-07-09,39.91992950439453,40.090439796447754,40.49366851806641,40.22844251937767,40.29624731192831,23519800,1.231337706399372,1.411719992561997,0.6141169899799692,9.27727488289892
2025-07-10,40.01322937011719,40.023902893066406,40.49965675354004,40.20794602897191,40.28514856911218,19359300,0.9987888731102744,1.1575896437903295,0.6051877612412181,9.298957498865247
2025-07-11,39.62290191650391,39.956118202209474,40.487345428466796,40.15222754207019,40.259178112147154,20174300,1.0260874297512612,1.1984947215688773,0.5976331667773177,9.208246540041694
2025-07-14,39.58481979370117,39.91359882354736,40.453474044799805,40.09818870889219,40.23273268789437,15757300,0.815142732618668,0.9517049006342847,0.568862987593921,9.199396366062143
2025-07-15,39.28017425537109,39.86287384033203,40.42775016784668,40.02028257046161,40.1953774552464,15653200,0.8053640170033411,0.9491652206730916,0.5772278869063439,9.128597633799206
2025-07-16,39.27065658569336,39.83556308746338,40.39359138488769,39.9488896195313,40.15911389173451,17971300,0.9305633514012845,1.0862966070344857,0.5544943833130382,9.126385755197687
2025-07-17,38.98505401611328,39.82442035675049,40.35746803283691,39.85709575253911,40.11307232798466,18411200,0.9648752740229637,1.1006438197228257,0.531934901925954,9.060012553186771
2025-07-18,38.880332946777344,39.816473197937015,40.30782051086426,39.76407072341894,40.064729607153,21079700,1.097746385209792,1.246830532972039,0.5355396125887839,9.03567568289862
2025-07-21,40.45115661621094,39.885661888122556,40.29446128845215,39.82950747511342,40.079883607508215,47574000,2.4114963503649633,2.7028261560214837,0.6210858922162046,9.400730510269875
2025-07-22,40.89860153198242,39.946306228637695,40.29529731750488,39.93132595671999,40.11199019278172,23521000,1.1700051682979884,1.3234381280718552,0.6363648426538987,9.504715400276021
2025-07-23,40.78435897827149,39.98859081268311,40.293848495483395,40.01256719686775,40.138357596134256,23357200,1.1429787806683265,1.2960220669768614,0.6581337276393381,9.478165764861862
2025-07-24,41.01284408569336,40.06618995666504,40.30839920043945,40.10783166247019,40.1726511839601,20411000,0.9871860723140036,1.1322307503021538,0.6538960751273066,9.531265035690184
2025-07-25,41.01284408569336,40.14472579956055,40.32950790405273,40.19402332182477,40.20559992520454,16571500,0.8001297860100048,0.9228289671009232,0.6575235049851902,9.531265035690184
2025-07-28,40.327392578125,40.179151725769046,40.342528915405275,40.20672515575812,40.21037610767201,18243700,0.8877185879962357,1.0184497403758992,0.6754916763610656,9.371968109729703
2025-07-29,40.66060256958008,40.185268783569335,40.3410408782959,40.24995157612212,40.22803204735469,13118500,0.6537237487071658,0.7335567209307216,0.6562872557438659,9.449405137370668
2025-07-30,40.55587768554688,40.16694374084473,40.32790229797364,40.27908739606734,40.2408887390485,13313300,0.6733632250706199,0.744528096256651,0.6458463824424697,9.425067380558028
2025-07-31,40.70819854736328,40.16045055389405,40.31181411743164,40.31995512476219,40.259214613884375,25538700,1.268525311447757,1.4112328580909368,0.6634371434523991,9.46046630342725
2025-08-01,40.82244491577149,40.16154365539551,40.299697265625,40.367811295334505,40.28130207670348,20841300,1.0087954310806748,1.1407540264080127,0.6875026401767197,9.487016825365902
2025-08-04,40.88908386230469,40.20110111236573,40.29771980285645,40.41745630171262,40.30513665653098,13629900,0.6734433117645431,0.7480085156153274,0.663054232303437,9.502503521674502
2025-08-05,40.62251281738281,40.21515083312989,40.30202796936035,40.436985493681206,40.317582780485964,14863700,0.7378175616930733,0.8157946386545176,0.6507321863948263,9.440553190342138
2025-08-06,40.31787109375,40.235047912597665,40.29668319702149,40.425641265116326,40.31759408688848,17812000,0.8968734052513821,0.9718317205611701,0.6464188720934715,9.369755344603693
2025-08-07,40.88908386230469,40.27884063720704,40.29939002990723,40.46977865532474,40.34000545063029,15543400,0.7902361597839477,0.8455923754479326,0.6597470352621884,9.502503521674502
2025-08-08,41.07949066162109,40.35167007446289,40.312837753295895,40.52784646544821,40.369004870669144,13057000,0.6760575340132224,0.7101154882621831,0.6535591538836169,9.546753505047763
2025-08-11,41.1080436706543,40.42783126831055,40.32310905456543,40.5831033421345,40.39798678439405,12914900,0.67365714159037,0.7001372637458908,0.6621271292676727,9.553389140852325
2025-08-12,41.174686431884766,40.52255687713624,40.32290878295898,40.63944458877738,40.428445594099564,12469300,0.6558602323884805,0.686475335378818,0.6592711126772685,9.568876723685417
2025-08-13,41.61261367797852,40.6396547317505,40.32884376525879,40.73212735917749,40.474883558173254,14327700,0.7608995244278397,0.7866603591963773,0.6854515129386897,9.670649735090045
2025-08-14,41.41269302368164,40.76103668212891,40.335839385986326,40.79694313674931,40.51166039995789,10582800,0.5739503094877954,0.5826839337739637,0.6825955807907256,9.62418875963975
2025-08-15,42.1171875,40.92287940979004,40.36797996520996,40.922680695154135,40.57462224701837,21239200,1.1513942614061579,1.1606282579690732,0.7102039484917395,9.787911215852251
2025-08-18,42.25998306274414,41.0133207321167,40.4018522644043,41.0500428254008,40.64071482802723,12692100,0.7598963263385344,0.6931154496684846,0.6216664595415686,9.821096487070973
2025-08-19,42.78359222412109,41.10757026672364,40.43682807922363,41.21514276813607,40.72474923571718,17944200,1.0925882740476036,0.9716454239822636,0.6064342814494438,9.94278172503622
2025-08-20,42.8978385925293,41.21324424743652,40.47689933776856,41.375399513316374,40.80996842618039,20982100,1.2868652603540733,1.1268883560902971,0.6016742865129732,9.969332246974872
2025-08-21,42.8692741394043,41.30606575012207,40.50740547180176,41.517673287229506,40.89072551297348,11866800,0.7473923176700769,0.6386057828189278,0.5897740893085761,9.962693951596842
2025-08-22,42.30758666992188,41.370802879333496,40.53398529052734,41.59290313320021,40.94628869559891,19123700,1.1948418062487758,1.0241480811542443,0.6240467230527595,9.832159426176535
2025-08-25,42.10766220092773,41.45981636047363,40.56743438720703,41.64192780631712,40.99183275463141,16021200,1.0079973122085002,0.8638720503971734,0.608814538159049,9.78569756420175
2025-08-26,41.850616455078125,41.519317054748534,40.59855323791504,41.66180291572293,41.02551054680579,17328200,1.0759799622157058,0.9305488219950676,0.6111942450133295,9.725960884519887
2025-08-27,42.14574432373047,41.59881038665772,40.64513069152832,41.70789257362841,41.06944128315578,12046600,0.7509768571506941,0.6528108866481732,0.6092901687025616,9.7945477381813
2025-08-28,41.822059631347656,41.654503440856935,40.69741371154785,41.718765626744535,41.09895572818292,15842800,1.0184074832006926,0.8652670969007612,0.5912019543378072,9.719324362190836
2025-08-29,42.10766220092773,41.718764305114746,40.75878143310547,41.75580339571436,41.138512844761145,14792700,0.9697577981928036,0.8113372543917748,0.5678774825507812,9.78569756420175
2025-09-02,41.69829940795898,41.75922508239746,40.81139976501465,41.75032682545194,41.1604652590042,21123700,1.3515963094830954,1.179198780993484,0.5902499182856367,9.690562848175153
2025-09-03,41.64117813110352,41.8101583480835,40.850509033203124,41.73993171170447,41.17931674418457,21828500,1.3662499307596039,1.2106843049368143,0.6135743415154064,9.677288030468075
2025-09-04,42.06006240844727,41.89726791381836,40.89293693542481,41.7704203494895,41.213855789841936,14480500,0.9158862189815925,0.8051355644678365,0.6226183570126971,9.774635511620682
2025-09-05,42.250465393066406,41.96533699035645,40.94872901916504,41.81613892506825,41.25450714683114,13406700,0.8537377093756279,0.7472531270013171,0.6031020374530176,9.818884608469453
2025-09-08,41.2413330078125,41.973429107666014,40.98471313476563,41.76139550437723,41.25399051392844,30273900,1.8276506576159204,1.6607194931612625,0.6521305475409107,9.584365193042997
2025-09-09,41.47933197021485,41.991993522644044,41.02152229309082,41.734532310647474,41.26282743378282,15595500,0.9339511965510489,0.8610349114584144,0.6464184358283838,9.639675455948353
2025-09-10,41.40317153930664,42.003417778015134,41.03882049560547,41.702974141948346,41.26833112419552,14807800,0.880612845358121,0.8248210774710626,0.6554624239695148,9.62197599451374
2025-09-11,42.0219841003418,42.0238862991333,41.060812606811524,41.73335604274772,41.297886142867924,15510600,0.9191749908737928,0.8675661934111148,0.6468944870488219,9.76578622416562
2025-09-12,41.86014175415039,42.046258735656735,41.081254196166995,41.74543087240512,41.319935382526054,13723500,0.8057709487382655,0.7715691051215187,0.6426104771625312,9.728174536170387
2025-09-15,41.76493835449219,42.028646278381345,41.100541305541995,41.74728872784198,41.3373864794659,15034700,0.8991351743794886,0.8408128112565467,0.6173821120868304,9.706049544483756
2025-09-16,41.64117813110352,41.99770603179932,41.131406173706054,41.737182956724034,41.34929987756934,16173600,0.9572802955130002,0.9104790204097809,0.6302345318256339,9.677288030468075
2025-09-17,42.088623046875,41.962957572937015,41.16634826660156,41.77065344150032,41.37829294303231,14414000,0.8621403798286426,0.8135508883022964,0.6297583610370345,9.78127292047422
2025-09-18,41.57453155517578,41.89679222106933,41.19944030761719,41.75197516661227,41.38598857488106,16507300,1.0007387035495054,0.9391344736248931,0.6211900305069875,9.661799561110493
2025-09-19,41.39365005493164,41.823011016845705,41.22704872131348,41.717848965499826,41.38628902507912,29164200,1.6799668893723123,1.640905091024484,0.6207141023890965,9.619763229387729
2025-09-22,41.08900451660156,41.762081909179685,41.25637077331543,41.65795901798571,41.37463080906039,18507700,1.0680075260319513,1.0432804950284973,0.5902496198186832,9.548964497124794
2025-09-23,41.2698860168457,41.72019309997559,41.29007209777832,41.620999684543804,41.37052317015001,16796400,0.9670919616569491,0.9457065012676872,0.5854896124465594,9.591000828847559
2025-09-24,41.1080436706543,41.683064460754395,41.32662948608399,41.57214673084004,41.360229856444285,21162400,1.2051717416999366,1.184183828949832,0.5740655229962506,9.553389140852325
2025-09-25,41.2698860168457,41.63927154541015,41.36661407470703,41.54335999617391,41.35668696077376,19012200,1.0616634469580104,1.0626272797452583,0.5831098587108545,9.591000828847559
2025-09-26,41.51741409301758,41.624039268493654,41.417261276245114,41.54088895777807,41.36298998556763,12456200,0.7022085445839737,0.7008656925225089,0.5726377638506233,9.648525629927901
2025-09-29,41.174686431884766,41.5773904800415,41.46314834594727,41.50601252674061,41.35560553248203,15854500,0.8911180188284478,0.8973523337669588,0.5821579586147838,9.568876723685417
2025-09-30,41.84109878540039,41.58453044891358,41.49094718933105,41.53792550375583,41.37464448357687,24399100,1.3588676205266752,1.418173871042553,0.5731138681597482,8.928435305671213
2025-10-01,41.72686004638672,41.58881454467773,41.50751235961914,41.555919269720675,41.388456858589024,19921900,1.1154394969578898,1.1628060363022372,0.5597855712880658,8.90405800153022
2025-10-02,41.3174934387207,41.5516860961914,41.51817504882813,41.53321204772068,41.385673979378495,21550100,1.1831863141940795,1.2605002694708953,0.55645375680993,8.816703620814877
2025-10-03,41.57453155517578,41.517889404296874,41.52940879821777,41.53714723890688,41.39308015882152,18016000,0.9767903847738678,1.0567457697028595,0.5602617259887335,8.871552758635836
2025-10-06,39.4515380859375,41.428399658203126,41.498182678222655,41.33851779576694,41.31694125400253,75944200,3.663917593912849,4.164516160872822,0.6021505041339019,8.41852904762683
2025-10-07,39.41345977783203,41.32510604858398,41.4799040222168,41.155178936915995,41.24229492160369,34001300,1.5706522831214227,1.8328383780819886,0.6069107617696492,8.410403550918131
2025-10-08,39.33729934692383,41.22181243896485,41.45343795776367,40.98204754739293,41.16758921279271,35601000,1.5691869702076624,1.8736557818393331,0.5983426068577729,8.394151743485837
2025-10-09,38.87081146240234,41.06425380706787,41.41973663330078,40.78097744406049,41.07751949709113,34868200,1.4740043774313927,1.7943774984664407,0.5969144212334101,8.294608303692549
2025-10-10,38.5899772644043,40.90074558258057,41.3773722076416,40.57231076028371,40.97996882129949,38107700,1.531990318651912,1.9360422286913272,0.6175531980302935,8.23468134093983
2025-10-13,38.493141174316406,40.737155723571775,41.3307861328125,40.37429460923921,40.88244616847661,26453700,1.0396184642640365,1.3363459299030267,0.6310191213412122,8.214017572762078
2025-10-14,39.267845153808594,40.61848907470703,41.29836135864258,40.268918470626765,40.81912848162688,22346100,0.8676678492564905,1.118990647511411,0.6402664271032588,8.379330974243674
2025-10-15,39.10322189331055,40.469219017028806,41.26797554016113,40.157899748977606,40.751838027183105,18233200,0.7027589335510231,0.9099646448701424,0.6238680654466368,8.34420216133405
2025-10-16,39.0838508605957,40.3446849822998,41.243295135498045,40.05560937865552,40.68642676574831,16751200,0.645335148617743,0.8368885643048583,0.6127629903578906,8.340068593683602
2025-10-17,39.267845153808594,40.23839473724365,41.210870361328126,39.98058421438438,40.6307961142997,20523500,0.8040444530981578,1.0202753597597254,0.6188432485789136,8.379330974243674
2025-10-20,39.50993728637695,40.15944137573242,41.17947929382324,39.93576069743129,40.58684086614586,28079200,1.07980705205622,1.3753464668948396,0.6183167005360343,8.4309908016955
2025-10-21,39.02574920654297,40.047234535217285,41.13783340454101,39.849092936394314,40.525621585377124,29881700,1.120920903422853,1.4397053146772016,0.6307648259981711,8.32767033277695
2025-10-22,38.54156112670898,39.91891040802002,41.0851708984375,39.72456609737666,40.44781529288033,31009500,1.1421326106953733,1.4678197228923737,0.6771146887760757,8.2243498638584
2025-10-23,37.185829162597656,39.71470756530762,40.99663520812988,39.482781627397706,40.31989426816337,52663600,1.8264983346394135,2.405504968494424,0.7202062014218708,7.935051411265608
2025-10-24,37.59254455566406,39.51846408843994,40.92023223876953,39.302759049137364,40.21293937747712,27485700,0.9290552473806447,1.236367689670212,0.7282473907878397,8.02184005162706
2025-10-27,37.98958206176758,39.35920886993408,40.837680130004884,39.17769457414977,40.12574889450812,27487200,0.9111918453116659,1.2295240358189814,0.7267688064535296,8.10656353619308
2025-10-28,38.07673645019531,39.170990753173825,40.75401519775391,39.07284141948744,40.04539546531938,30719200,1.0077746987505172,1.3522851881737115,0.7172389042373375,8.125161334560506
2025-10-29,38.938594818115234,39.03157749176025,40.677115249633786,39.06005602888057,40.0019915183702,53730200,1.670059561506094,2.2930041229537266,0.7836125109701271,8.309072534409527
2025-10-30,37.728118896484375,38.852108764648435,40.57372085571289,38.93320487341426,39.91282004300213,47371000,1.4155948824501317,1.9770861512233218,0.8242993706791708,8.050770141090808
2025-10-31,38.48345947265625,38.69755516052246,40.48600456237793,38.89037197810397,39.85676668730229,52181800,1.4836193376769449,2.1069672556765426,0.8562054972602684,8.211951602951752
2025-11-03,38.22199630737305,38.63607807159424,40.40429275512695,38.82671715232007,39.79265804495213,39851100,1.1943158130391411,1.5825951270282472,0.7893489540622088,8.156158207849478
2025-11-04,38.07673645019531,38.5692419052124,40.323674240112304,38.755290418784384,39.725367002020484,33632800,1.008513629243321,1.317224144607969,0.7888060411773232,8.125161334560506
