Price,Open,High,Low,Close,Volume
Ticker,VZ,VZ,VZ,VZ,VZ
Date,,,,,
2015-11-05,26.550769805908203,26.68294869769471,26.493299292777603,26.550769805908203,11646900
2015-11-06,26.43008180318809,26.45306781336961,26.02779702929024,26.30939483642578,14144400
2015-11-09,26.165717672925794,26.171465818758197,25.878371765013934,26.033538818359375,10743200
2015-11-10,26.01630457493298,26.050786880801514,25.74619865965226,25.91860580444336,9996700
2015-11-11,26.068026426728448,26.171471150031,25.93584754523646,26.0450382232666,7904000
2015-11-12,25.87262410500654,25.912852354078886,25.728951160526677,25.7634334564209,11053500
2015-11-13,25.705972784016183,25.855393931034428,25.412880829905,25.41862678527832,12615600
2015-11-16,25.4358598162294,25.901360994794963,25.389885609116657,25.88412094116211,10112500
2015-11-17,25.866879766964274,26.04503503356148,25.820905557946737,25.9071102142334,10657500
2015-11-18,25.907112138745465,26.108253428655498,25.619766186145053,26.079519271850586,13585600
2015-11-19,26.113992339490594,26.361109967455015,26.06226999428234,26.297893524169922,9320900
2015-11-20,26.412836472400638,26.43007871836889,26.045034045117053,26.085262298583984,12229700
2015-11-23,26.039295630288777,26.148486322415756,25.826658009228193,25.85539436340332,10290100
2015-11-24,25.71746371880067,26.05653204323119,25.677235459315327,25.970327377319336,11127400
2015-11-25,25.924357453234826,25.935851556743547,25.797924506915002,25.81516456604004,7013900
2015-11-27,25.769189031428095,26.085269188848354,25.76344307610451,25.993318557739258,4108300
2015-11-30,26.004802647122883,26.228932087129646,25.838141507326785,26.119741439819336,19400000
2015-12-01,26.15422184442539,26.37260533383769,26.050779341309195,26.1944522857666,10580000
2015-12-02,26.11975282833088,26.177221153598392,25.786430403406285,25.81516456604004,12160400
2015-12-03,25.792166105946208,25.889862650215214,25.47608608493909,25.608264923095703,17077700
2015-12-04,25.711719145677566,26.30939711540665,25.6944768962033,26.269168853759766,14158600
2015-12-07,26.125489984194306,26.50478650312064,26.119744030513377,26.470306396484375,13192100
2015-12-08,26.2461740451475,26.430077442184857,26.11399519124197,26.263416290283203,13776100
2015-12-09,26.19445659509103,26.51053668644153,25.93009666766968,26.068023681640625,13467900
2015-12-10,26.131242890110645,26.240433568140787,25.976075805156814,26.0450382232666,10402500
2015-12-11,26.04504409025633,26.06228415059839,25.705975685779606,25.75769805908203,16481900
2015-12-14,25.769179108618964,26.14847558992467,25.677228512916827,26.119741439819336,16723100
2015-12-15,26.159973614627607,26.35536893385484,25.981818349596008,26.177213668823242,16742600
2015-12-16,26.395596045305684,26.763398467386196,26.26341718688771,26.72891616821289,18808300
2015-12-17,26.71743312215295,26.83236977296771,26.453073125361183,26.493301391601562,15508600
2015-12-18,26.378365427656608,26.45882196223239,26.18297004699707,26.18297004699707,31635100
2015-12-21,26.280663879438656,26.389854565991843,26.159979090257355,26.37836265563965,10360600
2015-12-22,26.550770963670857,26.700189919774086,26.349627447356646,26.631227493286133,11181500
2015-12-23,26.72892087399985,27.09672555310995,26.659958455787347,26.981786727905273,12685500
2015-12-24,26.9587917933329,26.99327408996748,26.78063654913371,26.843852996826172,4279900
2015-12-28,26.792133622381336,26.9185665318024,26.757653514194097,26.866844177246094,6254900
2015-12-29,26.99901813635724,27.142691073774387,26.918561642167646,27.131196975708008,7667100
2015-12-30,27.125463228436832,27.125463228436832,26.79214081135219,26.878345489501953,8970700
2015-12-31,26.734672560613564,26.80938313572945,26.55651724834523,26.562265396118164,11490900
2016-01-04,26.246177592720898,26.384104611073045,26.06802450968237,26.361116409301758,17821600
2016-01-05,26.550766011279904,26.751907297800155,26.22319180621801,26.723173141479492,15632800
2016-01-06,26.46429646926553,26.73190587128579,26.342125029872754,26.481748580932617,19082700
2016-01-07,26.24903492759668,26.569002780555817,26.179224284226038,26.336299896240234,19277600
2016-01-08,26.563182289320917,26.609724190961014,26.00469278507985,26.080322265625,16594800
2016-01-11,26.243218118623567,26.31302876151527,25.946519002663262,26.231582641601562,14226200
2016-01-12,26.3188486933784,26.324665322508753,25.90579700943013,26.13850212097168,15123000
2016-01-13,26.24321430826416,26.33629589168498,25.64400175369515,25.684724807739258,19291000
2016-01-14,25.725456460220315,26.28976277740439,25.626555996456855,26.103599548339844,18435000
2016-01-15,25.62073943509427,25.917436388697887,25.516022341059873,25.847625732421875,27993900
2016-01-19,26.027972262260388,26.185045683650493,25.905800840053672,26.103599548339844,20364300
2016-01-20,25.81853195600922,26.045418198959233,25.475293167658112,25.841800689697266,28290200
2016-01-21,26.179225076707684,26.952967683099104,25.84762173660862,26.68535614013672,31354100
2016-01-22,26.999502862025185,27.412552256041153,26.760981162175394,27.366012573242188,23075700
2016-01-25,27.389290687960873,27.796521341113575,27.075139424751118,27.360200881958008,24298800
2016-01-26,27.418378826365576,28.081585582546886,27.371836911217088,28.069950103759766,22620900
2016-01-27,28.093218212335618,28.791331334081026,28.069947257121335,28.523719787597656,33795700
2016-01-28,28.541172855945078,28.7738757401124,28.197934049000963,28.512083053588867,20085200
2016-01-29,28.733155411366468,29.082213099660482,28.634257175522855,29.07057762145996,29082600
2016-02-01,29.053126871915723,29.68142945666493,28.907686705361645,29.530170440673828,28536600
2016-02-02,29.44290602894964,29.45454150793344,28.884416353171513,29.035673141479492,21607000
2016-02-03,29.233475811751696,29.448726654052734,28.750613354998524,29.448726654052734,20309800
2016-02-04,29.303266494712418,29.437071101079933,28.896033829675925,29.338172912597656,19594300
2016-02-05,29.274204054327218,29.78615419328322,29.268387422639243,29.6523494720459,25790300
2016-02-08,29.437081554645314,29.553434103008552,28.954221474912245,29.518529891967773,27058100
2016-02-09,29.122943949214015,29.442911917923876,28.70989213001576,29.175302505493164,22633900
2016-02-10,29.198569976416174,29.27419949202153,28.866966540846363,29.076400756835938,18633100
2016-02-11,28.855329230756208,29.14620957469222,28.66334935776371,28.7331600189209,30521000
2016-02-12,28.82043127291128,29.198574470659757,28.709895297880283,29.152034759521484,20990900
2016-02-16,29.227651596069336,29.26255580945722,28.843689714119638,29.227651596069336,16360000
2016-02-17,29.326553262864955,29.437086983613185,29.134573409013743,29.274194717407227,15228900
2016-02-18,29.157842247378856,29.72796740029166,29.064760635051066,29.634885787963867,19678500
2016-02-19,29.518543437361398,29.710523343901755,29.268386120322983,29.588354110717773,15607000
2016-02-22,29.588339175042496,29.757050251462527,29.53598064164456,29.710508346557617,12456000
2016-02-23,29.65233318802758,29.663968664255126,29.29745893042804,29.45453453063965,11594600
2016-02-24,29.245108905990246,29.594164417414845,29.186931507925603,29.56507682800293,11244900
2016-02-25,29.61162023077133,29.844323176971955,29.541807349594304,29.733789443969727,12358700
2016-02-26,29.757050767068062,29.867584464272195,29.62324389776804,29.681421279907227,13011500
2016-02-29,29.588336234927084,29.890851929028276,29.48943580645172,29.512706756591797,15986300
2016-03-01,29.663972947039422,29.943217759096427,29.65815409846546,29.93739891052246,12003300
2016-03-02,29.93738833925453,30.36789199285147,29.78031277183023,30.32135009765625,14791100
2016-03-03,30.33300312027316,30.379545042394685,30.024670653561532,30.187562942504883,15404500
2016-03-04,30.106109573255328,30.251549716121296,29.96066943038936,30.141016006469727,13957600
2016-03-07,29.978126551463074,30.455170122313646,29.90249926237662,30.37372398376465,14907500
2016-03-08,30.280645139138038,30.68787808842506,30.210834473878872,30.519166946411133,14306500
2016-03-09,30.571517637299422,30.81003938322572,30.25154976631153,30.44934844970703,15466600
2016-03-10,30.571522122725675,30.63551615016049,30.245737574680476,30.43771743774414,15102100
2016-03-11,30.62969407470333,30.70532134891693,30.39117233618571,30.55988121032715,15223900
2016-03-14,30.571522883308365,30.68787546160813,30.38535964572508,30.565706253051758,11729400
2016-03-15,30.391179478230747,30.68205982376831,30.391179478230747,30.641334533691406,11295700
2016-03-16,30.641314219248578,31.05436572269196,30.484240889726077,30.95546531677246,11866400
2016-03-17,30.996205826354707,31.304540471030556,30.943847280597726,31.1998233795166,16401500
2016-03-18,31.304545792040056,31.327814534699957,30.972942352294925,30.972942352294922,23209400
2016-03-21,30.943848547296007,31.176553697795274,30.844950300840328,31.08928871154785,10679000
2016-03-22,31.07763444828527,31.100905393118026,30.891471328102103,30.95546531677246,10852000
2016-03-23,30.908934746590482,30.96710990656093,30.728588199897946,30.780946731567383,9716100
2016-03-24,30.68205604841416,31.19400379571286,30.635514133619385,31.159099578857422,15096400
2016-03-28,31.159098758777994,31.25799699625302,30.949664586194896,31.066017150878906,8527100
2016-03-29,31.130001646888662,31.461607155143657,31.00783248130212,31.44415283203125,10770500
2016-03-30,31.513972239437223,31.630324809202556,31.240546252615474,31.438344955444336,14528300
2016-03-31,31.420887419801097,31.56632756235001,31.36852887971387,31.461612701416016,12428600
2016-04-01,31.019480536273168,31.467436544323185,30.891492471332885,31.420894622802734,13807100
2016-04-04,31.432533668383606,31.659420013427738,31.298728957697097,31.659420013427734,11402700
2016-04-05,31.636139299349633,31.70013331486531,31.385982085555828,31.46742820739746,12979100
2016-04-06,31.523280147811143,31.523280147811143,31.235209647267904,31.46449089050293,12993600
2016-04-07,30.876589967911478,30.982412427328267,30.435663801230334,30.570880889892578,23076300
2016-04-08,30.68846652353449,30.911869778080824,30.600280379125806,30.676708221435547,12197900
2016-04-11,30.782522725916806,30.80603932402461,30.27692707993021,30.341596603393555,14975900
2016-04-12,30.370994748079124,30.682581859772082,30.341600118372213,30.541486740112305,12335000
2016-04-13,30.612035420063844,30.623793720910154,29.888916738015084,30.153472900390625,19752900
2016-04-14,30.147585033561473,30.306318690997074,30.124070680459393,30.194618225097656,10083300
2016-04-15,30.147598281358082,30.2710593420602,30.04177579656598,30.188751220703125,11862000
2016-04-18,30.1887461938856,30.51209386727934,30.08880399859417,30.41214942932129,14322900
2016-04-19,30.45329454738694,30.67081745512559,30.447416519682022,30.617908477783203,11393400
2016-04-20,30.65906400778663,30.700216933219934,30.370991287087257,30.42390251159668,15412500
2016-04-21,29.72430720799978,29.79485477562423,29.083494341855268,29.412717819213867,32172200
2016-04-22,29.483268346062026,29.76546086608494,29.424476836057174,29.718427658081055,17823300
2016-04-25,29.706665613711806,29.953585439292283,29.55969022121544,29.841882705688477,12439500
2016-04-26,29.971220654873246,29.982978954955943,29.559689122644485,29.65375328063965,10064300
2016-04-27,29.665505699554185,30.459173977793927,29.665505699554185,30.38862419128418,17012400
2016-04-28,30.15935509642663,30.312210785881284,29.935951834813533,29.99474334716797,13055600
2016-04-29,29.9535864943344,30.012375756337047,29.77133619385964,29.94770622253418,13684800
2016-05-02,30.112317082570804,30.247534165343286,30.006494627763406,30.171106338500977,11103800
2016-05-03,30.04764915384748,30.171107943468108,29.60672298291683,29.794851303100586,12900700
2016-05-04,29.677267303154643,29.977098322555264,29.512655601627234,29.888912200927734,9033800
2016-05-05,29.977098322555264,30.006492948875696,29.765453424782173,29.888912200927734,10788800
2016-05-06,29.930067140229824,30.065284224535226,29.753697127773492,30.053525924682617,9782300
2016-05-09,30.112323726311292,30.235782536603423,29.988862673352305,30.030017852783203,8719800
2016-05-10,30.20637949961625,30.306321677480252,30.141709976214262,30.300443649291992,7903500
2016-05-11,30.265175268849248,30.394514343502465,30.030015965358604,30.071168899536133,8508900
2016-05-12,30.112319117463787,30.335720099228244,30.03589128545673,30.259294509887695,9917100
2016-05-13,30.22402068781313,30.271053891548522,29.894794989665158,29.94770622253418,9561300
2016-05-16,29.8477679801907,30.176993721925403,29.771340135335578,30.118202209472656,7903400
2016-05-17,30.10055670482393,30.18874058263131,29.788967390439154,29.92418670654297,10466800
2016-05-18,29.93594238393747,30.00061190577753,29.430348993308108,29.62435531616211,10443100
2016-05-19,29.39507611216332,29.406834411728145,28.877722144642675,29.177553176879883,16022400
2016-05-20,29.277494373856335,29.277494373856335,29.08348804423177,29.195188522338867,15345800
2016-05-23,29.195187725525997,29.265735275948934,28.83656745998793,28.88947868347168,13263100
2016-05-24,29.01881997243273,29.17167338394838,28.924755817038555,29.14815902709961,11827300
2016-05-25,29.17756127130445,29.400962297012935,29.04234415279659,29.30689811706543,9490400
2016-05-26,29.30688928201208,29.559687109910914,29.27161662683214,29.489139556884766,11044000
2016-05-27,29.62436730045252,29.90068182639853,29.500908477540634,29.759584426879883,10649500
2016-05-31,29.91242840763541,30.077040107008816,29.741936437475125,29.92418670654297,15834500
2016-06-01,29.906548778320747,29.971218302366328,29.52441414762654,29.647872924804688,10670800
2016-06-02,29.67138545425078,29.84775543212891,29.465618611171337,29.847755432128906,8721100
2016-06-03,29.847752116311433,29.982969159085464,29.75368798904838,29.935935974121094,9500700
2016-06-06,30.01825929534373,30.035895627330756,29.777219706631417,29.81249237060547,10075600
2016-06-07,29.74781489205026,30.564999857843898,29.74781489205026,30.42390251159668,15210900
2016-06-08,30.28281601608434,30.39451877599895,30.1240845283467,30.2886962890625,10546200
2016-06-09,30.35923644766306,30.57088136981922,30.200502756045946,30.541486740112305,9790700
2016-06-10,30.488568729763188,31.058833838465446,30.406262887819768,30.964767456054688,15629000
2016-06-13,30.864820519835046,31.05882903958209,30.70608688804173,30.905973434448242,12394200
2016-06-14,30.78840958531997,31.217577531889933,30.75901495058691,31.152910232543945,10735900
2016-06-15,31.141134604285885,31.282229669571006,31.01767361882937,31.064706802368164,10289000
2016-06-16,31.064731247734922,31.440988041465634,30.90599749237964,31.429229736328125,11914500
2016-06-17,31.411581156897952,31.617345809936523,31.16466133058515,31.617345809936523,18836300
2016-06-20,31.74668245149087,31.85838293423808,31.411578760582884,31.6055850982666,14344300
2016-06-21,31.682016438886503,32.03475873974027,31.417460273912827,31.80547523498535,11893000
2016-06-22,31.88190879098033,31.981853245756824,31.740813639453155,31.764328002929688,12959200
2016-06-23,31.981847766028338,32.146459495494675,31.864266998123835,32.14057922363281,12329900
2016-06-24,32.022999709908824,32.46392589394024,31.82311308344125,31.999483108520508,43842700
2016-06-27,31.78196270735795,32.25816158908784,31.676140235269813,32.18173599243164,22570200
2016-06-28,32.19348867909906,32.328708012454754,31.946571098536133,32.228763580322266,17780600
2016-06-29,32.228756641540315,32.51094906257102,32.228756641540315,32.36985397338867,18184100
2016-06-30,32.49331884327303,32.875453504063614,32.21112636921237,32.82842254638672,22143300
2016-07-01,32.83430927940992,33.09298746454045,32.681455823105814,33.05771255493164,16092300
2016-07-05,33.11061485264013,33.4809934541342,33.11061485264013,33.234073638916016,20703200
2016-07-06,33.379560784434915,33.45082282035515,32.928245883476414,33.40925216674805,15761500
2016-07-07,33.31425312529456,33.338007147778825,32.72041615503756,32.88669204711914,13574100
2016-07-08,32.89261472914793,33.2726698579178,32.6669561469506,33.195472717285156,15946200
2016-07-11,33.106400366969375,33.254859561440085,32.9044957718769,33.21329116821289,12434700
2016-07-12,33.106398073106845,33.23110324414792,32.88073947886059,32.94012451171875,14897600
2016-07-13,33.00543820397018,33.2786024870984,32.880730800536185,33.25484848022461,11405600
2016-07-14,33.02920623727879,33.314247664441325,33.02920623727879,33.15985107421875,11098500
2016-07-15,33.28455627385713,33.30237292045396,33.01732922798353,33.15985107421875,13949700
2016-07-18,33.177660146029204,33.254859561440085,33.11233773801289,33.21329116821289,9623300
2016-07-19,33.23110248390144,33.25485649650127,32.98762951802149,33.07670593261719,10270100
2016-07-20,33.005445945732866,33.05888907577435,32.845109759686494,33.029197692871094,12008700
2016-07-21,32.97575108567058,33.05888786086738,32.80354016503746,32.8807373046875,9802100
2016-07-22,32.92231112228889,33.37362835537643,32.892619735579665,33.31424331665039,10973200
2016-07-25,33.314244090031174,33.314244090031174,33.041079701472725,33.17766189575195,10848700
2016-07-26,33.165787304896654,33.40332295201186,32.47693664663192,32.54819869995117,18753900
2016-07-27,32.63132477225311,32.922303465763115,32.32846680845298,32.851043701171875,17074600
2016-07-28,32.77979309930435,32.78573047080197,32.44724366274473,32.57788848876953,10672300
2016-07-29,32.65507731236674,33.088577780853804,32.64320030791829,32.90448760986328,15508900
2016-08-01,33.00544615822669,33.14796570320282,32.28690200162076,32.36410140991211,17434600
2016-08-02,32.33440374539943,32.41754050803623,31.900903293574057,32.067176818847656,18428200
2016-08-03,32.162193777817606,32.18594778815928,31.847461069365295,32.00779724121094,10429400
2016-08-04,32.06718408287336,32.15032086434274,31.966232924034088,32.02561569213867,11309800
2016-08-05,32.03156517249421,32.06125883307971,31.669326525618565,31.85341453552246,13460100
2016-08-08,31.853398961326544,31.912783988153965,31.71087942755503,31.823707580566406,9830400
2016-08-09,31.82965294102329,31.936543750839068,31.669318991607334,31.865283966064453,7906200
2016-08-10,31.960300241241914,32.05531405006465,31.82371803264097,31.954362869262695,8875700
2016-08-11,31.95436508021207,32.061255905697,31.91279667755771,31.98405647277832,7824800
2016-08-12,32.043430517958214,32.055307524806835,31.782143163210957,31.859342575073242,7655000
2016-08-15,31.86528747607906,31.978115669842726,31.788088045973417,31.835596084594727,8250900
2016-08-16,31.770273732012594,31.77621110419896,31.313019053191532,31.330833435058594,13933100
2016-08-17,31.413968725200956,31.574302673339844,31.105173306560243,31.574302673339844,12930100
2016-08-18,31.443654799273062,31.508977200968378,31.1883048282681,31.396146774291992,11204900
2016-08-19,31.40802540737598,31.41990241423644,30.974524850852646,31.146738052368164,11991000
2016-08-22,31.223932362689627,31.289252491788478,30.980457159792294,31.20611572265625,8183900
2016-08-23,31.27144215412572,31.366455940443885,31.15267435490117,31.25362777709961,7775100
2016-08-24,31.206117575693522,31.307070990853802,30.98045899942983,31.19424057006836,8900700
2016-08-25,31.194249119042414,31.348647969176273,31.075483560856757,31.324893951416016,8680100
2016-08-26,31.259560619886344,31.479279544176823,30.820122771305385,30.92107391357422,15105300
2016-08-29,31.093296769513035,31.28926174537905,30.97452895049632,31.176433563232422,11960400
2016-08-30,31.223942379690097,31.229879751401292,30.897330302879617,31.039852142333984,9161900
2016-08-31,31.010145679744316,31.15266518461499,30.927008924351973,31.075468063354492,10390500
2016-09-01,30.96265209534142,31.301138908764685,30.903269318192958,31.212064743041992,9988800
2016-09-02,31.354582042109698,31.55648664121363,31.188308465897364,31.402090072631836,13275300
2016-09-06,31.526779563890305,31.972156934486623,31.372383072151752,31.77618980407715,17235600
2016-09-07,31.77025717210684,31.94247032475077,31.639612399024305,31.894962310791016,10612300
2016-09-08,31.829648971557617,31.995924802372464,31.72869781115881,31.829648971557617,9005300
2016-09-09,31.550555959101622,31.615878382264814,30.742937391462252,30.772628784179688,18258500
2016-09-12,30.73104878415141,31.37833086847819,30.707294772818432,31.217994689941406,15678600
2016-09-13,30.909209165773426,30.950777566168743,30.374757332701666,30.552907943725586,17602400
2016-09-14,30.636035290435665,30.79637147047087,30.463822104622974,30.57665252685547,11941800
2016-09-15,30.576656971657247,30.93889550664513,30.356935730794653,30.86763572692871,13007400
2016-09-16,30.814185890141005,30.861693913318252,30.653849709878635,30.80824851989746,19932300
2016-09-19,30.81419803779186,30.85576644180554,30.297560541258903,30.404451370239258,14578500
2016-09-20,30.641981298950427,30.76074912489988,30.36287951307325,30.446016311645508,14006300
2016-09-21,30.50540390859389,30.885459199394397,30.43414410789585,30.802322387695312,14434700
2016-09-22,30.968581515524164,31.17048606265028,30.87950511388056,31.08734703063965,12751900
2016-09-23,31.057665897963602,31.366461322812636,30.96859173224091,31.212064743041992,13014800
2016-09-26,31.146730776648642,31.212053166468472,30.891380852065797,30.96858024597168,10559000
2016-09-27,31.063597573824694,31.271439505885922,30.87950738735106,31.170488357543945,8259000
2016-09-28,31.06359741399655,31.14079455104658,30.766679075261262,30.915138244628906,13279100
2016-09-29,30.784497763698152,31.12298453605494,30.742929371675913,30.95077133178711,10804700
2016-09-30,31.134862732499734,31.217999519720152,30.855758719424713,30.86763572692871,13077600
2016-10-03,30.78449450830884,30.962645064609063,30.64197270408432,30.80824851989746,9120300
2016-10-04,30.74293104631648,30.843882213781693,30.285676443856637,30.440073013305664,13753300
2016-10-05,30.444875965856095,30.52295579425269,30.048474031819385,30.1926212310791,17190900
2016-10-06,30.222656183439316,30.342778487322526,30.012443870000485,30.18661880493164,11724000
2016-10-07,30.306741879647902,30.354791718880254,29.982412338256832,29.982412338256836,13816800
2016-10-10,30.168594310442465,30.210636763443702,29.80822977296276,30.144569396972656,10687700
2016-10-11,30.090517948099695,30.156585322169484,29.820245659475454,29.97039794921875,11737900
2016-10-12,30.006432749839842,30.318749784501698,29.99442029183645,30.21063995361328,8880100
2016-10-13,30.16860015028523,30.276709990684715,29.922350467406908,30.20463752746582,11156900
2016-10-14,30.234653388157184,30.39681807290856,30.192610946681782,30.19861602783203,8853200
2016-10-17,30.156584433002507,30.384816548202686,30.060487062045915,30.288719177246094,10724600
2016-10-18,30.396828426864197,30.396828426864197,30.06048648935286,30.1926212310791,10873900
2016-10-19,30.30073042794478,30.40884025235703,30.24066814152578,30.25868797302246,10364900
2016-10-20,29.75417391179767,29.772191450752963,29.369784473139514,29.51392936706543,27098200
2016-10-21,29.303713572340076,29.38179109248496,28.799201922201455,28.94935417175293,24785000
2016-10-24,29.255668777981178,29.38780351344854,28.907316690578906,28.955364227294922,19414700
2016-10-25,28.955365682591687,29.00341551286458,28.703110947085015,28.73314094543457,16441200
2016-10-26,28.673084897242063,28.859272287333958,28.576987514604927,28.607017517089844,15049200
2016-10-27,28.673085164849436,29.25567455014965,28.607017784080607,29.15357208251953,22330700
2016-10-28,29.165578787460436,29.29170614887461,28.889296859561238,28.955364227294922,10660100
2016-10-31,28.973394250425848,29.00942934285363,28.859277014690676,28.889307022094727,12459400
2016-11-01,29.02144211324919,29.057479497203627,28.546960201324705,28.62504005432129,13229400
2016-11-02,28.679088796467852,28.679088796467852,28.144546984435816,28.192594528198242,16488200
2016-11-03,28.216618216830742,28.390795424061444,28.102503300615176,28.150550842285156,12605100
2016-11-04,28.210616425118243,28.396803821135528,28.16256658669933,28.276683807373047,14410200
2016-11-07,28.462865153922536,28.510914982128988,28.192590598116027,28.504907608032227,14705200
2016-11-08,28.56496746282276,28.73914234739659,28.510912556260752,28.619022369384766,9482400
2016-11-09,28.23462866976383,28.87728242099455,27.910301544278642,28.745147705078125,20871900
2016-11-10,28.74515040167806,28.757162857992046,27.844236798405117,28.042436599731445,24311700
2016-11-11,28.04844397345932,28.168566245457402,27.934326784047347,28.042436599731445,16425500
2016-11-14,28.054451865949396,28.138536777427376,27.634025017417496,27.736129760742188,21820200
2016-11-15,27.93433475661369,28.45085906982422,27.856257205001814,28.45085906982422,18672200
2016-11-16,28.522926128771147,28.817223294018273,28.42082139409432,28.787193298339844,17328400
2016-11-17,28.799208316488798,28.93134076745524,28.71512340465324,28.73314094543457,12436300
2016-11-18,28.739145928517935,28.94936049851643,28.570976105432738,28.871280670166016,12820600
2016-11-21,28.865270564802763,29.04545281406503,28.78118337674821,29.015422821044922,10773300
2016-11-22,29.117531273009085,29.796220253002033,29.05146390002631,29.72414779663086,22030000
2016-11-23,29.610038954740958,30.420862909700606,29.604033869656543,30.16860580444336,21456700
2016-11-25,30.16259474320977,30.51094688765461,30.132562450309848,30.4328670501709,8087100
2016-11-28,30.31274378822611,30.751188182007006,30.300731330584465,30.70313835144043,15982400
2016-11-29,30.649079040719517,30.72115377622957,30.492921696064467,30.607036590576172,11532800
2016-11-30,30.36079252786605,30.468902359772592,29.97039794921875,29.97039794921875,20698900
2016-12-01,29.910321529918313,30.02443868254873,29.616024464077938,29.952363967895508,12982800
2016-12-02,30.030454777611425,30.22264950489679,29.790210222933784,29.916339874267578,10650700
2016-12-05,29.874295439395787,30.078502609984756,29.874295439395787,29.880300521850586,13074700
2016-12-06,30.120544327877667,30.402829019220732,29.886304877287678,30.246671676635742,13581500
2016-12-07,30.462900525198478,30.88933252367493,30.294728384773542,30.859302520751953,16280600
2016-12-08,30.76920267605543,30.79923267161488,30.619050407116365,30.709142684936523,11502900
2016-12-09,30.685122769460843,31.009452273064074,30.583018018559603,30.92536735534668,10101500
2016-12-12,30.955390077571565,31.48993174978694,30.919352710819133,31.087522506713867,16186400
2016-12-13,31.279727120558604,31.453902041080767,31.267714662049805,31.44789695739746,12211500
2016-12-14,31.507959189296006,31.628081491745483,30.87731996536419,31.00945472717285,19920400
2016-12-15,30.853286170694517,31.309750330457298,30.781213726415753,31.117555618286133,13963600
2016-12-16,31.267711517501592,31.399843965525672,31.14758923563628,31.39383888244629,21262500
2016-12-19,31.51996097679417,31.91035775479092,31.285723826452756,31.778223037719727,13407000
2016-12-20,31.79023349203354,32.10855551824167,31.79023349203354,31.904348373413086,10366900
2016-12-21,31.886323365230503,32.09053046220706,31.814250946044922,31.814250946044922,9656700
2016-12-22,31.74218250954111,32.27672640664739,31.664104994633462,32.22267150878906,11101500
2016-12-23,32.2226822265012,32.28274222581331,32.09655256211839,32.240699768066406,7201200
2016-12-27,32.24670098604652,32.33078818260268,32.09654871462327,32.216670989990234,6255400
2016-12-28,32.21066718493209,32.33078946506394,32.05450753341812,32.09654998779297,6849500
2016-12-29,32.186641118777366,32.372830760875445,32.138591291987474,32.2767333984375,7150800
2016-12-30,32.16262646460076,32.21668139141089,31.934394296831073,32.060523986816406,12440800
2017-01-03,32.408870660415076,32.83530262646581,32.27073082455958,32.78125,22891700
2017-01-04,32.76322628025236,32.91938593088129,32.631093834883934,32.745208740234375,18316100
2017-01-05,32.901368544893295,32.93140083534444,32.613076427470574,32.817283630371094,13840600
2017-01-06,32.5793229113682,32.6460966309016,32.233315742547305,32.330440521240234,15615000
2017-01-09,32.306163876806814,32.33651493860959,31.972295250063535,31.97836685180664,14097200
2017-01-10,31.984439808167906,32.26974491625581,31.577730438937607,32.02693176269531,11787400
2017-01-11,31.941944811629895,32.02085942636725,31.711274884917053,31.844820022583008,16142800
2017-01-12,31.82660922715518,32.105842700760846,31.729484440003752,31.97836685180664,11052100
2017-01-13,32.00265433882995,32.111920033330016,31.81447401704917,31.899457931518555,9458700
2017-01-17,31.899448503363743,32.105838941348075,31.869097445114907,32.01478576660156,11383500
2017-01-18,31.8812466347494,32.075496236897436,31.693066319576896,31.717348098754883,12930900
2017-01-19,31.89946127551751,31.954094128494667,31.674860575783967,31.78412628173828,13286100
2017-01-20,31.929802075604886,32.2940217501797,31.90552261647656,32.002647399902344,15473700
2017-01-23,31.844813718129537,31.990502030676147,31.67484594985613,31.814462661743164,15695500
2017-01-24,30.50934415315671,30.83107181098087,30.22404146533748,30.424360275268555,43484700
2017-01-25,30.048017415162075,30.315110069667107,29.64737727558544,30.211915969848633,30398600
2017-01-26,29.592728831167257,30.029791413369864,29.447040531887403,29.81732940673828,37877100
2017-01-27,29.956957416326535,30.187629679095828,29.908396175323325,30.108715057373047,18369300
2017-01-30,30.041938645604034,30.25439838148996,29.85375836836404,29.969093322753906,12148700
2017-01-31,29.871976886939418,30.029806148238514,29.70200905074479,29.75057029724121,16844200
2017-02-01,29.950886001091057,29.969096175718416,29.289222640524176,29.37420654296875,26004100
2017-02-02,29.465267156323666,29.49561822451102,29.076767925994172,29.307437896728516,17787200
2017-02-03,29.410633102926273,29.51382719366495,29.337790079132027,29.489547729492188,15166400
2017-02-06,29.544173127635382,29.544173127635382,29.101041143449567,29.15567398071289,16151400
2017-02-07,29.216381729560972,29.23459190549922,29.01606053168892,29.1617488861084,12771900
2017-02-08,29.228521126130403,29.483472838797667,29.198167746932924,29.3620662689209,13962800
2017-02-09,29.362061241546474,29.720209287760053,29.362061241546474,29.6291561126709,13577300
2017-02-10,29.708067623442354,29.8173332831983,29.556310019963238,29.732349395751953,12317400
2017-02-13,29.301362841796266,29.51382259292618,29.186027879131114,29.471330642700195,18305300
2017-02-14,29.325642858553287,29.422767641191456,29.131393293276947,29.301361083984375,20847200
2017-02-15,29.137463975390446,29.19816609908414,29.016057412365466,29.18602752685547,19297100
2017-02-16,29.15566947557738,29.45311539152469,29.0706855897745,29.41669273376465,18706900
2017-02-17,29.325645658626936,29.926604584944705,29.216379978271398,29.859830856323242,23190700
2017-02-21,30.05408110615657,30.163346788933477,29.884113295453712,30.00551986694336,19206000
2017-02-22,30.0480147867717,30.16942137024989,30.035873896860085,30.151208877563477,13653400
2017-02-23,30.339380310387586,30.65503640871019,30.151200045338353,30.539701461791992,16212000
2017-02-24,30.521488747544666,30.928200332688935,30.521488747544666,30.71573829650879,14357900
2017-02-27,30.64897602825895,30.685396382268927,30.23012343204049,30.315107345581055,14029500
2017-02-28,30.327249136738313,30.369741094771385,29.993382759776445,30.126930236816406,17699200
2017-03-01,30.08443316709765,30.339384871976904,29.969095887200957,30.236190795898438,16095600
2017-03-02,30.163342782137235,30.36366394583083,30.108709948006023,30.33938217163086,10773400
2017-03-03,30.339382817264827,30.43650760049412,30.230117146677184,30.406156539916992,11071600
2017-03-06,30.369735717773438,30.442581046336812,30.25440075433787,30.369735717773438,10827300
2017-03-07,30.351532773026506,30.387955445983884,29.963033524033875,30.011594772338867,12896900
2017-03-08,29.92660147887623,29.94481396747035,29.683790682116683,29.841617584228516,14206500
2017-03-09,29.884113885998776,30.017661348840218,29.793060692310533,29.914464950561523,10590000
2017-03-10,30.048012372605726,30.0601532615419,29.805199225157835,29.95695686340332,11181600
2017-03-13,29.944812709264895,30.06621694472484,29.82340615816759,30.029796600341797,10488800
2017-03-14,30.011591103819214,30.126928396266695,29.896256127009632,29.963029861450195,8496600
2017-03-15,29.90232070298286,30.503281902631638,29.90232070298286,30.436508178710938,12660800
2017-03-16,30.363662107409517,30.50327882714985,30.260465731126573,30.375802993774414,10861200
2017-03-17,30.466854110820943,30.612542421724957,30.36366005714334,30.588260650634766,21071300
2017-03-20,30.606476723349612,30.721814000451335,30.43650892421561,30.49721336364746,9456000
2017-03-21,30.64289609947678,30.73395159103685,30.42436477224249,30.448646545410156,15196500
2017-03-22,30.430433854800725,30.5214870231875,29.99337123650531,30.175479888916016,14950400
2017-03-23,30.19976168900411,30.278676287524632,29.99944055021443,30.13298797607422,9644900
2017-03-24,30.16941894985068,30.24833357012612,30.048012376112563,30.157278060913086,9310700
2017-03-27,30.157278180580235,30.205839420885503,29.6959336616723,29.82948112487793,13270900
2017-03-28,29.750565811869627,29.956956288548497,29.54417533519076,29.926605224609375,12856300
2017-03-29,29.91446513578033,29.96909797858666,29.762707496389176,29.82341194152832,11160800
2017-03-30,29.744491646505246,29.89017997140939,29.683789528583652,29.780914306640625,11623000
2017-03-31,29.805198869981375,29.805198869981375,29.59273910522461,29.59273910522461,19299100
2017-04-03,29.5805918014531,29.896247894664093,29.49560791398038,29.853755950927734,14307400
2017-04-04,29.80520194237231,29.938749417207386,29.671656783175234,29.932680130004883,8952800
2017-04-05,30.00551808059337,30.078361092895417,29.75056406407978,29.756635665893555,14327600
2017-04-06,29.80455420106726,29.85369486866841,29.589557043417496,29.749269485473633,18456100
2017-04-07,29.77997168634903,30.050251116405754,29.64483079968723,29.890541076660156,17269600
2017-04-10,29.92741056102055,30.02569424335281,29.761556407722146,29.81684112548828,10859400
2017-04-11,29.798405709367817,29.945832376721636,29.669408839975343,29.915119171142578,13096200
2017-04-12,29.81069423741428,30.062546295852883,29.693983108034107,30.050260543823242,10455800
2017-04-13,29.976551492161285,30.050263668736815,29.835268844029912,29.865982055664062,9487000
2017-04-17,29.902834598890205,30.160828347844088,29.902834598890205,29.982690811157227,10507100
2017-04-18,29.865969799125438,30.400389303967,29.81682914933094,30.234535217285156,19691300
2017-04-19,30.369678688327525,30.43724914311496,30.031828757657618,30.062541961669922,18837300
2017-04-20,29.43597972404886,29.865971565702516,29.30698287453287,29.736974716186523,30398200
2017-04-21,29.43597605777165,29.589544386144667,28.950701920995638,29.0244140625,31278300
2017-04-24,28.950706642270806,29.091989246222308,28.846278943448407,28.90156364440918,23161900
2017-04-25,28.8462831081387,29.036708737444584,28.612860864396914,28.686573028564453,30033500
2017-04-26,28.717284239243373,29.19641678793495,28.63742803337235,29.091991424560547,29343800
2017-04-27,29.09198671492202,29.110414165883196,28.661994894114933,28.668136596679688,16838500
2017-04-28,28.649709406464645,28.649709406464645,28.189004382107,28.201290130615234,25922800
2017-05-01,28.293434545793826,28.348719247279604,28.182865142822266,28.182865142822266,14455200
2017-05-02,28.25657482726883,28.31800122654308,28.109148188436937,28.201290130615234,13397800
2017-05-03,28.268860542264445,28.41014313504127,28.152149446474965,28.348716735839844,19568100
2017-05-04,28.367146700019152,28.367146700019152,28.109150645329805,28.182865142822266,20767700
2017-05-05,28.305733996438473,28.705010506419036,28.256590974323057,28.680438995361328,17133000
2017-05-08,28.698860380360752,28.7111461322851,28.43472257215616,28.64357566833496,15561700
2017-05-09,28.575998982452752,28.61899793319191,28.35486018249877,28.514570236206055,14349000
2017-05-10,28.50228551980265,28.643568114773853,28.447000822355925,28.489999771118164,12669600
2017-05-11,28.44700545536449,28.483860364153355,28.244294083956344,28.26886558532715,12435800
2017-05-12,28.3302904916655,28.35486199173201,28.139867224318103,28.158294677734375,14470900
2017-05-15,28.201286982826808,28.219714431898847,27.795866700375203,27.875722885131836,20379700
2017-05-16,27.85116442669122,28.041590081542818,27.795879710332223,27.83273696899414,14813500
2017-05-17,27.832725880914722,27.832725880914722,27.310592135918256,27.322877883911133,21333500
2017-05-18,27.33516950925411,27.82044611461155,27.316742054936118,27.66687774658203,15648700
2017-05-19,27.740592798602776,27.91258863887791,27.494882446837522,27.90030288696289,12787800
2017-05-22,27.881873875694264,27.986301589514003,27.814303415563987,27.937158584594727,9290100
2017-05-23,27.937158584594727,27.99858734074382,27.8880179229429,27.937158584594727,8066300
2017-05-24,27.918729776419745,27.94330127768863,27.5501642871885,27.66687774658203,15846000
2017-05-25,27.673024524726927,27.875735932465833,27.648453018952313,27.83273696899414,11206400
2017-05-26,27.7958777637827,27.912588893137162,27.78973605940303,27.838876724243164,5999900
2017-05-30,27.802014159549103,28.459288879515903,27.802014159549103,28.379432678222656,16442300
2017-05-31,28.520709058252038,28.840131450424245,28.41628138039447,28.64970588684082,22811100
2017-06-01,28.692715631346648,28.692715631346648,28.318008408250524,28.569860458374023,14219400
2017-06-02,28.643574658327985,28.987566327009922,28.453149025116556,28.5268611907959,18552800
2017-06-05,28.3610067529066,28.5145751299787,28.268867132623825,28.483861923217773,8538200
2017-06-06,28.483862232210658,28.75414407848075,28.404008362419493,28.5268611907959,11610500
2017-06-07,28.57601218009433,28.68658163113709,28.477728483975007,28.5637264251709,8648100
2017-06-08,28.56372239722884,28.60057965680168,28.25658559725864,28.3732967376709,11717800
2017-06-09,28.361002196516825,28.73570935129626,28.262718544711326,28.698854446411133,11698800
2017-06-12,28.698847708858924,29.17798010601771,28.698847708858924,28.9875545501709,18929100
2017-06-13,29.055130434746744,29.06127448078247,28.502285798147522,28.539140701293945,15194600
2017-06-14,28.64358407204303,28.735723723607038,28.508443104493903,28.680438995361328,9817600
2017-06-15,28.61285098911068,28.76641931169732,28.563708001114968,28.64970588684082,10984100
2017-06-16,28.784858300563627,28.870856220766502,28.459294076004863,28.64357566833496,22573900
2017-06-19,28.64357149906545,28.64357149906545,28.434718433286655,28.606714248657227,9773500
2017-06-20,28.502292255133824,28.508433959293924,28.09687182580923,28.219724655151367,16756100
2017-06-21,28.225867566734046,28.268866523926963,27.69759198605828,27.8941593170166,15027200
2017-06-22,27.93101843838423,28.004730606606774,27.7528785505178,27.90030288696289,10511300
2017-06-23,27.906434132939136,27.92486158072459,27.82657795375799,27.88186264038086,10069700
2017-06-26,27.91873429683858,28.24429853992884,27.91873429683858,28.103015899658203,10105500
2017-06-27,27.623877811102805,27.734447219623252,27.52559415278099,27.544021606445312,20187200
2017-06-28,27.630019514568495,27.783587877150534,27.445737948123497,27.544021606445312,18703600
2017-06-29,27.519446765304544,27.580875508840524,27.267594774974448,27.27988052368164,17913000
2017-06-30,27.40888110543822,27.488737311284165,27.249171037013618,27.433452606201172,13368900
2017-07-03,27.402737211674037,27.691446464394943,27.34130846467645,27.642303466796875,9732000
2017-07-05,27.673018921798093,27.67916296863165,27.298311736039025,27.427310943603516,14853400
2017-07-06,27.363832894331477,27.438511780581926,27.083784103393555,27.083784103393555,16854300
2017-07-07,27.090007302246132,27.13357018524913,26.890862015946986,27.05889129638672,12198500
2017-07-10,27.05888359300008,27.077552716401005,26.87218523699562,26.884632110595703,12272500
2017-07-11,26.89085667250857,26.89708129684301,26.635701676764278,26.69171142578125,13249500
2017-07-12,26.785071373787172,26.99666357082357,26.760177615547725,26.897090911865234,11388900
2017-07-13,26.853522818936263,27.09623097974628,26.785066184041337,27.065114974975586,12140500
2017-07-14,27.152247432013635,27.27048922889306,27.015334128469352,27.108684539794922,11986800
2017-07-17,27.15225028370893,27.295385855174754,27.108687386914976,27.17091941833496,10804200
2017-07-18,27.170909367213483,27.25181287733132,26.921976585619642,26.984210968017578,15417100
2017-07-19,26.977989685208936,27.096233839415362,26.88464166104513,27.040224075317383,13940800
2017-07-20,27.071338718882874,27.74345585418161,27.05889184148855,27.51941680908203,19309100
2017-07-21,27.525642395019535,27.575429910627694,27.270487312526225,27.52564239501953,11426600
2017-07-24,27.475852911764377,27.51319116857102,27.18335723878418,27.2020263671875,11895200
2017-07-25,27.320265306041,27.488292177656625,27.26425555750293,27.37005043029785,9818800
2017-07-26,27.88036388719986,27.89903538836865,27.55675223026107,27.631433486938477,19045200
2017-07-27,28.788963588705787,29.7722454052801,28.596042949908682,29.753576278686523,44702500
2017-07-28,29.6851206127018,30.108304905216542,29.324168326851456,29.8344783782959,25296500
2017-07-31,29.778471055331106,30.226549136715096,29.54820976306392,30.12075424194336,28456800
2017-08-01,30.29500676596185,30.88622039292355,30.201656371284002,30.425695419311523,33498200
2017-08-02,30.4319112845094,30.45058040847094,29.809581829807765,30.00250244140625,19233400
2017-08-03,29.92783028168472,30.251441955566406,29.834479892949982,30.251441955566406,15190100
2017-08-04,30.214109404860448,30.438148498535153,29.958954297953067,30.438148498535156,13841700
2017-08-07,30.36346340644235,30.469258304681233,30.295006766876412,30.407026290893555,10448700
2017-08-08,30.338570581870076,30.46303698726221,30.139425282842357,30.245220184326172,10901200
2017-08-09,30.195432152584726,30.270111039062957,29.92160798616521,30.00873374938965,18887100
2017-08-10,29.98384044848045,30.002509576882055,29.784695165533222,29.884267807006836,13005200
2017-08-11,29.996290201604513,30.014959331796202,29.68512537041359,29.909164428710938,10420500
2017-08-14,29.97761542967086,30.369683738953377,29.9651709268991,30.357236862182617,11064600
2017-08-15,30.220327365345973,30.23899649436727,29.990063695420787,30.17053985595703,11164800
2017-08-16,30.102082259281588,30.201654900890578,30.008734243147618,30.126976013183594,9447000
2017-08-17,30.10208171951947,30.151869226430744,29.803363800048828,29.803363800048828,10638000
2017-08-18,29.77846475775897,29.840699130344863,29.56687263896409,29.678892135620117,16919100
2017-08-21,29.766021783418726,30.182981418129177,29.6788936573312,29.958942413330078,10556800
2017-08-22,29.952724948412673,30.145645609147692,29.734908159390486,30.089635848999023,11005500
2017-08-23,30.03362703603763,30.288782090539843,29.990064151659137,30.04607391357422,8909200
2017-08-24,30.089632512172212,30.220323520692013,29.983837629178687,30.064741134643555,8898200
2017-08-25,30.170535601719884,30.481700369527225,30.139419599738908,30.295001983642578,9846700
2017-08-28,30.276335709095537,30.33856771891936,30.064743552095933,30.251441955566406,6329400
2017-08-29,30.09586476817311,30.344795224570266,30.077195636793164,30.189212799072266,6044100
2017-08-30,30.077195634543607,30.102087018381873,29.871825693381886,29.946504592895508,10758400
2017-08-31,30.033630855692234,30.120759009529255,29.828263285217883,29.85315704345703,14237700
2017-09-01,29.884267312106566,29.915383316926953,29.728684914005637,29.822032928466797,11455200
2017-09-05,29.734901331638007,29.822027077641366,29.436183470769976,29.47352409362793,10005100
2017-09-06,29.5419888061213,29.59799856874884,29.01300718708359,29.193483352661133,14081900
2017-09-07,29.249486275057997,29.380174899293266,28.67071965458909,28.751623153686523,16591100
2017-09-08,28.739174826278553,28.86986344390816,28.446679218632628,28.69561195373535,14152000
2017-09-11,28.7702989620593,28.83875560227475,28.701842321843845,28.813861846923828,11073700
2017-09-12,28.938330658669965,29.21837949468277,28.863651760399673,29.118806838989258,11173200
2017-09-13,29.112577498531973,29.411295417242126,29.050345489050315,29.405073165893555,12772700
2017-09-14,29.398849951985923,29.61666435203918,29.255712061666458,29.361509323120117,11808500
2017-09-15,29.510871911246575,29.809592242971775,29.286835223451625,29.784698486328125,24626500
2017-09-18,29.815812127777427,30.027404294449575,29.566879329104623,29.927831649780273,18810200
2017-09-19,29.92782804043932,30.836428610217965,29.878040537109563,30.705739974975586,30818000
2017-09-20,30.680848145012963,30.892440299419906,30.543937250278333,30.79286766052246,18755900
2017-09-21,30.72440614516216,30.767969019384296,30.394572276337815,30.456804275512695,14315800
2017-09-22,30.612389217484964,31.16626450223535,30.506594335206028,31.054244995117188,20646400
2017-09-25,31.035573494598296,31.315622262393706,30.960894614519116,31.054244995117188,13698600
2017-09-26,31.091593276457488,31.1662745546232,30.743090141015728,30.81154441833496,12007500
2017-09-27,30.61239909122551,30.94845772097254,30.56883619929529,30.81154441833496,14270800
2017-09-28,30.64351083163987,30.848878367057534,30.58127644666554,30.749305725097656,8231800
2017-09-29,30.680849101956884,31.01068540746652,30.500372946451485,30.79909324645996,13021700
2017-10-02,30.73686027621077,30.92978331759628,30.64973450719769,30.718191146850586,9525800
2017-10-03,30.77419810275438,31.12892577224668,30.761751226316186,31.023128509521484,10218600
2017-10-04,30.892437985280374,31.16626450223535,30.730633349442357,31.054244995117188,9887500
2017-10-05,31.091586573461225,31.135149455999777,30.917335043307013,30.973344802856445,12230600
2017-10-06,30.885169054363534,30.98593622899119,30.645846113693242,30.74031639099121,13239600
2017-10-09,30.790700866629635,30.916660444081998,30.639551295670092,30.891468048095703,10702900
2017-10-10,31.03632544635922,31.1685843441832,30.89777205229905,30.94815444946289,10843900
2017-10-11,30.948152514382826,31.061515904012598,30.55138065067862,30.77181053161621,10335100
2017-10-12,30.507298537647625,30.76551464210669,30.312063435788087,30.45061683654785,17087900
2017-10-13,30.444322812788503,30.5324938222754,30.123128077874835,30.14202117919922,20105100
2017-10-16,30.167216354949346,30.450622510779105,30.041256728758317,30.286876678466797,10394700
2017-10-17,30.286862086425273,30.5387812174341,30.148306324122533,30.482099533081055,14842800
2017-10-18,30.438014905859205,30.765506421956808,30.079029293157266,30.639549255371094,20410400
2017-10-19,31.52125572662383,32.23292512087716,30.891460397810256,30.99222755432129,29173900
2017-10-20,31.143398491292675,31.23156950672422,30.81590443220409,31.19378089904785,16259600
2017-10-23,31.1559773277557,31.29453067371388,30.803291060134075,30.853675842285156,15660000
2017-10-24,30.96074510277214,31.036319886218457,30.68363596181628,30.822189331054688,11527900
2017-10-25,30.658441676592407,30.727719558180553,30.324650868008316,30.633249282836914,19256800
2017-10-26,30.771804004340716,31.130787194528168,30.70252612509773,30.79069709777832,14420100
2017-10-27,30.683629294548815,31.105591013121362,30.56396664407476,30.77809715270996,12423400
2017-10-30,30.784404136372146,30.935553708154103,29.86490089770221,30.123119354248047,24587400
2017-10-31,30.192397110281714,30.34354909590915,30.047544425398378,30.148311614990234,15910000
2017-11-01,30.324653718276743,30.3372475138593,29.953074284134,30.123119354248047,11046600
2017-11-02,30.15461397282222,30.19240017120038,29.713756572733796,29.890098571777344,13126900
2017-11-03,30.016050644685798,30.06643543319384,29.75153771245543,29.864898681640625,8038200
2017-11-06,29.16583517473153,29.19102517291084,28.240034871594233,28.674592971801758,36443300
2017-11-07,28.47304707899448,28.712369983697418,28.139256313669904,28.69977378845215,25789600
2017-11-08,28.599017216971,28.668295115228933,28.428972121923213,28.63050651550293,17414800
2017-11-09,28.523437747083257,28.611608729519645,28.2211362062389,28.3848819732666,21078700
2017-11-10,28.410079059551027,28.410079059551027,28.18335226586467,28.265226364135742,17075000
2017-11-13,28.29041752411318,28.391187127652273,28.151864124206092,28.183353424072266,16673900
2017-11-14,28.145560128940488,28.246327313195167,27.805472383630445,27.849557876586914,20829900
2017-11-15,27.91884451900729,27.95033382349418,27.6921176827338,27.780288696289062,15726500
2017-11-16,27.84326691735324,28.265231279534564,27.780288309256875,28.195953369140625,13818000
2017-11-17,28.107773821238922,28.825740306421935,28.101474520854275,28.605310440063477,18933200
2017-11-20,28.84463084924903,29.191017862887726,28.65569269658055,29.09654998779297,18227400
2017-11-21,29.18471720466107,29.25399507895713,28.97688358177288,29.08395004272461,13598000
2017-11-22,29.128037371804705,29.86489683969621,29.12174047486904,29.663362503051758,15825100
2017-11-24,29.638173516912065,29.713748295094355,29.505914651994452,29.60668182373047,5097200
2017-11-27,29.83341477321195,30.167208051110094,29.820818573812076,30.016056060791016,17548300
2017-11-28,30.041253524947887,30.759220194443685,29.934187013235825,30.746623992919922,20982500
2017-11-29,30.759215607835067,31.79837925503413,30.759215607835067,31.426799774169922,31034500
2017-11-30,31.48977909986636,32.17625638034263,31.48348220113736,32.050296783447266,33268500
2017-12-01,32.05659582451122,32.46596150799972,31.697612537884314,32.27702331542969,23909000
2017-12-04,32.44706516647207,32.95720039765577,32.43446896789577,32.57302474975586,19371000
2017-12-05,32.277013163103334,32.68008182113379,31.981008566277787,32.06917953491211,17574100
2017-12-06,31.741695436259324,32.018804602500076,31.640928248310026,31.91803741455078,17296600
2017-12-07,31.86135994455537,31.955830246865023,31.615740041525775,31.75429344177246,11986700
2017-12-08,31.82986720555029,32.23293596722664,31.7165038160189,32.17625427246094,13639900
2017-12-11,32.302214458663954,32.70528322779668,32.10068007409759,32.64860153198242,13542500
2017-12-12,33.473638888478774,33.59329919397597,32.95720666109974,33.49882888793945,22901200
2017-12-13,33.372860286321334,33.49881744804925,32.92570371326334,33.309879302978516,17705500
2017-12-14,33.12724677138059,33.215420171260554,32.806052080496094,32.9635009765625,18775400
2017-12-15,33.10835471357347,33.30988911467636,32.994991312643144,33.17133331298828,28935600
2017-12-18,33.34137218398836,33.62478063335454,33.16503021659569,33.5366096496582,15874300
2017-12-19,33.54920770572083,33.75074208032511,33.19022445080201,33.272098541259766,14239500
2017-12-20,33.44843688551904,33.59958644881597,33.17762464859312,33.23430633544922,11643500
2017-12-21,33.259506516524056,33.75704321487343,33.13354691596894,33.38546371459961,12778100
2017-12-22,33.44844648653841,33.77594050432408,33.4169571853528,33.49882888793945,13657800
2017-12-26,33.46103757433437,33.813721537687165,33.46103757433437,33.51771926879883,6595800
2017-12-27,33.6373741098166,33.69405579510378,33.43583976267971,33.55550003051758,8361900
2017-12-28,33.6373824375709,33.7255534359623,33.47993353973496,33.64997863769531,6726300
2017-12-29,33.61218068189028,33.668862365433924,33.3350715637207,33.3350715637207,9994700
2018-01-02,33.47993557925261,33.73815169133428,33.253208768160476,33.71295928955078,16045300
2018-01-03,33.56810118558754,33.59329358332033,32.86273086642407,33.020179748535156,16662400
2018-01-04,32.98239416023287,33.3098881531919,32.64230636973806,33.12724685668945,12062800
2018-01-05,33.25320445764723,33.30358925468299,32.96979598051946,33.05167007446289,13348900
2018-01-08,33.10205015028656,33.2217104224608,32.77455622370132,32.9949836730957,16212700
2018-01-09,33.19882700058269,33.40265690707582,32.835754827776526,32.87397384643555,14677800
2018-01-10,32.73383654365037,32.950406100992495,32.580965344258225,32.9249267578125,12593400
2018-01-11,33.05230993710025,33.23703146831623,32.893067740502275,33.19244384765625,15568200
2018-01-12,33.08416700783007,33.27525964028367,32.98225207111524,33.03321075439453,17673700
2018-01-16,32.91856242715659,33.13513201272384,32.752949104746456,32.90582275390625,14739200
2018-01-17,33.00135805726081,33.05868535280286,32.61917527703262,32.94403076171875,11591500
2018-01-18,33.058695022334426,33.95045024401476,32.73383944262938,32.83575439453125,29442600
2018-01-19,32.95676469495255,33.07141683623932,32.587321648013756,33.06504821777344,23761300
2018-01-22,33.15423438464621,34.07147125605143,33.12875504269745,34.05236053466797,27691300
2018-01-23,34.77849604592688,34.77849604592688,33.63832372297441,33.90584945678711,33000500
2018-01-24,34.28166472463851,34.676584747548716,34.07783487863043,34.53645324707031,21080400
2018-01-25,34.574672193496994,34.88678803336902,34.40269029354836,34.5810432434082,18638700
2018-01-26,34.708432155009106,34.87404297947927,34.61288585984037,34.85493469238281,13077600
2018-01-29,34.128793580341764,34.7657624570498,34.01413898814684,34.4791259765625,17052600
2018-01-30,34.58741245719257,34.71480672932395,34.262559371608994,34.33262634277344,15401500
2018-01-31,34.38995789680452,34.66385233547107,34.0969503057125,34.440914154052734,17827000
2018-02-01,34.70843178836163,34.87404261108234,34.40268461898876,34.587406158447266,18646100
2018-02-02,34.568299118032556,34.568299118032556,33.69565249062677,33.74660873413086,15574000
2018-02-05,33.453604722733544,33.88037269138345,32.166927337646484,32.166927337646484,22239600
2018-02-06,31.49174354730302,32.48541596934434,31.256065719646358,32.377132415771484,34543900
2018-02-07,32.24973670494196,33.07779580483067,32.16693006600002,32.491783142089844,16066600
2018-02-08,32.41534912274308,32.53637477702143,31.21147820916458,31.236957550048828,23308900
2018-02-09,31.593659747763084,32.039538510017934,30.81018821101305,31.77201271057129,27707900
2018-02-12,31.988577401426376,32.268842829241606,31.58091771375208,31.91851043701172,16903000
2018-02-13,31.79112044723544,32.0140586095506,31.319762351398573,31.89940643310547,11871700
2018-02-14,31.695581079810616,31.91215066917963,31.415315552915995,31.536338806152344,17559200
2018-02-15,31.561810877411226,31.70831344382347,31.17963048067004,31.682836532592773,18902700
2018-02-16,31.650990731629296,32.14145718414653,31.650990731629296,31.943998336791992,12264000
2018-02-20,31.74653326400707,31.77838122623937,31.05860561653924,31.160520553588867,21330400
2018-02-21,31.084072675408564,31.12229167289137,30.53627919403568,30.54901885986328,20889900
2018-02-22,30.733751915417155,31.020388429612588,30.43437573060818,30.491703033447266,21198300
2018-02-23,30.63183539035508,30.765598280088515,30.281502971120247,30.75922966003418,26371400
2018-02-26,31.033130514789754,31.30702737968246,30.86114859289127,31.268808364868164,20853900
2018-02-27,31.224212377945808,31.319756244661534,30.59998321533203,30.59998321533203,23234700
2018-02-28,31.058599665761484,31.185993920125927,30.396153916784307,30.408893585205078,22159100
2018-03-01,30.37703701595485,30.956678446975342,30.262382453349232,30.54901885986328,28950200
2018-03-02,30.466223635351025,30.784708085163132,30.42163357692129,30.7401180267334,17449900
2018-03-05,30.670049581330915,31.173253101242413,30.587242954573547,31.026750564575195,15348400
2018-03-06,31.05222795800946,31.14140319824219,30.765591521659225,31.141403198242188,13526900
2018-03-07,30.918466044648163,31.345233973074087,30.867507374472638,31.109556198120117,16738200
2018-03-08,31.141406520816588,31.230581770563703,30.77833447265001,31.21784210205078,17038500
2018-03-09,31.338867738001856,31.357976025849574,30.79744276049773,31.21784210205078,14927100
2018-03-12,31.230584204330658,31.377086758881042,31.001275012914924,31.084081649780273,12526300
2018-03-13,31.211478811846906,31.377089671105054,30.892994334174997,30.988540649414062,12840200
2018-03-14,31.16688210813245,31.27516563269962,30.80381010364733,30.86113739013672,11930400
2018-03-15,30.912100839774226,31.064974449357862,30.663683350313956,30.75922966003418,9537400
2018-03-16,30.83566135919574,31.07133914896695,30.714638154684746,30.93120765686035,26838100
2018-03-19,30.91209651704735,30.9630551897304,30.650939394154847,30.77196502685547,12980800
2018-03-20,30.829294424232096,30.95031763535491,30.306980142774904,30.377044677734375,10765500
2018-03-21,30.377034202157354,30.54901603013526,30.10950853408678,30.115877151489258,11062500
2018-03-22,30.001230732590326,30.268758903028164,29.791032283529315,29.861099243164062,14270800
2018-03-23,29.975751047430848,30.230537096305213,29.427957519078593,29.48528480529785,15955100
2018-03-26,29.79740466990587,30.045822154677456,29.67638145240892,29.982126235961914,15435500
2018-03-27,30.00123301123297,30.51081005460954,29.83562217302598,30.134998321533203,14544700
2018-03-28,30.504439792877747,30.931210213249717,30.46622321452802,30.574506759643555,17728000
2018-03-29,30.701891465398056,31.039484094883605,30.300600508754943,30.459842681884766,17305500
2018-04-02,30.332450916223404,30.536280719965024,29.759180504391207,30.039445877075195,16511200
2018-04-03,30.077667200343534,30.275125971187737,29.75281175501418,30.256017684936523,14841300
2018-04-04,30.039446710422816,30.568131949061314,29.87383590147951,30.5299129486084,12376400
2018-04-05,30.56176747813443,30.797445290375055,30.37067729443005,30.727380752563477,13201300
2018-04-06,30.63820041354981,30.752854999816435,30.10951753673664,30.2432804107666,16071600
2018-04-09,30.333575231325746,30.63671828378292,30.18522931172799,30.26262664794922,13475300
2018-04-10,30.443235086637845,31.584856679183773,30.30778908254372,31.13336753845215,24309300
2018-04-11,30.914076880182808,30.952776797875792,30.6238336485309,30.68833351135254,11695600
2018-04-12,30.875372914481545,31.049518830640768,30.59802969175588,30.791526794433594,8837900
2018-04-13,30.90117132180085,30.94631998740565,30.643176837986765,30.739925384521484,7302000
2018-04-16,30.92697007099581,31.25591068779151,30.868921437394494,31.21076202392578,8885500
2018-04-17,31.33975923287944,31.630002400626857,31.15916457757778,31.50745391845703,11575500
2018-04-18,31.604204397478284,31.64290430902152,31.32686118246291,31.35910987854004,8347700
2018-04-19,31.346203041563516,31.578397539124577,31.20430831782296,31.236557006835938,11174200
2018-04-20,31.15915944757912,31.359102794339677,30.44967599206958,30.894716262817383,18224700
2018-04-23,31.088216746378507,31.423608586280775,30.939870781494026,31.38490867614746,14211600
2018-04-24,32.19757706138515,32.50072011181795,31.694490688681295,32.03633117675781,20920400
2018-04-25,32.287873642978255,32.352371006309035,31.75898739033242,32.31367111206055,19893200
2018-04-26,31.991182158489192,32.27497648684087,31.88798489192956,32.09437942504883,14121900
2018-04-27,32.410428270598075,33.33920383678138,32.35237964393553,33.26180648803711,25986200
2018-04-30,33.15215919075979,33.313405096433875,31.823492042255072,31.829940795898438,28938900
2018-05-01,31.920234555028415,32.02343181679746,31.11400517857749,31.488094329833984,16101400
2018-05-02,31.468751467281347,31.51390012392972,30.630273251846546,30.7979679107666,18515900
2018-05-03,30.778616911813156,30.8689142184278,30.546422431708606,30.856014251708984,16114100
2018-05-04,30.63671694510105,31.16560323026734,30.630268192538125,31.081754684448242,10669300
2018-05-07,31.075311638935226,31.16560895390055,30.681871229085765,30.78506851196289,12892100
2018-05-08,30.662521133439768,30.701218575023844,30.14008352829999,30.327129364013672,16716900
2018-05-09,30.314230128228274,30.43032737661657,29.727295132672886,29.91434097290039,23083300
2018-05-10,30.107835985756815,30.50127639294636,30.004638703577367,30.443227767944336,15727500
2018-05-11,31.004369300855988,31.649353064069828,30.907620752206793,31.35910987854004,22872800
2018-05-14,31.391351899703956,31.53970029886668,31.139808679204403,31.275257110595703,10362600
2018-05-15,31.055959275374036,31.146256579750286,30.71411631684208,30.82376480102539,12655400
2018-05-16,30.823774520830796,31.017269156997898,30.739925943005193,30.86892318725586,9798800
2018-05-17,30.868914211002917,30.985011451027265,30.73991700426285,30.862462997436523,8907500
2018-05-18,30.85602418838092,30.888272885354585,30.520632326935512,30.791526794433594,11384400
2018-05-21,30.82376788246839,31.281705663537558,30.79151919345541,31.236557006835938,8588800
2018-05-22,31.172063241691852,31.804146969191127,31.1269121193399,31.48165512084961,18539800
2018-05-23,31.436498805030983,31.591293476713034,31.172055652191947,31.339750289916992,14027800
2018-05-24,31.533255215208733,31.604203821536164,31.262363220596086,31.37200927734375,13580400
2018-05-25,31.3397577314867,31.378457638804907,31.1140144231743,31.29460906982422,7948000
2018-05-29,31.15270843757662,31.255905718637063,30.86891652976471,31.088211059570312,13035300
2018-05-30,31.27526052517637,31.423606480117982,31.11401460105494,31.346206665039062,10459100
2018-05-31,31.294605969010302,31.3010547227156,30.649622340119944,30.746368408203125,27288300
2018-06-01,30.88826351459861,30.959212102667294,30.707668897999863,30.836666107177734,9967100
2018-06-04,30.991455032710366,31.062403607599244,30.785060520533627,30.843109130859375,9012600
2018-06-05,30.817316649546243,31.081759835958366,30.810867895914498,30.939865112304688,10378000
2018-06-06,31.062415494609546,31.24301014677025,30.823772209908956,31.223661422729492,12924800
2018-06-07,30.933418602712678,31.77189694614159,30.86246999988711,31.61065101623535,19674300
2018-06-08,31.249457200233984,31.733194920174395,31.236557232452167,31.720294952392578,15399300
2018-06-11,31.920239805258866,32.120183148838564,31.77189141042482,31.797691345214844,14143700
2018-06-12,31.978292862545654,32.01699030967941,31.384906582180133,31.48165512084961,15597900
2018-06-13,31.24946375051416,31.313961142525436,30.559331322238798,30.57223129272461,30809400
2018-06-14,30.80440923716999,30.888257776621998,30.50771743346801,30.843109130859375,17568400
2018-06-15,30.810867522120017,30.997913360595707,30.7141189958968,30.997913360595703,31398000
2018-06-18,30.89471237570824,30.959209745177255,30.398074757462656,30.610918045043945,15330400
2018-06-19,30.74637014053032,31.462302402602795,30.64962406699622,31.281707763671875,25070000
2018-06-20,31.372001993989468,31.384901961273926,30.83666688397888,31.017261505126953,11996800
2018-06-21,31.520347587131095,31.604196143367037,31.20430700353103,31.36555290222168,14854600
2018-06-22,31.57839309225066,32.20402790475295,31.500995757435163,32.09437942504883,31911000
2018-06-25,32.1459794581351,32.274976657119446,31.791239006240858,31.991182327270508,19301900
2018-06-26,32.004085902700645,32.08793446055963,31.649345410798002,31.797691345214844,13597000
2018-06-27,31.720293441910606,32.075033927557804,31.610644951195123,31.804141998291016,14144300
2018-06-28,31.88154427316215,32.926417171209685,31.868644303998902,32.803871154785156,21605500
2018-06-29,32.72001529337229,32.79741263068527,32.30077746087807,32.44912338256836,18023100
2018-07-02,32.41042310078458,32.53296908845037,32.055682643506145,32.52006912231445,13141200
2018-07-03,32.545867394943315,32.952207696044525,32.44267013153536,32.70066452026367,8441100
2018-07-05,32.88771705039496,33.08766040512621,32.584573950747796,33.07476043701172,11279600
2018-07-06,33.16505833472428,33.319855494394155,33.042512326114604,33.203758239746094,10203800
2018-07-09,33.29509642080192,33.34729451491371,33.066735981418105,33.10588455200195,10491200
2018-07-10,33.14503056182733,33.54955583454877,33.105884480270426,33.49736022949219,9614600
2018-07-11,33.41906557743626,33.76486923888022,33.373393489658454,33.49736022949219,14348100
2018-07-12,33.601763969857934,33.65396207945514,33.24943419690537,33.432125091552734,10583900
2018-07-13,33.3407772946772,33.569140283181596,33.22986004887378,33.54304122924805,11175100
2018-07-16,33.51041089263371,33.74529734573177,33.3603451006971,33.66047668457031,9633400
2018-07-17,33.62786246362107,33.88884554042438,33.54956530053155,33.55609130859375,10636100
2018-07-18,33.54303189705519,33.595229990399964,33.19722823994333,33.36686706542969,11734900
2018-07-19,33.34077580306585,33.34077580306585,33.01454511031984,33.1124153137207,9524200
2018-07-20,32.968866278367244,33.269000345985866,32.85142305385173,33.027587890625,12026500
2018-07-23,33.073266734571824,33.26248113371075,32.799234147357645,33.1124153137207,11703200
2018-07-24,33.43863754502043,33.843162804758855,32.65568358276325,33.6082763671875,23265200
2018-07-25,33.725719646047025,33.96060608403677,33.1515555631188,33.216800689697266,15702800
2018-07-26,33.36034084819471,33.67352191608964,33.34729132591468,33.39296340942383,11162000
2018-07-27,33.588716931033595,34.175933262794494,33.588716931033595,33.93452072143555,14073700
2018-07-30,34.10415363539936,34.580450102286065,33.980186880108555,34.24769592285156,16725000
2018-07-31,34.31946609032223,34.36513818580783,33.59523608093228,33.6931037902832,16924200
2018-08-01,33.94104547558832,33.999767106593985,33.56914264220007,33.7518310546875,12789400
2018-08-02,33.758346756760346,33.93450910705246,33.55608286972639,33.91493606567383,12337500
2018-08-03,33.92798023859848,34.2215882576824,33.84315959109828,34.10414505004883,7769900
2018-08-06,34.01281230399273,34.39776461625296,33.77139980229313,34.241172790527344,10768400
2018-08-07,34.241168421041486,34.40428374459196,34.07152957968362,34.228118896484375,7106900
2018-08-08,34.28684202521316,34.50215545649145,34.19549783822568,34.38471221923828,9457300
2018-08-09,34.35860704151841,34.756608775792735,34.35860704151841,34.58696746826172,10768100
2018-08-10,34.534777449735834,34.534777449735834,34.10415308329297,34.23464584350586,7979600
2018-08-13,34.41081341086485,34.43690997381208,34.05848367718009,34.071533203125,9919400
2018-08-14,34.1302553948477,34.54130426872876,34.1302553948477,34.49563217163086,11454400
2018-08-15,34.404288587395904,34.82186347623286,34.22812371449106,34.73704528808594,16473300
2018-08-16,34.74356209215794,35.506940571603245,34.71093952694905,35.40907287597656,16265400
2018-08-17,35.40255345559222,36.022392265640065,35.298159734137826,35.74835968017578,19102700
2018-08-20,35.83970898520412,35.937579201933936,35.3634124076012,35.657020568847656,10747400
2018-08-21,35.82013663651409,35.93105389462579,35.539577997952335,35.82666015625,11961200
2018-08-22,35.78098033725548,35.89189757145455,35.19376412990007,35.324256896972656,13911400
2018-08-23,35.33730896739037,35.591768512588445,35.26553781588472,35.41560363769531,8354400
2018-08-24,35.40255252510915,35.77445779251721,35.37645596213843,35.7418327331543,8499900
2018-08-27,35.87232678078205,35.924524886466834,35.65701581718902,35.787506103515625,9539600
2018-08-28,35.76793782479465,35.82013593743535,35.533051295797485,35.657020568847656,11864600
2018-08-29,35.7418327258706,35.859275970513934,35.559144340399904,35.60481643676758,9801900
2018-08-30,35.49389904066835,35.75488209175201,35.389505322446375,35.722259521484375,9696500
2018-08-31,35.565663639907406,35.66353382848113,35.25900852766481,35.47431945800781,14605400
2018-09-04,34.93930082522089,35.050220536369295,34.47605391669706,34.70441436767578,19898600
2018-09-05,34.59349101177759,35.21332961174342,34.51519636945888,35.11545944213867,15301200
2018-09-06,35.19376759760313,35.53957383775977,35.03717825284101,35.4221305847168,10521900
2018-09-07,35.31772699816766,35.48736582245544,35.15461169103084,35.232906341552734,11746500
2018-09-10,35.441699582653186,35.676586061911905,35.22638863596101,35.31120681762695,10781900
2018-09-11,35.422123942010174,35.85927181051414,35.30468071099132,35.70268249511719,12298800
2018-09-12,35.72225666576174,36.159404548075074,35.5982899130779,35.86579895019531,13130800
2018-09-13,35.93756476956768,35.93756476956768,35.409070291565094,35.84621810913086,12559900
2018-09-14,35.826649003184244,35.87884710059406,35.35035256455989,35.59176254272461,13454700
2018-09-17,35.748357851341645,35.89842366269627,35.51347136785006,35.68963623046875,11013700
2018-09-18,35.48737335205078,35.76140842043438,35.42212821092938,35.48737335205078,13891100
2018-09-19,35.63742926240236,35.689627351945155,34.82185278036039,34.906673431396484,17471000
2018-09-20,34.9719163419499,35.33077196249956,34.78922801799135,35.200279235839844,14473400
2018-09-21,35.382975998050654,35.76140474671863,35.311204856824496,35.50694274902344,48954100
2018-09-24,35.43517675683773,35.55261999876195,34.92625521218523,34.93278121948242,14029600
2018-09-25,34.9066872183335,35.01108094970912,34.52825838650758,34.61307907104492,13604900
2018-09-26,34.76966891250199,34.958883317530656,34.63265261462996,34.67179870605469,13308300
2018-09-27,34.67831862368516,35.148089060879606,34.67831862368516,34.96540069580078,13348100
2018-09-28,34.88710562911643,34.9458272441957,34.756612874613346,34.83490753173828,12634500
2018-10-01,34.97845134773542,35.18071276160854,34.90668020515759,35.128517150878906,10682000
2018-10-02,35.102417439953314,35.51999227369568,34.971924682173245,35.50694274902344,12482900
2018-10-03,35.71573871732423,35.846229008311745,35.324260377533406,35.4221305847168,14939100
2018-10-04,35.46127186114662,35.90494575929738,35.20681234375419,35.89842224121094,15788400
2018-10-05,35.924515246648134,36.17244871529349,35.7418244147165,35.84621810913086,14044900
2018-10-08,35.88537271609563,36.02238899639272,35.52651948672316,35.89842224121094,16703700
2018-10-09,35.9399842269542,36.37538041463944,35.64312261795909,36.27642822265625,16962400
2018-10-10,36.27643014632027,36.87674920233395,35.814645676342934,35.841033935546875,22025500
2018-10-11,35.959768806336164,36.388569123967756,34.8580856305626,35.18133544921875,26336200
2018-10-12,35.50458181456363,35.550759999364324,34.84489058424246,35.44520950317383,18866600
2018-10-15,35.544166561974556,35.78825162882596,35.35945129394531,35.35945129394531,13022000
2018-10-16,35.26709185442089,35.4913869688463,35.135153107725536,35.425418853759766,15981200
2018-10-17,35.4584083288501,35.87401456365645,35.31327543365871,35.59694290161133,14528100
2018-10-18,35.53097866550108,36.07192540394054,35.478202146373846,36.0521354675293,16865100
2018-10-19,36.03234098439923,36.61287007947494,35.96637285573001,36.21705627441406,19103300
2018-10-22,36.33580708216256,36.46114755450222,36.02575128847845,36.26983642578125,21737500
2018-10-23,37.00208277470705,37.9124574156889,37.00208277470705,37.740936279296875,29328700
2018-10-24,37.60240927836449,38.552363975238066,37.21978706374134,37.879478454589844,37435600
2018-10-25,37.90586061244102,38.018009439424475,37.05485825126774,37.22637939453125,25270000
2018-10-26,37.1142256427132,37.35171487632003,36.40835626311636,36.61945724487305,24973300
2018-10-29,36.817369340259994,37.70135571044209,36.75799702746708,37.259361267089844,22103700
2018-10-30,37.549627848496115,38.789848205724034,37.549627848496115,38.38084030151367,25231200
2018-10-31,38.47319361971057,38.47319361971057,37.44407436052501,37.661773681640625,24214400
2018-11-01,37.58920191311442,37.78710875737985,36.64584335504312,36.97568893432617,22533200
2018-11-02,37.16699966112531,37.655172221620845,36.88992806827054,37.35831069946289,14734400
2018-11-05,37.27915189523232,37.89926328854163,37.27915189523232,37.740936279296875,12733800
2018-11-06,37.615595846181506,37.833292652805305,37.37151078526318,37.740936279296875,12371200
2018-11-07,37.96524120027495,38.11696992682082,37.62879967906856,38.031211853027344,14891300
2018-11-08,38.064188411087436,38.55235856252386,38.037800155192876,38.44021224975586,12482400
2018-11-09,38.47319538093765,39.05372441396568,38.222511989046964,38.5655517578125,17365500
2018-11-12,38.81623806084773,39.18566611257607,38.61833116462719,38.73707580566406,13236800
2018-11-13,38.981158146118226,39.01414220707625,38.47319555449257,38.69749069213867,13047900
2018-11-14,39.00754127202976,39.13288169379708,38.532562803821456,38.882198333740234,18288700
2018-11-15,38.8228361834338,38.981163219771155,38.55896114490203,38.97456741333008,17147100
2018-11-16,38.961365436042094,39.83875347430155,38.862410743698064,39.720008850097656,19471000
2018-11-19,39.74639727574479,40.45226670239058,39.700219090190195,39.990482330322266,18405700
2018-11-20,40.26094988452135,40.623782028484406,39.033923948811406,39.22523498535156,22028900
2018-11-21,39.09331570559533,39.51552036352202,38.84263475696409,39.027347564697266,18482200
2018-11-23,38.82944002595146,38.921796428392064,38.45341609228716,38.68430709838867,7009100
2018-11-26,38.68429237941002,39.258223030861316,38.466595587420464,39.03392791748047,12308900
2018-11-27,39.06032347295645,40.043264672687414,39.04053353812706,40.01028060913086,14115000
2018-11-28,40.04326529213159,40.06305522726712,39.343991557910634,39.621063232421875,18663000
2018-11-29,39.198854553587026,39.442942138484945,39.093304049706646,39.21864700317383,14763700
2018-11-30,39.29780650081671,39.82555898327204,39.238434189257845,39.779380798339844,31142800
2018-12-03,39.25162778891527,39.41655059475105,38.05758576871621,38.36764144897461,27800800
2018-12-04,38.3280603437571,39.18566097583002,38.23570397206245,38.32146453857422,21727400
2018-12-06,38.38083322398848,38.68429056416937,37.70794791542074,38.31486511230469,26880400
2018-12-07,38.20272740191738,38.545767218687566,37.82670351972221,38.05099868774414,16948100
2018-12-10,38.13015653430125,38.50618037296967,37.51664342562696,38.44021224975586,16603400
2018-12-11,38.770063826254926,39.18567011230542,38.684303239747344,38.822837829589844,14991400
2018-12-12,38.12356410624803,38.387439139004584,37.754136040561484,37.767330169677734,18892200
2018-12-13,37.602401368292945,37.932246994330605,37.47706093634671,37.661773681640625,15454700
2018-12-14,37.569413696221986,37.93224334666829,37.437474955190005,37.655174255371094,13960900
2018-12-17,37.641990645196806,37.806913488428705,36.63266113338203,36.909732818603516,18902500
2018-12-18,36.90312724306217,37.39789567552119,36.487523571692705,36.71181869506836,18895800
2018-12-19,36.75800828498948,37.5496360093094,36.61287536115335,36.850364685058594,20968400
2018-12-20,36.889941232879536,36.94931355849884,35.79485362875244,36.32920455932617,26897000
2018-12-21,36.177473498494955,37.29235096676884,35.781659697687935,36.230247497558594,55406300
2018-12-24,36.0719254801381,36.30941478366644,34.924061351925424,34.99662780761719,15077200
2018-12-26,35.11536742706503,35.933385742375904,34.56782495930679,35.91359329223633,17970500
2018-12-27,35.82783627523921,36.395168693077906,35.19453069936916,36.38197708129883,17531000
2018-12-28,36.52710780456415,36.85035765970308,36.21705459437427,36.46113967895508,14771600
2018-12-31,36.63266001927897,37.094444469588694,36.32920260092677,37.08784866333008,15331800
2019-01-02,37.04826229112975,37.04826229112975,36.46773325842695,36.95590591430664,13969700
2019-01-03,37.14062266296738,37.59581130701849,36.98229814753267,37.08784866333008,19245400
2019-01-04,37.265966882207266,37.52984192230194,36.909732935730425,37.180206298828125,17035800
2019-01-07,37.44407983317927,37.77392550742565,37.30554525396126,37.417694091796875,16349000
2019-01-08,37.780525224050336,38.717285765540275,37.63539231674006,38.51278305053711,21424600
2019-01-09,38.448126825964856,38.474790492144,37.89486719528989,38.02818298339844,18136000
2019-01-10,38.18816502359301,38.461461263467534,37.908201595328656,38.39480209350586,14259900
2019-01-11,38.55477116563526,38.834731975644836,38.274807812839036,38.67475509643555,15801500
2019-01-14,38.54810235386346,38.7614065316037,38.44811490807869,38.68141555786133,11342300
2019-01-15,38.48811542528068,38.8547318697637,38.38146332247132,38.72808074951172,10058000
2019-01-16,38.61476076902461,38.61476076902461,37.994844678738076,38.04817199707031,13411700
2019-01-17,38.10150344609782,38.26148288632846,37.46825541531478,37.881534576416016,15223900
2019-01-18,37.94152079756217,38.308139787342405,37.888196017185685,38.054840087890625,16802500
2019-01-22,38.14815511509245,38.25480720396698,37.59489819867653,37.98817825317383,18284800
2019-01-23,37.98151707264156,38.57476956973075,37.948188766371096,38.50144577026367,15109000
2019-01-24,38.40145951886562,38.42812318007143,37.6615594485179,38.041507720947266,12494100
2019-01-25,38.11482297218691,38.308130658407684,37.48157514585554,37.59489440917969,17800300
2019-01-28,37.40826341164716,37.47492257118181,36.52838284808529,36.70835876464844,25955700
2019-01-29,35.74182620443246,36.19509836427395,35.3085530658812,35.51519012451172,33789200
2019-01-30,35.39519379947483,36.0084452014085,34.84860154056999,35.995113372802734,27260000
2019-01-31,36.02845095579511,36.78834758260991,35.68183095109613,36.70169448852539,28585400
2019-02-01,36.80166496700067,36.8616569162389,36.30840008907384,36.361724853515625,13778000
2019-02-04,36.39506685611813,36.45505882795032,35.7751506614478,36.021785736083984,15818900
2019-02-05,36.06178009141058,36.221759536781164,35.735159098676725,36.088443756103516,14124600
2019-02-06,36.068441066567914,36.241749771647335,35.781813077455084,35.85513687133789,11391400
2019-02-07,35.73515594138987,35.815144385614474,35.34187582167092,35.708492279052734,12436200
2019-02-08,35.5685118723974,35.96845663637959,35.52851637888447,35.9617919921875,12011700
2019-02-11,36.08177733897344,36.24175423369887,35.90180142531715,36.02845001220703,9802800
2019-02-12,36.29507683615192,36.508381029879224,36.12176558950688,36.27507781982422,11227600
2019-02-13,36.22841168229853,36.508374979409396,36.181751556577744,36.315067291259766,11884800
2019-02-14,36.248420882219044,36.34174115988645,35.96179286207666,36.01511764526367,11190100
2019-02-15,36.31506907000426,36.78833753565972,36.20841698559196,36.768341064453125,15719400
2019-02-19,36.701681849684576,37.10162650203198,36.54170246307396,36.954978942871094,12272700
2019-02-20,36.908328651700685,37.2682804603872,36.821675564369556,37.16829299926758,11379000
2019-02-21,37.028313491768465,37.8082090962927,36.968321522189676,37.428260803222656,14680500
2019-02-22,37.61489973721491,38.08150364243457,37.594903262478276,37.94152069091797,12534300
2019-02-25,37.99484935237484,38.17482525970472,37.69488950682505,37.848201751708984,15051200
2019-02-26,37.87487058178775,38.05484651367347,37.634902672606785,37.754886627197266,12005600
2019-02-27,37.694892975842954,37.81487692510486,37.56157719413117,37.80821228027344,8962800
2019-02-28,37.82153929971144,38.40145995215432,37.80820746895811,37.94152069091797,15743000
2019-03-01,38.00818473690997,38.094840376567134,37.56157724894184,37.96818923950195,10942700
2019-03-04,38.094835039465245,38.228148259907286,37.10163527333722,37.488250732421875,13674400
2019-03-05,37.3882564395641,37.441581209435576,37.001641051154465,37.381591796875,15749500
2019-03-06,37.45492782827183,37.60824009852524,36.96166270533252,37.11497497558594,13935500
2019-03-07,37.16828088311379,37.594891707741944,37.1416197725881,37.52823257446289,12644200
2019-03-08,37.56823995337398,37.78154416185468,37.32827208313651,37.681556701660156,10617300
2019-03-11,37.83485594596948,38.40811176288788,37.82819130421302,38.38145065307617,13627400
2019-03-12,38.4147946565553,38.734750990209626,38.23481874210219,38.28147888183594,12813000
2019-03-13,38.24148002105291,38.48811507255345,38.22148354658026,38.43478775024414,14168300
2019-03-14,38.46811430263007,38.721413986485224,38.33479854571753,38.62809371948242,12148300
2019-03-15,38.6880936326982,39.00138280161369,38.61476982419018,38.92139434814453,23715300
2019-03-18,38.8413883865669,38.87471668192376,38.36811998125603,38.708072662353516,12168100
2019-03-19,38.72806963505952,38.79472876942676,38.20147645888121,38.328125,13462700
2019-03-20,38.3347999255556,38.70141890595794,38.06817094491995,38.44145202636719,11902900
2019-03-21,38.381463958295235,38.988048279844605,38.37479677144168,38.854732513427734,10920100
2019-03-22,38.76807747912184,39.99457797197385,38.74808100382763,39.834598541259766,25125400
2019-03-25,39.74794134124779,40.121222402987165,39.68128219251824,40.04790115356445,15463400
2019-03-26,40.19454507845842,40.45450939431468,40.11455664499183,40.41451644897461,12316900
2019-03-27,40.3678648986402,40.78780617069749,40.31453756980226,40.58116912841797,13290300
2019-03-28,40.58116540074672,40.58783004484577,38.954717619608424,39.38132858276367,20547100
2019-03-29,39.46131773066041,39.50797786854739,38.87472987078398,39.41465759277344,17283900
2019-04-01,39.58797290434677,39.601304737789434,39.18802807221574,39.38800048828125,16331100
2019-04-02,39.47464874052466,39.481313384604064,38.8880608928535,39.01470947265625,11408100
2019-04-03,39.18135629453044,39.37466404262483,38.934723761698905,39.24134826660156,15491700
2019-04-04,39.2213549923841,39.39466373541321,39.17469484838445,39.32134246826172,8776000
2019-04-05,39.341340342625536,39.39466513360897,39.20802455098612,39.38800048828125,11497800
2019-04-08,39.34133379244054,39.41465759277344,39.14136140966967,39.41465759277344,11680500
2019-04-09,39.30893082515962,39.43688684644661,39.08669561126881,39.32913589477539,10414400
2019-04-10,39.32913552544823,39.53116823681138,39.302197145537065,39.470558166503906,8782100
2019-04-11,39.49748826194041,39.5513624414775,39.194437973966885,39.4368782043457,9219900
2019-04-12,39.564831148346585,39.59176952228052,39.409939351703564,39.55809783935547,10847500
2019-04-15,39.67258833928598,39.699526717473404,39.457086451756844,39.537899017333984,7741500
2019-04-16,39.59177780151367,39.719731250979734,39.50422935241306,39.59177780151367,10239300
2019-04-17,39.32911996322845,39.36952494812197,38.817301223380085,38.911582946777344,15498000
2019-04-18,38.72976194106417,39.19443992879437,38.57487013481573,39.08668899536133,13189000
2019-04-22,39.15402621734058,39.38973311339127,38.985665249726296,39.30891799926758,11950400
2019-04-23,38.80384067872569,38.87118661685045,37.91489484735773,38.48732376098633,23488700
2019-04-24,38.61527986013718,38.770171675057384,38.20447860061683,38.440185546875,13227100
2019-04-25,38.26508455452959,38.31896130296793,37.544499742567695,37.61184310913086,17425500
2019-04-26,37.75326725622851,38.26508350746389,37.598375462183796,38.103458404541016,16329700
2019-04-29,38.21793914403536,38.50078433278176,38.191000773016334,38.27854919433594,13985000
2019-04-30,38.379572600899486,38.68935620747791,38.224678228625436,38.514259338378906,15469000
2019-05-01,38.54119000347079,38.58833086595523,38.063045501708984,38.063045501708984,11627400
2019-05-02,38.25836130454271,39.21465071989274,38.170812849804115,38.379581451416016,14435400
2019-05-03,38.4873178060034,38.62874040070638,38.29875177741497,38.54792785644531,9388200
2019-05-06,38.271820857789656,38.4469151541901,38.2112107996155,38.3256950378418,10066100
2019-05-07,38.177543366709756,38.265091815041345,37.93510565969078,38.13713836669922,12963800
2019-05-08,38.15734405065555,38.184282432233886,37.88123206194127,37.968780517578125,12086700
2019-05-09,37.79366971717877,38.08998666767344,37.66571630518259,38.036109924316406,14834900
2019-05-10,38.04284981235227,38.41324347053442,37.88795544336349,38.3256950378418,10707100
2019-05-13,38.19774260195711,38.61527714187137,38.15733503913256,38.21794509887695,13759000
2019-05-14,38.22468221300513,38.514263352943324,38.049587894639885,38.08325958251953,12776200
2019-05-15,38.05632652292406,38.278564318160285,37.82735541676499,38.25836181640625,10806300
2019-05-16,38.38630630077218,38.9250609631264,38.26508618061938,38.642215728759766,11695100
2019-05-17,38.4267185902846,39.38300791246331,38.393044332445335,39.120365142822266,14436700
2019-05-20,39.83420586940862,40.77029243605703,39.05974439265021,39.73992156982422,20910600
2019-05-21,39.800540947924205,40.15746802896307,39.5715698761009,40.06991958618164,14016300
2019-05-22,39.793806982631914,39.98237048491555,39.70625854129235,39.90155792236328,11487100
2019-05-23,39.73319357557536,39.92175706199447,39.42340997103401,39.64564514160156,11706700
2019-05-24,39.7803389424198,39.97563832912863,39.51096030082245,39.948699951171875,8755200
2019-05-28,39.87462154881592,40.31909451866495,39.50422783543925,39.551368713378906,21860500
2019-05-29,39.51095533533305,39.68605220106179,38.99913906340208,39.18096923828125,13418700
2019-05-30,38.80383495698323,38.80383495698323,38.08998610101395,38.27181625366211,17484900
2019-05-31,37.10002658454999,37.33573093485819,36.5410668838409,36.60167694091797,29916600
2019-06-03,36.823924990353476,38.04285978242582,36.74311241460393,37.968780517578125,19518300
2019-06-04,38.11692598209062,38.37283539864452,37.665719775336015,37.861019134521484,15201200
2019-06-05,38.06305031900721,38.642212495954645,38.049581132452076,38.4065055847168,11522900
2019-06-06,38.393034846205964,38.93852531920762,38.393034846205964,38.749961853027344,9906900
2019-06-07,39.059744062077996,39.15402579187998,38.4873178060034,38.54792785644531,11656600
2019-06-10,38.63547694055407,38.63547694055407,37.67918780802239,37.81387710571289,14955400
2019-06-11,38.04957854409731,38.65567905292451,37.83407671184419,38.27181625366211,15378600
2019-06-12,38.38631337711102,38.77017630536331,38.38631337711102,38.628753662109375,11911000
2019-06-13,38.72303188728145,38.88465958551225,38.635483443698725,38.8038444519043,9218700
2019-06-14,38.84425232323875,39.43688379608429,38.73650137990184,39.24831771850586,11826600
2019-06-17,39.16749033153825,39.28197711056391,38.54792328405309,38.81056594848633,11027000
2019-06-18,38.93853334451966,39.059753474614865,38.494060390498966,38.60854721069336,12257500
2019-06-19,38.64893831015132,38.958721833893904,38.5075157322233,38.81056594848633,10516400
2019-06-20,38.99241357878634,39.026085269264925,38.33917199376361,38.61528396606445,15302800
2019-06-21,38.44691554002756,39.00587268747885,38.44691554002756,38.90485763549805,22474300
2019-06-24,39.04628159267572,39.51095701333371,39.01260990752397,39.241580963134766,9141800
2019-06-25,39.18096972135215,39.234843902174205,38.999139544231156,39.059749603271484,10571700
2019-06-26,39.174243147939826,39.207917409059974,38.332437999644895,38.379581451416016,15042100
2019-06-27,38.49405836465582,38.63548098599582,38.285289802926584,38.55466842651367,9123300
2019-06-28,38.534456482546766,38.67587906921841,38.271813801875346,38.473846435546875,14604000
2019-07-01,38.669141904145505,38.669141904145505,38.116918191646974,38.157325744628906,15796800
2019-07-02,38.30549571417452,39.160769908589685,38.258354839355064,39.147300720214844,14985700
2019-07-03,39.14056484153492,39.22811328147891,38.83078121586848,39.147300720214844,8437800
2019-07-05,39.11363234398007,39.40321092709895,38.904863759979264,39.268524169921875,6938500
2019-07-08,39.03281287064234,39.261783928985714,38.93179781398154,38.98567199707031,12048200
2019-07-09,38.75632790908996,38.78354983320011,38.28675880427942,38.38883972167969,16733700
2019-07-10,38.58619643482885,38.86521467887857,38.51133743832332,38.79035568237305,10901500
2019-07-11,38.940078003959805,39.05576730521878,38.54536783160949,38.73591613769531,10045700
2019-07-12,38.83118748554319,38.97409869522934,38.68827367983144,38.919654846191406,9669500
2019-07-15,38.98771115683082,39.33478162170519,38.91965634291624,39.18506622314453,11734300
2019-07-16,39.219099736720565,39.28715196745781,39.06257752920394,39.06938171386719,10556000
2019-07-17,39.17146377560552,39.26673793977129,38.851612570740784,38.94008255004883,7916700
2019-07-18,38.94008009588469,39.00813232427809,38.64064406049109,38.93327331542969,7549200
2019-07-19,39.04896248817053,39.103403747872854,38.49773013103864,38.5113410949707,12240300
2019-07-22,38.49092730527601,38.504538269688354,37.660676648305426,37.769561767578125,15255800
2019-07-23,37.73553959169613,37.86483987306487,37.12986589029718,37.75595474243164,14093500
2019-07-24,37.84441294313769,38.27314914732203,37.71511010598858,38.08940505981445,11173900
2019-07-25,38.22552499125399,38.52496107579149,38.069002763439634,38.354827880859375,11006100
2019-07-26,38.43647795579711,38.94687736621655,38.10982264465174,38.84479904174805,12333100
2019-07-29,38.85161171006933,39.089797115207276,38.674674351399176,39.04216003417969,10165700
2019-07-30,39.001321300761305,39.19867376690579,38.48411510997235,38.53855895996094,13329300
2019-07-31,38.484118006550666,38.59980989847134,37.37484914178576,37.613037109375,24396200
2019-08-01,38.86521860245511,38.987714682553154,37.58581654144543,37.606231689453125,18677000
2019-08-02,37.50415518268925,38.31398811081478,37.27277397522109,37.830810546875,17458800
2019-08-05,37.633451266393664,38.04177237321997,37.3816549379342,37.579010009765625,18941500
2019-08-06,37.579009759198826,37.803584159833974,37.06861032608848,37.46331787109375,18747900
2019-08-07,37.25916216327195,37.783172609328766,37.02778096106539,37.490543365478516,11865500
2019-08-08,37.67429078531056,37.99414198587051,37.42249441254328,37.987335205078125,11335900
2019-08-09,37.87163472529261,38.150652946907506,37.74913866741041,37.96010208129883,8948000
2019-08-12,38.00774987315423,38.0349718039259,37.476935203237666,37.89886474609375,10635600
2019-08-13,37.86484466711732,38.450103291880104,37.783181457809626,38.36163330078125,11016500
2019-08-14,38.13703974162921,38.463695011421656,37.76274740724361,37.91926956176758,15041200
2019-08-15,37.789973516618026,38.5045348058412,37.71511451709745,38.31398391723633,12124000
2019-08-16,38.429681338898554,38.57939676346791,38.15746722800238,38.55217742919922,11923500
2019-08-19,38.76994053642633,39.1306219602886,38.57938965549616,38.79035568237305,11011900
2019-08-20,38.72230775674506,38.79035998146004,38.273156323958666,38.29357147216797,9892600
2019-08-21,38.64064135828641,38.64064135828641,38.184685748678966,38.5113410949707,7637300
2019-08-22,38.55216527785972,38.7631286810854,38.3343950961927,38.64063262939453,9272200
2019-08-23,38.64745088053834,38.7291140738993,37.85122630818417,38.05538558959961,13203000
2019-08-26,38.116632757660724,38.60661709861825,37.987332488141845,38.5930061340332,9486900
2019-08-27,39.130623459494096,39.23950856875774,38.9128532409668,38.9128532409668,16953900
2019-08-28,38.92647104877672,39.55255988812478,38.86522300179473,39.43687057495117,15238900
2019-08-29,39.63421938046822,39.68185645432247,39.042154155092526,39.430057525634766,8538000
2019-08-30,39.464091269065925,39.74991374867197,39.402843224003746,39.57978057861328,9962200
2019-09-03,39.40284899512234,39.600201528315694,39.1918828987811,39.49812316894531,10470100
2019-09-04,39.634220495079944,39.84518394350278,39.443669598278355,39.593387603759766,9232200
2019-09-05,39.86560945005521,39.899635568101516,39.600199498830634,39.872413635253906,9232300
2019-09-06,39.9404579923614,40.21947625894193,39.79074258328646,40.192256927490234,8920200
2019-09-09,40.48488340525512,40.50529855146234,39.906429167801846,39.920040130615234,12848700
2019-09-10,40.321561000210956,40.6958534523157,40.00851659270707,40.634605407714844,13987000
2019-09-11,40.763899430559455,40.95444770750743,40.50529634325465,40.9204216003418,12241500
2019-09-12,40.90001478724893,41.206255025614695,40.81835158902681,41.12459182739258,9491400
2019-09-13,40.886399055911525,41.13819538610874,40.6482110929459,40.80473327636719,10719300
2019-09-16,40.78431698642603,40.82514987505377,40.280721744120136,40.4916877746582,10950500
2019-09-17,40.369199659711455,40.76390987281498,40.369199659711455,40.743492126464844,8801700
2019-09-18,40.566546802477276,40.81834312580366,40.41002462332705,40.78431701660156,8451900
2019-09-19,40.81835174560547,41.1041768345187,40.69585564978927,40.81835174560547,7651700
2019-09-20,41.015704983347185,41.09056399359939,40.81154569831238,41.02931594848633,21019900
2019-09-23,40.92042370465729,41.30152027815097,40.78431667296996,40.9748649597168,8437000
2019-09-24,41.206241850690944,41.51248199114216,41.110967717222884,41.179019927978516,12846300
2019-09-25,41.226667340586175,41.28110860021954,40.90681617865266,41.01570129394531,8088100
2019-09-26,40.92723415185292,41.287915634404,40.87959707287546,41.13139343261719,7438800
2019-09-27,41.21306132451755,41.308335487333544,40.8455730427762,41.0361213684082,7799000
2019-09-30,41.165412396442264,41.444430619832495,41.05652729941255,41.076942443847656,9709400
2019-10-01,41.10417250080284,41.12458764927769,40.70265813929935,40.72987747192383,8381600
2019-10-02,40.62780474098922,40.64141570719305,39.96088297315982,40.09018325805664,12011700
2019-10-03,40.151425643752,40.23308883342828,39.69547002236458,40.15822982788086,9769300
2019-10-04,40.13101278900793,40.81834965045089,40.12420600846404,40.76390838623047,9824900
2019-10-07,40.77751723666969,41.23347548552604,40.76390886747353,41.00209426879883,13744600
2019-10-08,40.91363001144683,40.96126709837022,40.34878915391527,40.64141845703125,13832800
2019-10-09,40.844256367761176,40.87863652944861,40.521077077215274,40.72048568725586,10609200
2019-10-10,40.74798848580117,41.27057638950434,40.706733340745494,41.139930725097656,11832100
2019-10-11,41.25681575578808,41.51810965669197,41.18117784054977,41.208683013916016,11349000
2019-10-14,41.20869481656506,41.243074981600884,40.954278447653785,40.981781005859375,6876100
2019-10-15,41.03678657022428,41.7312752656851,40.98177621416814,41.635009765625,11679200
2019-10-16,41.35309086565739,41.53874689453976,41.222445196312755,41.456233978271484,9298100
2019-10-17,41.41497139389714,41.55249465371531,41.36683864641648,41.53874206542969,7323700
2019-10-18,41.4974830876113,42.15071658537523,41.46998053488197,41.97881317138672,12339700
2019-10-21,41.95130416745087,42.102579997328576,41.71064045904334,41.772525787353516,10882300
2019-10-22,42.10257938977817,42.10257938977817,41.607496770440896,41.786277770996094,9603600
2019-10-23,41.66938200183716,42.16446462003359,41.63500184735966,41.861915588378906,10375600
2019-10-24,41.86191556884936,41.9581810505565,41.53873634622883,41.65563201904297,11143800
2019-10-25,41.66939276270992,41.86192639897234,40.713610057007,41.5112419128418,15036400
2019-10-28,41.56625219028907,41.71065044992105,41.284330654467354,41.38059616088867,14621400
2019-10-29,41.332462509903245,41.47686076639877,41.304957330655064,41.38747024536133,10619900
2019-10-30,41.57311831764961,41.99256304030917,41.53873816168556,41.82065963745117,12136500
2019-10-31,41.80691299109098,41.82066558003836,41.32558287008551,41.58000183105469,12226600
2019-11-01,42.1438479353526,42.17822809870857,41.36684365292373,41.5112419128418,9629100
2019-11-04,41.036792826087655,41.67627388601632,40.947402295388336,41.16743850708008,10133300
2019-11-05,41.050536717173,41.167429782281204,40.809870358301666,40.91301345825195,10645400
2019-11-06,41.05054018086872,41.346214294433594,41.00240742964079,41.346214294433594,9287600
2019-11-07,41.435601762149844,41.655640566536675,41.22931817001526,41.62125778198242,14604400
2019-11-08,41.2912017838017,41.36683970979795,40.54170275271588,40.809871673583984,17644600
2019-11-11,40.77549768342533,41.04366664487126,40.713612336704074,40.9886589050293,7754000
2019-11-12,41.19494550991929,41.21557308597749,40.66548253243679,40.78925323486328,7709400
2019-11-13,40.67235682222773,40.926773190668165,40.43169042134541,40.85113525390625,10255600
2019-11-14,40.52107228505698,40.80299377441406,40.45918695212309,40.80299377441406,9530200
2019-11-15,40.8992523468539,40.93363249866001,40.61045592403763,40.91987991333008,11758800
2019-11-18,40.88551772809207,40.88551772809207,40.60359616253557,40.87176513671875,10165100
2019-11-19,40.864880711085284,41.084916876143765,40.761737611135,40.91301345825195,10492700
2019-11-20,40.90613908032799,41.02303214716404,40.63109255842028,40.899261474609375,12362100
2019-11-21,40.9886589050293,41.04366664487126,40.7548701088644,40.9886589050293,8056000
2019-11-22,41.02304125520733,41.27745763948343,41.02304125520733,41.08492660522461,10741300
2019-11-25,41.13993208442639,41.15368205120713,40.720487275579735,40.83050537109375,10644500
2019-11-26,40.94740548440994,41.19494689760154,40.65860891771224,41.18119430541992,11936900
2019-11-27,41.26370287955326,41.44248393600287,41.24995291186188,41.32558822631836,8795300
2019-11-29,41.366841754540694,41.62125809934533,41.366841754540694,41.421852111816406,6791400
2019-12-02,41.39433749318538,41.414965060940546,41.00239796761163,41.22930908203125,9142000
2019-12-03,41.24994789553279,41.39434614607853,40.96802637745095,41.35308837890625,10289400
2019-12-04,41.270575937657455,41.69002072805274,41.15368024085701,41.62125778198242,8237500
2019-12-05,41.690013995572684,41.88941994937926,41.47685283173517,41.82065963745117,9812500
2019-12-06,41.9444352143883,42.13696620878708,41.88254987718325,42.07508087158203,9296900
2019-12-09,41.930689258844005,42.02007978740054,41.85505132106836,41.951316833496094,9370200
2019-12-10,42.04757710906464,42.10258483886719,41.80003576735819,42.10258483886719,8290900
2019-12-11,42.191985533623715,42.23324068517294,41.937569147928556,41.999454498291016,9657500
2019-12-12,42.01319232831555,42.37762934095169,42.01319232831555,42.06132507324219,8571600
2019-12-13,42.02694793249742,42.075080680878955,41.428724757585435,41.81378936767578,10585900
2019-12-16,41.75877800272778,42.13009001528746,41.74502541451764,42.10258483886719,11493000
2019-12-17,42.21948672579988,42.43264531675794,42.185103938707464,42.2813720703125,13648700
2019-12-18,42.29512243177377,42.42577072865073,41.82066986811314,41.848175048828125,17292600
2019-12-19,41.87566676879524,42.03381757251191,41.7312659279778,41.80690383911133,11901600
2019-12-20,42.260738621561,42.78332651790834,42.0407024409005,42.68018341064453,42977900
2019-12-23,42.638920724841505,42.7351888379346,42.164468256838816,42.219478607177734,9477500
2019-12-24,42.26074120709319,42.26074120709319,41.95819209593444,42.13697052001953,6640100
2019-12-26,42.136974626691035,42.198859976259214,42.02008153475037,42.14385223388672,8117800
2019-12-27,42.21261052582312,42.37076138417249,42.1163450140486,42.308876037597656,8166800
2019-12-30,42.39138455411749,42.41888710789481,42.00631994781657,42.08883285522461,6765400
2019-12-31,42.08883033664175,42.219478607177734,41.90317433880473,42.219478607177734,8466700
2020-01-02,42.20572693690976,42.25385968298351,41.81378736285899,41.97881317138672,11447900
2020-01-03,41.66251746463573,41.800040740059416,41.304957997749476,41.5318717956543,13263200
2020-01-06,41.33245628784172,41.662510520019694,41.31182871802993,41.442474365234375,15094500
2020-01-07,41.325587902294565,41.380598264782655,40.96803103827581,40.981781005859375,14293100
2020-01-08,41.02991364207821,41.32558778199484,41.00241108395269,41.05741882324219,15926500
2020-01-09,40.91498319381432,41.26931719023048,40.85245382093711,40.88719177246094,20134600
2020-01-10,41.005316429299704,41.19985113712476,40.8802576456017,40.984474182128906,11786700
2020-01-13,41.00530983863448,41.248478184332065,40.838563937058865,41.09563064575195,14158400
2020-01-14,40.99141176231904,41.0817325642284,40.82466587035835,41.019203186035156,12697100
2020-01-15,41.16511054231313,41.28322013584266,40.901097276909574,41.06089401245117,10291300
2020-01-16,41.255420376706475,41.5819602927043,41.14425734460037,41.45690155029297,10689600
2020-01-17,41.4708003530647,41.79039641324572,41.4360623998791,41.7765007019043,15615700
2020-01-21,41.825136678459955,42.01272481643493,41.755658117912134,41.90850830078125,12857600
2020-01-22,41.99883396308859,42.255898041014554,41.88072172166117,42.019676208496094,8847100
2020-01-23,41.950193934986956,42.05440779657293,41.686180715031014,42.04051208496094,11109000
2020-01-24,42.03356841901425,42.144731469150265,41.762608649953734,41.88071823120117,10182800
2020-01-27,41.575023554208165,41.936304156223486,41.42217335518804,41.6236572265625,11482300
2020-01-28,41.6722846711387,42.3809500556839,41.59585958305011,42.17251968383789,15367500
2020-01-29,42.27673787922969,42.32537154930231,41.29711264581005,41.359642028808594,13408900
2020-01-30,40.782983458783036,41.262373615749134,40.53286593329249,41.24153137207031,16719600
2020-01-31,41.2276317905662,41.720917613805305,41.06783508657336,41.2971076965332,14283600
2020-02-03,41.41522841382532,41.46386208804709,40.303595137939254,40.33138656616211,15566400
2020-02-04,40.345280599817094,40.69266548712417,40.0534785666406,40.498130798339844,13924600
2020-02-05,40.66486651132919,41.123414371439594,40.58844142625481,41.081729888916016,10271900
2020-02-06,41.130364462078035,41.45690440052604,41.03309713358986,41.2971076965332,10283700
2020-02-07,41.44995464648278,41.79039292005127,41.36658303573904,41.64448928833008,9418100
2020-02-10,41.63754859912366,41.852928161621094,41.52638555242669,41.852928161621094,8270200
2020-02-11,41.81818601232758,41.92934905492075,40.47728032023348,40.776031494140625,22488200
2020-02-12,40.69960712346008,40.89414177617821,40.380011072134195,40.45643615722656,20938000
2020-02-13,40.55370791494645,40.87330400119506,40.26190590398365,40.74824523925781,19460100
2020-02-14,40.782982213847646,40.859407305451946,40.49117755957087,40.65097427368164,9138900
2020-02-18,40.82466494968999,40.82466494968999,40.164635878501215,40.23411178588867,12427300
2020-02-19,40.38696021942155,40.69960708984306,40.129893542443945,40.44948959350586,13642800
2020-02-20,40.35917663574219,40.54676479442684,40.25496010858303,40.35917663574219,16748600
2020-02-21,40.2341164156827,40.47033823845279,40.15769131856057,40.43560028076172,15704300
2020-02-24,40.41475184641447,40.77603240550103,40.28274655861471,40.289695739746094,18520900
2020-02-25,40.324431155929965,40.57454865419366,39.50460275621491,39.68524169921875,19384900
2020-02-26,39.86588452881604,40.20632018397077,39.53239540423477,39.69913864135742,16803600
2020-02-27,39.44902277440122,39.865886185200004,38.23317579765958,38.25402069091797,25907200
2020-02-28,37.336932526742025,37.642630303522616,36.25309061760546,37.62873458862305,45828300
2020-03-02,38.3234935337841,39.97704603191002,38.12895888118195,39.824195861816406,30736200
2020-03-03,39.747774340752066,40.33138100122346,38.36518410664109,38.698673248291016,27500200
2020-03-04,39.330915191362834,40.470337134706796,38.98353032325377,40.3800163269043,17626400
2020-03-05,39.51155173625453,39.96315309726686,39.24754116090632,39.713035583496094,21249900
2020-03-06,38.41381989737097,39.74777653770147,38.28181194939876,39.51155471801758,22510800
2020-03-09,37.77463176858192,40.00484475137296,37.524514226561514,38.788997650146484,31862200
2020-03-10,38.95573613691506,39.525447068211385,37.46198024977467,39.26838302612305,34330900
2020-03-11,38.46245395821799,38.580563544091405,37.649571968862276,38.0942268371582,21147400
2020-03-12,36.09329340948049,37.517571039236024,35.25956907854126,35.57221603393555,45610600
2020-03-13,36.82279424295474,37.77462799355589,35.74590173384121,37.63567352294922,45744000
2020-03-16,35.36377830007572,36.96174805786441,34.05761054008203,35.426307678222656,36990400
2020-03-17,35.78064785372185,38.54583158340598,35.773701321257626,37.73295211791992,33898000
2020-03-18,37.51061463084941,38.858466799927626,35.34988059177026,37.73988723754883,38417400
2020-03-19,37.350818819479755,38.15675158518,36.66994481486542,37.2535514831543,33024900
2020-03-20,36.62826041160162,36.85058650952006,35.23177179306924,35.989070892333984,46013800
2020-03-23,35.16229159668072,37.01037871689111,34.134032856521294,34.953861236572266,39225100
2020-03-24,36.1002352738253,36.1002352738253,34.16877623298873,34.73154067993164,40626900
2020-03-25,34.293838926999776,36.065501447631654,33.93255830058151,34.69680404663086,38551300
2020-03-26,34.45363042736998,37.44808886656957,34.39804757775938,37.19797134399414,32610900
2020-03-27,36.232245487889855,37.40640547495583,35.808435493348384,36.663002014160156,25363600
2020-03-30,37.16323538653829,38.23317879571515,36.78110990075768,38.05253982543945,20660200
2020-03-31,37.56618925113031,37.89273178682198,37.204908768103145,37.3299674987793,21251800
2020-04-01,36.475406122546076,37.13543781102122,36.23918433878663,36.767208099365234,18672600
2020-04-02,37.21187207659357,38.55972455745369,36.88532941691826,38.38603210449219,20159400
2020-04-03,38.21233281147997,38.37907870262337,37.71209778838579,38.003902435302734,17612500
2020-04-06,38.74731550722954,39.560194973302664,38.19844668037485,39.39345169067383,20284400
2020-04-07,39.62966931910972,40.21327604668251,39.191963610846024,39.587982177734375,21786000
2020-04-08,39.78251186668631,40.310538323018314,39.33785968261899,40.15768814086914,18234200
2020-04-09,39.96457801780179,40.80024473868917,39.943511622460676,40.33676528930664,19689500
2020-04-13,40.3016467835669,40.44911688318876,39.578338760702295,39.7960319519043,12977700
2020-04-14,40.24547179014934,41.010915331260094,39.99968559396034,40.828330993652344,16765600
2020-04-15,40.421031625488716,40.737038234979714,39.824124596678125,39.97861862182617,18372800
2020-04-16,40.23142424216306,40.73001516418249,39.92243620577075,40.49125289916992,17825800
2020-04-17,40.77215212088277,41.20754120403252,40.54743500191262,41.05304718017578,15054300
2020-04-20,40.80023906473552,41.3690557693996,40.701925661696144,40.82130813598633,14002200
2020-04-21,40.30165238801124,40.75811058327607,39.83115171554899,39.90137481689453,14234500
2020-04-22,40.31569430225283,41.130294535021065,40.18929058692333,40.72299575805664,12701100
2020-04-23,40.814287777092105,41.19349894659086,40.35783226907136,40.442100524902344,15684400
2020-04-24,40.477207892575194,40.72299407504212,39.90839387593997,40.68085861206055,15371500
2020-04-27,40.68085255464461,40.93365993721225,40.16821655281085,40.59658432006836,16050100
2020-04-28,40.6036137478406,40.996870053260544,40.46316487598781,40.61063766479492,13392600
2020-04-29,40.9968696134219,41.151360959847025,40.51934506154922,40.81428527832031,17818100
2020-04-30,40.61063691599137,40.701926403998925,40.17524515339178,40.34378433227539,17532400
2020-05-01,40.56147224623627,40.582541315124296,39.697715429319906,39.908390045166016,13857400
2020-05-04,39.922433264835604,40.04883696516818,39.18508013212163,39.49406814575195,11833600
2020-05-05,39.32553558155436,39.9856418215768,39.32553558155436,39.683677673339844,10902400
2020-05-06,39.57833048522034,39.78900239475037,39.00249268238022,39.072715759277344,12460400
2020-05-07,39.39575333801538,39.43086756166563,38.749692341206,39.03059005737305,14083100
2020-05-08,39.48003093310501,40.048845020167754,39.34660328989603,40.02777862548828,11097900
2020-05-11,39.936481806951676,39.96457211581791,39.49407149708529,39.60643005371094,12636800
2020-05-12,39.85221581571036,39.85221581571036,38.93930215658092,38.94632339477539,13117700
2020-05-13,38.73564399667353,39.00951777401457,38.314300135970235,38.517948150634766,20604500
2020-05-14,38.272170140361546,38.574134265867876,37.81571199375729,38.560089111328125,15859200
2020-05-15,38.36346545816322,38.45475495191479,38.06852254626867,38.41964340209961,10174000
2020-05-18,39.07974954798458,39.46598192617981,38.65138170570211,39.12890625,15735900
2020-05-19,38.92526149475891,39.009529757017425,38.14577270205829,38.18790817260742,18467100
2020-05-20,38.30025571161438,38.55306310437841,37.956156165054686,38.1036262512207,21405400
2020-05-21,38.22301681350569,38.37048693093385,37.82273924972093,37.899986267089844,18201000
2020-05-22,37.89295857084194,38.12469959983791,37.68930785060414,37.99127197265625,19960000
2020-05-26,38.55306809871823,38.798851607501504,38.04745324769053,38.13172149658203,20830500
2020-05-27,38.349416183577056,38.77778401029658,38.22301247474706,38.72160339355469,17063800
2020-05-28,39.030592845969146,39.17806295201543,38.73564995503722,39.12890625,15427900
2020-05-29,38.855036920818925,40.58255096544559,38.546048839483014,40.29463195800781,34227800
2020-06-01,39.81709943449793,39.9575482908962,39.149969375735516,39.17103576660156,18156100
2020-06-02,39.1991286116684,39.648562838170996,39.00250180728334,39.60643005371094,17300400
2020-06-03,39.690694192249914,40.01372467425005,39.53620018831984,39.908390045166016,16086700
2020-06-04,39.84519058020445,40.287600870738,39.683672650701396,40.18226623535156,16147300
2020-06-05,40.554453183247176,40.81428183019042,40.08395258800295,40.54743194580078,17105600
2020-06-08,40.48424270755452,40.87047517958895,40.21739006117946,40.79322814941406,14963000
2020-06-09,40.554466835077704,40.821319488136986,40.28761418201842,40.6317138671875,14530800
2020-06-10,40.659802054078455,40.891540459427794,40.51935315567647,40.76513671875,13649100
2020-06-11,40.36484466431411,40.68787513992889,39.60642517031252,39.641536712646484,23412500
2020-06-12,39.7679453462016,39.89434905737088,39.17806225369139,39.69771957397461,17129000
2020-06-15,39.13593473996094,39.70475155576535,38.81992539784738,39.430877685546875,14826800
2020-06-16,39.908388966327074,40.25248582907428,39.49406634058323,39.971588134765625,15021300
2020-06-17,40.12608695535731,40.14715334736779,39.68367397126233,39.78199005126953,10652100
2020-06-18,39.67666095233191,39.99969153132314,39.58536876997705,39.95053482055664,9019500
2020-06-19,40.273563449931885,40.35783438902909,39.325538155225715,39.437896728515625,28868200
2020-06-22,39.26233334371849,39.50811686720693,39.051661369465606,39.08677291870117,12333900
2020-06-23,39.14997442055865,39.22019751838709,38.56009129074553,38.58115768432617,20716400
2020-06-24,38.300262699111904,38.31430785447663,37.5418403824533,37.87189483642578,24794600
2020-06-25,37.85783954427813,38.19491514625816,37.45756209949942,38.11766815185547,17122500
2020-06-26,37.94913482647675,37.96317997924148,37.113465649428555,37.33116149902344,30211900
2020-06-29,37.43650234911936,38.419639026164575,37.43650234911936,38.40559387207031,15930300
2020-06-30,38.56711156269797,38.82694291159999,38.17385793856846,38.71458435058594,17414800
2020-07-01,38.68649871873492,38.855037920056084,38.32835659933207,38.39155578613281,12831600
2020-07-02,38.65840794039317,38.91121539991429,38.44071471156973,38.475826263427734,15814500
2020-07-06,38.86908012785628,38.92526075418626,38.560094719560475,38.79183578491211,11231100
2020-07-07,38.567107710119764,38.855029340223844,38.48283946748686,38.6513786315918,13319700
2020-07-08,38.700538776205676,38.93227713379358,38.49688804943735,38.89014434814453,15320800
2020-07-09,38.80848354476589,38.80848354476589,38.16936747098507,38.304290771484375,17618400
2020-07-10,38.23327824374357,38.758773971705565,38.23327824374357,38.694862365722656,15652200
2020-07-13,38.87949592191704,38.893698802575656,38.446317543058036,38.66645812988281,15285100
2020-07-14,38.65225606730978,39.518612843364465,38.53863572855855,39.369483947753906,15683600
2020-07-15,39.49020195765749,39.568316438336716,39.071226504950744,39.099632263183594,13903600
2020-07-16,38.9647076435197,39.6464323205973,38.886593160078974,39.610923767089844,13477400
2020-07-17,39.76715250190955,40.19322805228967,39.68903801892466,39.98019027709961,13506300
2020-07-20,39.965979778352576,39.965979778352576,39.52570143237255,39.674827575683594,10572900
2020-07-21,39.65353012084961,40.12221428556302,39.62512436324949,39.65353012084961,12619700
2020-07-22,39.65352646240677,39.731640934139165,39.31976561370356,39.58961486816406,11223500
2020-07-23,39.632226224451365,39.83106110512877,39.341073988207135,39.66062927246094,16718700
2020-07-24,40.01569799310652,40.882054722846235,39.866571814390724,40.37076187133789,17981700
2020-07-27,40.4772737075189,40.71161711873965,40.1293099872304,40.38495635986328,12306700
2020-07-28,40.512786794084164,40.9743709060197,40.45597798384789,40.81814193725586,13454700
2020-07-29,40.74002533681955,40.96726598380634,40.59089917015737,40.796836853027344,9341800
2020-07-30,40.626403647458076,40.80393556625549,40.57669492690857,40.69031524658203,12635800
2020-07-31,40.37076070510997,40.83234481704551,40.22873732505812,40.81814193725586,16202900
2020-08-03,41.09508737306862,41.09508737306862,40.56249162227071,40.647708892822266,13493400
2020-08-04,40.619306967767514,41.28682606319226,40.605104088002435,41.123497009277344,11601000
2020-08-05,41.301018992575884,41.322321952629956,40.76842331985065,40.860740661621094,9809300
2020-08-06,40.83234508292596,41.15190310796811,40.7968392376818,41.066688537597656,10369900
2020-08-07,41.059591620446504,41.577984620196375,40.93887118755202,41.56378173828125,12783900
2020-08-10,41.64899832391149,42.00406223900392,41.5211750977644,41.89044189453125,12114500
2020-08-11,42.11057354376556,42.33071411369125,41.36493997442308,41.5495719909668,12833100
2020-08-12,41.613487243652344,41.87623647532353,41.556678429319746,41.613487243652344,10802100
2020-08-13,41.400438389586746,41.61347612703757,41.32232392043969,41.55666732788086,7428600
2020-08-14,41.52827629219153,41.854934452650966,41.36494721196181,41.748416900634766,8715900
2020-08-17,41.70580427234698,41.84783037039717,41.57798105499407,41.741310119628906,8371900
2020-08-18,41.79812324012173,42.2313016367176,41.741311715161075,42.02536392211914,10130600
2020-08-19,42.15318885305312,42.209997671393936,41.84783366631844,41.933048248291016,10816300
2020-08-20,41.61348277157872,41.96144654181546,41.60638268639611,41.8691291809082,8061500
2020-08-21,41.897541980907114,41.92594774425596,41.57088382916352,41.89044189453125,11059300
2020-08-24,41.96854624102644,42.330712887219896,41.89753455416454,42.30230712890625,10931500
2020-08-25,42.39461928261838,42.430125121688974,42.02535259665607,42.19578170776367,11316800
2020-08-26,42.110577050608995,42.252603149197526,41.82652756235446,42.22419738769531,15096400
2020-08-27,42.32360889480105,42.45853488850938,42.18868561001486,42.20288848876953,11405300
2020-08-28,42.18868117470751,42.18868117470751,41.76970577671913,42.08216094970703,11873900
2020-08-31,41.92594628990129,42.209995786768324,41.911743408719545,42.08927536010742,14555500
2020-09-01,41.98274841696684,42.11057161831498,41.741304893189486,42.01115417480469,13358400
2020-09-02,42.00405360866783,43.13315673502822,41.89753337245714,42.98402786254883,21711900
2020-09-03,43.19706910912207,43.51662440563676,42.70707926447813,43.04084014892578,23126800
2020-09-04,42.94853210449219,43.67286283760119,42.6502797073476,42.94853210449219,22250100
2020-09-08,43.17576536558609,43.17576536558609,42.33781442895952,42.57925796508789,18469700
2020-09-09,42.69286760280739,43.140248718384996,42.586350095522384,42.63605880737305,15896200
2020-09-10,42.770988986215315,42.78519186460201,42.188684516971016,42.27389907836914,15811200
2020-09-11,42.30941188075599,42.57925847045577,42.15318291172387,42.45853805541992,13924800
2020-09-14,42.62186594350507,43.16156181705762,42.60766306407971,42.834903717041016,11932500
2020-09-15,42.68578369717945,43.38880872204126,42.678680901982176,43.03374481201172,9444300
2020-09-16,42.98402742446193,43.26807957884734,42.83490126242454,42.87040710449219,12699000
2020-09-17,43.03373811617575,43.31069019840145,42.67867426139237,43.02663803100586,14996200
2020-09-18,42.73548077566331,43.27517657982942,42.71417781372523,42.856201171875,22584500
2020-09-21,42.6076607260378,42.6644722406218,41.9117359259165,42.330711364746094,15871400
2020-09-22,42.41593534071639,42.8704167225592,42.266809145222226,42.4798469543457,12198900
2020-09-23,42.4869486087002,42.70708649834939,41.79102096390479,41.8336296081543,15416200
2020-09-24,41.897535965880536,42.295208468904306,41.64899234456711,42.0324592590332,10875300
2020-09-25,41.79101085947191,42.2170890721798,41.76260781242897,42.17448043823242,10676300
2020-09-28,42.29520524530794,42.465634370098385,42.02535597064728,42.15317916870117,11910500
2020-09-29,42.09636951061768,42.24549838753738,41.96854630692777,42.06796646118164,10005900
2020-09-30,42.22419298386075,42.40172491134983,41.933040731135556,42.24549865722656,16348400
2020-10-01,42.18158857639271,42.32361195636873,41.91883936380795,42.21709442138672,14547100
2020-10-02,42.103472304668344,42.28810431615254,41.97564910097844,42.06796646118164,10741800
2020-10-05,42.34491941548187,42.49404559609625,42.08217019182135,42.3662223815918,10457400
2020-10-06,42.43723518111685,42.58636407454219,42.131882726196906,42.22419738769531,12524900
2020-10-07,42.33781144960803,42.45143176985392,42.039559124808385,42.330711364746094,13674700
2020-10-08,42.429757734532586,42.867548305959254,42.322106065703835,42.47999572753906,14266400
2020-10-09,42.52305843938573,42.73118883395863,42.401052666007665,42.580474853515625,9846200
2020-10-12,42.58046790637891,42.8316578328015,42.45128373342876,42.73835754394531,20211200
2020-10-13,42.84601161840069,42.860365719485515,42.23597464223725,42.60199737548828,22109600
2020-10-14,42.67375808301968,42.71682037914975,41.90583159750182,41.934539794921875,16591900
2020-10-15,41.704884550543134,41.82689029714788,41.42498643749487,41.74076843261719,13644500
2020-10-16,41.68336342602789,41.9345533904804,41.6331226953721,41.66183090209961,13364200
2020-10-19,41.73359502397189,41.83407099435671,40.96566840715668,41.123558044433594,16075100
2020-10-20,41.2958112106019,41.38910877663646,40.736012125568,41.08768081665039,18696200
2020-10-21,40.98719676662983,41.417808835543404,40.685766128178514,40.72882843017578,21498300
2020-10-22,40.858019240739374,41.38193168027104,40.556588553284115,41.14509582519531,16636100
2020-10-23,41.446526463376735,41.60441886884595,41.23839606303375,41.59724044799805,12879600
2020-10-26,41.28144410397996,41.518279892545124,40.886715964528385,41.48957443237305,15196800
2020-10-27,41.41063702426197,41.51828868266893,41.13073887953286,41.18097686767578,12253000
2020-10-28,40.850843267685,41.15944965624558,40.27669280214163,40.413055419921875,18720200
2020-10-29,40.30539558368531,41.13073864900455,40.204919607962616,40.73600769042969,19146100
2020-10-30,40.62118018654515,40.958494758785065,40.45611211057556,40.90108108520508,17632800
2020-11-02,41.38910438002571,41.776656919781225,40.90825428414628,41.41063690185547,16086400
2020-11-03,41.489580247276045,41.89866254303012,41.27427147034036,41.44651794433594,10693500
2020-11-04,41.04461051596336,41.51828488784862,40.60682276469869,41.06614303588867,20785700
2020-11-05,41.6331180893279,42.32210128573669,41.482404127330504,41.73359680175781,20156400
2020-11-06,41.683366996893746,42.164217180828516,41.63312626193402,42.006324768066406,11986200
2020-11-09,43.09002569930158,43.477578213840296,42.709648866395874,42.94648742675781,24265900
2020-11-10,43.26227218157557,44.07326114581328,43.20485851157348,43.85077667236328,22051800
2020-11-11,43.98714115311436,44.030200723016186,43.39863663715822,43.77901077270508,12196900
2020-11-12,43.71442159644909,43.78618937625014,43.30533922849942,43.628299713134766,13293300
2020-11-13,43.51346851685817,43.91537245395378,43.334046334150415,43.82207489013672,10652800
2020-11-16,43.6426443196044,44.10914026232801,43.56369813634348,43.70005798339844,14289400
2020-11-17,43.46323042855298,43.79336658694112,43.31969213515133,43.59959030151367,11698200
2020-11-18,43.87231011360707,43.88666421584967,43.27662719048201,43.29098129272461,11698800
2020-11-19,43.348394911761,43.37710037663362,42.9895505920867,43.212032318115234,12663000
2020-11-20,43.21202113436263,43.29814571998518,43.025423341042135,43.09001541137695,14225400
2020-11-23,43.068498445739685,43.341220923147716,43.06132276322916,43.22639083862305,11601400
2020-11-24,43.49192931032141,43.63546758198469,43.319685574537324,43.52063751220703,15481400
2020-11-25,43.54217342451921,43.59241415377424,43.29816188743443,43.35557556152344,10604300
2020-11-27,43.43450728553684,43.59239962775726,43.355561114426635,43.477569580078125,5763700
2020-11-30,43.290983467070056,43.491935433029376,43.197683166689565,43.35557556152344,21839100
2020-12-01,43.36991521260706,43.72158103585252,43.262260845136,43.477569580078125,14282600
2020-12-02,44.06607697276592,44.46080511792822,43.78617614548207,44.03736877441406,14169900
2020-12-03,43.85795591791914,44.37469264649146,43.80771792905961,44.31010055541992,11937200
2020-12-04,44.17373275756836,44.35315490746731,43.97278082576625,44.17373275756836,10495800
2020-12-07,44.152213287012145,44.28139748413036,43.90819899665167,44.03020477294922,12537500
2020-12-08,43.90819439722834,44.28139284561415,43.69288833717329,44.10197067260742,13421100
2020-12-09,44.101962807745565,44.36750680986588,43.84359448664921,44.10913848876953,14949500
2020-12-10,43.96560411712271,44.0301962031099,43.29815621227483,43.427337646484375,15464400
2020-12-11,43.11873410895709,43.441691801529394,43.039787921789696,43.31250762939453,13673000
2020-12-14,43.49911889571419,43.822079405417966,42.89626019018898,43.046974182128906,15706500
2020-12-15,43.111564404754795,43.59241730663369,43.039796622511574,43.4560546875,15876000
2020-12-16,43.20486118884879,43.38428336759171,42.82448430823347,42.99673080444336,17165900
2020-12-17,43.04696310688513,43.16897159594499,42.781419084011056,43.0684928894043,12095500
2020-12-18,43.06132047079144,43.62111676082692,42.91060650620728,43.391456604003906,31909400
2020-12-21,43.10439108964661,43.154629087529855,42.544591953887455,42.695308685302734,18567500
2020-12-22,42.57329597484998,42.64506375397493,42.24315981045072,42.33646011352539,12951500
2020-12-23,42.487168814136666,42.54458248275104,42.26468434606424,42.31492233276367,14012100
2020-12-24,42.34362798066174,42.39386596432948,42.099613743804966,42.228797912597656,7751100
2020-12-28,42.45846886968531,42.4728229740722,42.092448789998706,42.32928466796875,15355600
2020-12-29,42.3651535633673,42.515870237195294,42.085255471316685,42.2072639465332,15686100
2020-12-30,42.22162832058327,42.30057177932917,41.66900768277096,41.72642135620117,18259800
2020-12-31,41.669010823943275,42.20009897871022,41.640302616181444,42.164215087890625,12906300
2021-01-04,42.314923364665844,42.45128596425961,41.94172492739423,42.23597717285156,19129800
2021-01-05,42.243153939684305,42.40822199894351,41.956077387550536,42.04220199584961,16220000
2021-01-06,42.20728274779147,42.73119528588776,42.01350642749299,42.55177307128906,22678500
2021-01-07,42.26741726575957,42.62284791625853,42.12959761290319,42.45601272583008,19079900
2021-01-08,42.23839704563055,42.332696148748774,41.61457689235773,41.92648696899414,28411600
2021-01-11,41.89022146223337,42.10783244888216,41.55655109823364,41.67986297607422,15688000
2021-01-12,41.54203767624398,41.67260480387762,41.12132076118591,41.53478240966797,22699300
2021-01-13,41.505768831938994,41.527529097094074,41.259142347578994,41.38970947265625,16985400
2021-01-14,41.26639912245694,41.658100538272,41.09956394914467,41.375205993652344,18341100
2021-01-15,41.18661284480026,41.708881463370496,41.1358370365586,41.6218376159668,15785300
2021-01-19,41.66535995412417,41.7669143420639,41.33168955211603,41.38246536254883,18821300
2021-01-20,41.35343948429607,41.62908150564193,41.099560495604784,41.53478240966797,19923100
2021-01-21,41.48400308978271,41.716121793185124,41.38245150292831,41.54203414916992,13601500
2021-01-22,41.46950477505454,41.84669844580709,41.17210244560574,41.68711853027344,16364500
2021-01-25,41.68711968279313,42.521295621590525,41.47676118937182,42.376220703125,22444300
2021-01-26,41.33894028053868,41.549296000483736,40.91822330650089,41.03428268432617,37892700
2021-01-27,41.08506015822724,41.317178923307424,39.938974101528096,39.989749908447266,37239000
2021-01-28,39.89543926305311,40.86018484979114,39.89543926305311,40.16382598876953,24000800
2021-01-29,39.89544663799408,40.09129734444762,39.518252992276935,39.71410369873047,26231200
2021-02-01,40.09129968838544,40.09129968838544,39.32965985236374,39.3731803894043,20541100
2021-02-02,39.48198862846593,40.01876222902862,39.29339040453661,39.53276443481445,18974500
2021-02-03,39.39494396436952,39.82291344259531,39.35142065965925,39.74312210083008,13909300
2021-02-04,39.721355793602385,40.16383300362379,39.598043924356354,39.99699783325195,14761700
2021-02-05,40.04052345104558,40.388701578976125,40.01876041568669,40.127567291259766,12069500
2021-02-08,40.16383567289558,40.24362701339232,39.7431214690134,39.93171691894531,17887700
2021-02-09,39.90996599283773,40.11306925831939,39.663339413149515,39.89545822143555,19605600
2021-02-10,40.055034234219605,40.214614158779625,39.83742046669176,39.86643600463867,16232800
2021-02-11,39.90995082342515,39.938966355200975,39.51824944567171,39.60529327392578,17398800
2021-02-12,39.47472729516003,39.66332549011024,39.30063963359283,39.315147399902344,18357300
2021-02-16,39.2498693509986,39.402196768045506,39.046766128269404,39.27888488769531,22095700
2021-02-17,40.62081662632307,41.527531283160634,40.35242986267974,41.33893585205078,40531300
2021-02-18,41.302668576956144,41.788669113375406,41.00526625481556,41.33168411254883,20759900
2021-02-19,41.58556301076804,41.6363388109926,40.87469627347709,40.947235107421875,18689400
2021-02-22,41.00526340750412,41.23012964212257,40.72962413973469,40.947235107421875,17854900
2021-02-23,41.20837433441548,41.73064016629851,40.831180653732574,41.36795425415039,21062000
2021-02-24,41.40422240032436,41.65084614835761,41.10681731506929,41.43323516845703,17136900
2021-02-25,40.70785941096076,41.24463569150673,40.432220154668805,40.98350143432617,24165300
2021-02-26,40.96173475645058,41.0632863367743,40.105796055046405,40.1130485534668,23935200
2021-03-01,40.25088098412684,40.5845513362959,40.098550808507284,40.15658187866211,20550400
2021-03-02,40.120313495344284,40.27264090256881,39.83741618140398,39.88093948364258,17184600
2021-03-03,39.576288303874826,40.599062480286754,39.46022892098674,40.17109298706055,22838700
2021-03-04,40.29440655386749,40.3451823630598,39.554526919398654,39.7503776550293,23692000
2021-03-05,39.85917928724042,40.76589399911089,39.83741625254541,40.620819091796875,23598100
2021-03-08,40.58455052594811,41.56380129513151,40.49025142236624,41.19386291503906,23648800
2021-03-09,41.27366052075232,41.41873268113144,40.74413662048699,40.765899658203125,20956400
2021-03-10,41.121330853099266,41.55655564104788,40.51201836363051,41.40422821044922,18848600
2021-03-11,41.35344621817726,41.4840133670721,40.23637571896149,40.26538848876953,30312900
2021-03-12,40.42496832098727,40.744130902937556,40.337924483559675,40.35243225097656,22002400
2021-03-15,40.48299862766102,40.57729496348296,39.967982578826316,40.359683990478516,18970600
2021-03-16,40.40320729190886,40.562787196339514,40.21460908611767,40.359683990478516,19044700
2021-03-17,40.45398378057349,40.70786279221243,40.10580566443708,40.439476013183594,17867000
2021-03-18,40.4394748772282,40.88920458538716,40.37419130934435,40.84568405151367,19970700
2021-03-19,40.93273007399609,40.99801364536904,40.58455194903161,40.7949104309082,39055000
2021-03-22,40.52652516647508,41.1068221028223,40.45398908708445,41.04879379272461,20656600
2021-03-23,40.92546951611571,41.65084120779085,40.8964567514245,41.28090286254883,20084100
2021-03-24,41.15759140740341,41.65809688342872,41.0778000778037,41.35343933105469,14819800
2021-03-25,41.382463576764096,41.73789700152974,41.128584535555795,41.6218376159668,18047400
2021-03-26,41.658100542133546,42.252905166023254,41.62183250742294,42.20212936401367,19632700
2021-03-29,42.13684957610661,42.78243005994093,42.035297962974106,42.67362594604492,18577300
2021-03-30,42.70263016312388,42.775168991599436,42.238392729173796,42.49952697753906,13239700
2021-03-31,42.36171710784091,42.448760954980074,42.11509056838494,42.18037414550781,19531700
2021-04-01,42.08607371491656,42.35446051600041,41.88297048891515,42.28917694091797,12885100
2021-04-05,42.456006405552515,42.89123110312126,42.40523060589719,42.702632904052734,14326300
2021-04-06,42.65911327331488,42.87672424316406,42.56481417178657,42.87672424316406,12198300
2021-04-07,42.8912351435737,43.13060639777331,42.644608621840696,42.79693603515625,13218400
2021-04-08,42.553525667510606,42.61951160381,42.17960442953277,42.230926513671875,16472400
2021-04-09,42.230923169311275,42.37755888245795,41.97431276893731,42.15027618408203,13872000
2021-04-12,42.27491573606502,42.443545831332194,42.10628564079785,42.18693542480469,19564600
2021-04-13,42.062303850191675,42.3482420257921,41.90833757053672,42.24559783935547,15489100
2021-04-14,42.15760927305953,42.61951081864583,42.00364302347869,42.30424499511719,13890100
2021-04-15,42.20160082872996,42.45821124469803,42.18693697683982,42.30424499511719,13338400
2021-04-16,42.575518311963776,42.87612027688771,42.3775605111343,42.72948455810547,19866200
2021-04-19,42.89079231766087,43.044758593199596,42.59019029534249,42.810142517089844,11955400
2021-04-20,42.61218467846395,42.920120026385646,42.50220996601239,42.810142517089844,16673600
2021-04-21,42.817465949905255,43.14006228081064,42.56085275311916,42.62683868408203,18310100
2021-04-22,42.4802071298963,42.59018462454883,41.893667017718506,41.99631118774414,20921900
2021-04-23,41.88634394103737,42.135623882662465,41.62973067348086,42.010982513427734,18099400
2021-04-26,42.05495979323214,42.07695416986659,41.68103860938606,41.74702453613281,15073600
2021-04-27,41.483081007479555,41.58572515441906,41.20447346804146,41.29245376586914,21858600
2021-04-28,41.3291201688126,41.54174182774465,41.30712578921404,41.373111724853516,12862500
2021-04-29,41.461085325625795,42.17226665047322,41.44642147598691,42.025630950927734,18169200
2021-04-30,42.04762868955341,42.4215498931394,41.761690590836814,42.3702278137207,16861500
2021-05-03,42.69282351387738,42.766142766858124,42.42887979683373,42.465538024902344,17559100
2021-05-04,42.509524131756585,43.00075327485499,42.48752975710132,42.96409225463867,22067700
2021-05-05,42.98609394869815,43.30135973719405,42.92743854765544,43.03008270263672,17882200
2021-05-06,43.191389796119275,43.52865002044075,43.030090211946415,43.46999740600586,14593100
2021-05-07,43.1107384888383,43.30869629968092,42.964102762638895,43.052085876464844,15678600
2021-05-10,43.31602973762488,43.880572670177806,43.272038180596766,43.63862609863281,22563000
2021-05-11,43.836590165120796,43.836590165120796,42.736826254085216,42.92012023925781,17971900
2021-05-12,42.70748676301351,43.18405211172445,42.634170307908825,42.82479476928711,14718600
2021-05-13,42.524199067646755,43.39667731751571,42.49487136256447,43.118072509765625,13305100
2021-05-14,43.26469871312063,43.447992646113896,43.01541885237604,43.03008270263672,13770000
2021-05-17,43.17672311658319,43.308694986476624,42.42888345280164,42.48020553588867,22387000
2021-05-18,42.15760490384068,42.15760490384068,41.527073322131756,41.92298889160156,26579000
2021-05-19,41.439088440654835,41.74702087389754,41.31444712469243,41.732357025146484,20213500
2021-05-20,41.725027110917885,41.97430694965419,41.607719116032754,41.637046813964844,20768900
2021-05-21,41.83501411498408,42.01097474899598,41.60039807173897,41.72503662109375,15474400
2021-05-24,41.85700552696309,42.01097177001679,41.629720027566925,41.7763557434082,12970700
2021-05-25,41.7910188868716,41.81301326498,41.270464761453034,41.409767150878906,15935100
2021-05-26,41.40244239597191,41.46842833634024,41.255806662170734,41.32179260253906,14045200
2021-05-27,41.292460229519044,41.46109032543635,41.07250805209836,41.27046585083008,30754300
2021-05-28,41.31445204554004,41.52707368249039,41.27046329089066,41.41709899902344,14027800
2021-06-01,41.607726747651284,41.688376533335564,41.233808319384956,41.33645248413086,14922800
2021-06-02,41.285121111576785,41.6737033040581,41.18247417308527,41.534400939941406,13681100
2021-06-03,41.5710674193366,41.95231916178647,41.48308710856929,41.7763557434082,14212500
2021-06-04,41.73237486176571,42.06230460757016,41.71771380359162,42.010982513427734,11868100
2021-06-07,41.959646964943644,42.03296621652616,41.84233895925508,41.937652587890625,11144100
2021-06-08,41.96698309427934,41.97431362150595,41.637053432208816,41.900997161865234,15858400
2021-06-09,41.90100175964685,42.17960657432769,41.79835478930532,41.82768249511719,14705100
2021-06-10,42.03297556294207,42.23826391933392,41.95232576668981,42.040306091308594,12013600
2021-06-11,42.15027462056674,42.19426337508851,41.798347803331616,42.03296661376953,12929000
2021-06-14,41.93031941836501,41.98897481984653,41.68103955575552,41.92298889160156,11907600
2021-06-15,41.92299705626374,42.120954879551675,41.908333203037515,42.00364685058594,12602700
2021-06-16,42.06228698999778,42.07695083887436,41.51973856578018,41.527069091796875,15678400
2021-06-17,41.53441332266496,41.73236834237894,41.42443582562926,41.44643020629883,14761100
2021-06-18,41.28513017420867,41.28513017420867,40.74257885331444,40.925872802734375,38210500
2021-06-21,41.10916829197738,41.4171035928959,41.04318235584083,41.34378433227539,13628200
2021-06-22,41.56373284081654,41.629718771111364,41.26313089099423,41.32911682128906,13866600
2021-06-23,41.38776892675851,41.60772107793399,41.09449752729565,41.109161376953125,16524500
2021-06-24,41.175150582882324,41.35844452294089,41.101834125596326,41.32911682128906,15386200
2021-06-25,41.25580269844658,41.43909664887676,41.19714729182394,41.33645248413086,14540300
2021-06-28,41.33645123652741,41.42443154696226,41.18248219721187,41.189815521240234,13754900
2021-06-29,41.204476393391374,41.32911492442581,40.92586883417327,40.94053268432617,15313000
2021-06-30,40.88187620778595,41.160483759671656,40.88187620778595,41.079833984375,14559700
2021-07-01,41.1898160665123,41.373110013836815,41.07250805209836,41.27046585083008,11672200
2021-07-02,41.336451001755016,41.47575339222266,41.24846789497623,41.38043975830078,11387100
2021-07-06,41.40976247352161,41.43175684914568,41.05783847932006,41.35844039916992,13815900
2021-07-07,41.31445832859355,41.48309123654001,41.211814156343664,41.44643020629883,14393300
2021-07-08,41.33373991807992,41.50426442498708,41.18545687738473,41.28184127807617,18384000
2021-07-09,41.29666215104547,41.689609731463676,41.23734781454139,41.57098388671875,13757000
2021-07-12,41.5116613571603,41.785983020001375,41.43010558025181,41.630287170410156,13451500
2021-07-13,41.71926604111463,41.874961928838694,41.51908440192804,41.585811614990234,12511900
2021-07-14,41.58580794098147,41.83788818713872,41.541322193449155,41.75633239746094,14821700
2021-07-15,41.75634393512374,41.96393849110896,41.69703241695526,41.9268684387207,12813900
2021-07-16,42.023241891998694,42.104797682968744,41.823060267325744,41.860130310058594,11637900
2021-07-19,41.64512001900937,41.845301643280315,41.007507931801086,41.400455474853516,21958500
2021-07-20,41.48202059329314,42.089978480037686,41.17804164992087,41.207698822021484,20258900
2021-07-21,41.91944701928855,42.149282994229445,41.45976941288049,41.48201370239258,25264100
2021-07-22,41.63029670999959,41.72667826092049,41.237346315601535,41.48201370239258,16231400
2021-07-23,41.39304851283517,41.54132870465854,41.252178371034255,41.430118560791016,14894300
2021-07-26,41.430115208214374,41.47459813085642,41.18544782063054,41.35597229003906,15330500
2021-07-27,41.27442319773447,41.77117093126703,41.13355587271721,41.66737365722656,15225800
2021-07-28,41.6970353433926,41.756346865723756,41.28925625371131,41.311500549316406,14595900
2021-07-29,41.437526178296785,41.652536388712356,41.43011330095208,41.50425338745117,12841900
2021-07-30,41.54132534308264,41.65253830621404,41.341143706404,41.35597229003906,13856900
2021-08-02,41.56357432785377,41.711854524428446,41.28183686348767,41.341148376464844,13833400
2021-08-03,41.34114252269591,41.48201264906395,41.20027522459093,41.31890106201172,12573100
2021-08-04,41.222511135905904,41.30406691845299,40.98525949300311,41.05198669433594,16446100
2021-08-05,41.081647342200796,41.14837454919487,40.96302151068498,41.000091552734375,12776600
2021-08-06,41.02234407487987,41.21511002918786,40.933372562186804,40.94078826904297,12660300
2021-08-09,40.9852640181425,41.08906126983978,40.859225306299514,40.86663818359375,13452400
2021-08-10,40.851807518582866,41.17061496298276,40.77766743636734,41.133544921875,11756900
2021-08-11,41.22993640514822,41.40787376447181,41.16320918833604,41.200279235839844,11727300
2021-08-12,41.237345794041936,41.37080021637404,41.17061858287589,41.252174377441406,10744800
2021-08-13,41.29666025771157,41.50425476943177,41.2818316742654,41.422698974609375,8384600
2021-08-16,41.45976763859391,41.57098059660555,41.20769021319181,41.50425338745117,12964200
2021-08-17,41.42270328929625,41.667370699248565,41.34856319260589,41.65254211425781,11847600
2021-08-18,41.556162106184004,41.570990692737766,41.111315822625926,41.12614440917969,15093500
2021-08-19,41.00008807421737,41.26699687954868,40.91853229167028,41.05198669433594,12679900
2021-08-20,41.0223445016754,41.30407914334413,40.92596010938688,41.163211822509766,10645100
2021-08-23,41.18545758349626,41.30408345243347,41.081660301709185,41.089073181152344,11963700
2021-08-24,41.081657466151675,41.08907034508318,40.77767852121498,40.785091400146484,15478400
2021-08-25,40.79250006959185,40.83698582029679,40.63680418451928,40.725772857666016,14666300
2021-08-26,40.71094460924963,40.82215757279596,40.45886434303935,40.48110580444336,15256200
2021-08-27,40.51818234955264,40.65163678659659,40.42921083934773,40.60715103149414,13213800
2021-08-30,40.584909568074615,40.748018346923466,40.540423812972165,40.60715103149414,11621200
2021-08-31,40.562661592889874,40.88146907151465,40.46628004131542,40.777671813964844,18405600
2021-09-01,40.77766674528896,40.88887969499032,40.62938375510808,40.73318099975586,12647300
2021-09-02,40.72577834169717,41.00751581090689,40.703536877481284,40.9926872253418,12875900
2021-09-03,40.955614013644535,41.1483799545815,40.90371255404193,41.09648132324219,11006200
2021-09-07,41.059402606740825,41.14837126621368,40.62938223414043,40.64421081542969,15500900
2021-09-08,40.621984067100094,40.84440721045438,40.621984067100094,40.71095275878906,11835900
2021-09-09,40.65163714660303,40.68129148867054,40.355071099820464,40.362483978271484,19403300
2021-09-10,40.45145451632539,40.53300749037883,40.199374231102276,40.206787109375,15944100
2021-09-13,40.33283237075732,40.762850056657335,40.33283237075732,40.495941162109375,20749000
2021-09-14,40.51818832630415,40.60715702136923,40.24386370510242,40.340248107910156,16937500
2021-09-15,40.266103975994824,40.525597155778286,40.266103975994824,40.45886993408203,15330000
2021-09-16,40.49593551336524,40.62197706410418,40.29575387037744,40.35506820678711,14431400
2021-09-17,40.14005345924345,40.37730512163711,40.08074195777649,40.24385070800781,30787600
2021-09-20,40.080742808789125,40.466277475430395,40.04366993778935,40.22902297973633,20440500
2021-09-21,40.25127479546511,40.51076797141406,40.04367742644245,40.05850601196289,16906900
2021-09-22,40.14005338367953,40.32540642134207,40.05108471751512,40.08074188232422,15907900
2021-09-23,40.184543666966576,40.48852256991609,40.04367353235321,40.347652435302734,14714100
2021-09-24,40.303179771572445,40.458875701637524,40.22162395251056,40.31059265136719,12663900
2021-09-27,40.36989507985616,40.5181780863323,40.31799645182897,40.38472366333008,13118200
2021-09-28,40.36990222379936,40.54783960044842,40.05850757226809,40.15489196777344,19528200
2021-09-29,40.10299055232648,40.5255953279205,40.10299055232648,40.31800079345703,14823000
2021-09-30,40.406963867449115,40.414376744823926,40.03625777692206,40.043670654296875,18736600
2021-10-01,40.051087738181785,40.451451008511526,39.97694482056714,40.25868225097656,18618400
2021-10-04,40.36990092785996,40.66646415550943,40.2438593642047,40.4069709777832,18159200
2021-10-05,40.510759677193036,40.63680121417914,40.27350801396818,40.41437530517578,13218200
2021-10-06,40.2883471494332,40.47370023664475,40.0436797167474,40.42921447753906,21339800
2021-10-07,40.541751787126394,40.77431736562756,40.38420680907352,40.43672180175781,18069600
2021-10-08,40.41420897994033,40.489232434161806,39.92656940583539,39.94157409667969,21384600
2021-10-11,39.956572622142374,39.979081087473936,38.996295382318436,39.146339416503906,32088400
2021-10-12,39.146335233227305,39.146335233227305,38.34360302724675,38.50865173339844,42154000
2021-10-13,38.41861356694527,38.56865754589146,38.156038750177586,38.523643493652344,27246900
2021-10-14,38.46363918562334,39.003796527520535,38.38111482929441,38.95127868652344,27764900
2021-10-15,39.07131549711087,39.61897374259224,39.02630143213986,39.2138557434082,27005500
2021-10-18,39.13133714525639,39.251371807652646,38.74122377700554,38.943782806396484,20853500
2021-10-19,39.01129369030837,39.32638353488755,38.9512749417115,39.273868560791016,16094800
2021-10-20,39.60396506379136,40.31667194716939,39.55145009087573,40.21914291381836,30659500
2021-10-21,40.33918724558509,40.45922190708917,39.814034528310195,40.05410385131836,17771100
2021-10-22,40.07660063699477,40.07660063699477,39.671485532223336,39.7089958190918,16074000
2021-10-25,39.739010676135585,39.83653686307903,39.3563982564743,39.44642639160156,15987400
2021-10-26,39.536457420154264,39.88905765091557,39.43142744240186,39.82154083251953,15185200
2021-10-27,39.889047612807175,39.91155607512717,39.3638978561995,39.48393249511719,15007400
2021-10-28,39.573966601746974,39.874054697022416,39.47643754150462,39.61147689819336,18374700
2021-10-29,39.38639779350834,39.79901662659391,39.3188781399597,39.754005432128906,17763200
2021-11-01,39.941570356925475,40.03909654550373,39.66398789507444,39.72400665283203,14177700
2021-11-02,39.7990306889904,39.82904007047119,39.39391262455616,39.438926696777344,16913800
2021-11-03,39.453928230991394,39.814032194394194,39.40141324852756,39.71650314331055,12240000
2021-11-04,39.69399303349073,39.69399303349073,38.41112227291459,38.89876174926758,30807500
2021-11-05,39.02629652588443,39.611464987683725,39.02629652588443,39.19134521484375,17442800
2021-11-08,39.23636070809658,39.32638597472567,38.94377644516336,39.25886917114258,15985200
2021-11-09,39.236356412304424,39.28887138390942,39.0037909271541,39.19134521484375,16014100
2021-11-10,39.32638644875285,39.58146042548617,39.16884151479006,39.46142578125,16261100
2021-11-11,39.56645971978043,39.56645971978043,39.28137635845029,39.34889602661133,10983700
2021-11-12,39.393908245000645,39.401412020462686,39.22886238890929,39.26637268066406,14378500
2021-11-15,39.34140025942112,39.41642371812231,39.063820616857534,39.31139373779297,14282700
2021-11-16,39.39390804698295,39.47643240553972,39.04130787203831,39.056312561035156,15876100
2021-11-17,39.01879862654342,39.05631177921051,38.71871343816892,38.808738708496094,17679200
2021-11-18,38.636190643733116,38.74872438258182,38.358611046252,38.44113540649414,19490300
2021-11-19,38.471141522271466,38.50115090056525,38.013508519772614,38.15605163574219,21105200
2021-11-22,38.14855074690935,39.03380744059984,37.99850956779059,38.666202545166016,22751600
2021-11-23,38.68120926983597,39.123837639960676,38.68120926983597,38.82374954223633,21501600
2021-11-24,38.7337237952224,39.09382779108106,38.70371441343781,38.756229400634766,15474500
2021-11-26,38.3736198837124,39.16134755525047,38.336106725473115,38.86125946044922,17048100
2021-11-29,38.718719104330106,38.89876967133335,38.50865915554226,38.756229400634766,18652500
2021-11-30,38.45613433031687,38.53115777116865,37.54087124673829,37.71342086791992,47766200
2021-12-01,37.885972322788845,38.20106220406179,37.315808453977496,37.338314056396484,26295500
2021-12-02,37.383331200628945,38.38861968279345,37.34581804437336,38.05852508544922,27364400
2021-12-03,37.95349676240704,38.62869353836236,37.90098177559409,38.576175689697266,24711700
2021-12-06,38.74121456539307,38.95877823358431,38.23106665604533,38.31359100341797,22433100
2021-12-07,38.261087294602326,38.26858820936667,37.60839895971892,38.10354232788086,27754700
2021-12-08,38.05102100388646,38.14854718884711,37.62339738720736,37.87847137451172,20452700
2021-12-09,37.810947090039065,37.810947090039065,37.413330037809295,37.63089370727539,23628300
2021-12-10,37.758444709624136,37.758444709624136,37.503370668382345,37.653411865234375,18498700
2021-12-13,37.58588503646497,37.9159824752304,37.27829606243018,37.720924377441406,27618800
2021-12-14,37.788441863821014,38.37361326151424,37.64590161740752,37.998504638671875,31555900
2021-12-15,38.13354376123956,38.29108869511886,37.87096600958906,37.92348098754883,24115700
2021-12-16,38.00600520686591,39.70149490750567,37.923480852693544,39.57395935058594,40091300
2021-12-17,39.79902806806486,39.92656650003322,39.281379149945124,39.88905334472656,54501100
2021-12-20,39.5589618146229,40.01659487097188,39.52895243279788,39.82904052734375,23418000
2021-12-21,39.95656615641825,40.00908399245892,39.49893607589101,39.59646224975586,23905300
2021-12-22,39.44641851419243,39.68648776955322,39.05630525876834,39.588958740234375,16486500
2021-12-23,39.648981790933846,39.82903519593031,39.51394245264944,39.521446228027344,14921400
2021-12-27,39.52894714155346,39.6264761885037,39.34889659840878,39.521446228027344,19705800
2021-12-28,39.483940589015354,39.82903988891492,39.46893589834336,39.55146026611328,12126500
2021-12-29,39.58895715560003,39.671481495424196,39.266363570024374,39.281368255615234,15109500
2021-12-30,39.29637393755582,39.438914161506354,39.071309371688734,39.19884490966797,15615500
2021-12-31,39.16134614738758,39.24387051358376,38.92127682491802,38.981292724609375,15911400
2022-01-03,39.06380535358943,39.431413002960355,38.99628569806625,39.34138488769531,18240100
2022-01-04,39.49143498689729,40.29416720335054,39.42391532094086,40.11411666870117,26376800
2022-01-05,40.391694073785885,40.991867260097784,40.14412102464077,40.5267333984375,28697300
2022-01-06,40.8718337972821,40.92434877372768,40.25665590590391,40.3316764831543,21563800
2022-01-07,40.43797907696966,41.27316253438016,40.43797907696966,41.18205261230469,26512500
2022-01-10,41.37186388834813,41.630011064005906,40.85556953703257,40.901123046875,24929400
2022-01-11,40.93908294717186,41.06056669007599,40.362049650036504,40.68852996826172,18598500
2022-01-12,40.53667702666888,40.74167649245911,40.30890080790144,40.58223342895508,12778300
2022-01-13,40.63539123535156,41.022610614044,40.377244017445776,40.63539123535156,18178200
2022-01-14,40.68853357521674,40.77205220770115,40.3013142475451,40.453163146972656,18695800
2022-01-18,40.31649883853986,40.6733501419881,39.9216882046667,40.567054748535156,21570300
2022-01-19,40.59742435480024,40.75686743974177,40.14186895968312,40.620201110839844,18374200
2022-01-20,40.61261035650859,40.954273286908816,40.301315469115096,40.54427719116211,24297100
2022-01-21,40.79482479384985,40.92389982076948,40.29371594649206,40.3620491027832,25294800
2022-01-24,40.32408318284854,40.77963558544681,39.63316039765329,40.2101936340332,32500600
2022-01-25,40.33928235494906,40.885944844536915,39.67872738151777,40.16465377807617,32075900
2022-01-26,39.95205216232634,40.13427488698971,38.57780057847078,38.73724365234375,41504700
2022-01-27,38.6537307669723,39.534467791643024,38.57780630994284,38.8663215637207,35339600
2022-01-28,39.05613753481179,40.187430537045344,38.86632348651527,40.16465377807617,29490800
2022-01-31,39.8761281782598,40.483532440283575,39.640757759580346,40.415199279785156,25182400
2022-02-01,40.54427733802184,40.696126242602105,39.640760715575375,40.392425537109375,33045600
2022-02-02,40.66575304892309,41.21241540810481,40.46834486384016,40.84797286987305,24160200
2022-02-03,40.999832349057776,41.43260812548013,40.7720560819406,40.840389251708984,21219800
2022-02-04,40.635387608016956,40.87075804626348,40.41520263962494,40.47594451904297,16199800
2022-02-07,40.41519860977544,40.513902705821714,39.86853333485075,40.240570068359375,15438900
2022-02-08,40.248154675523615,40.36963550575573,39.92167729754412,40.10389709472656,13911700
2022-02-09,40.3544626359373,40.741681970271316,40.14946314258442,40.620201110839844,16449300
2022-02-10,40.498715093674946,40.65056687270817,40.1646434968673,40.270938873291016,18644400
2022-02-11,40.20260802716951,40.589827334434645,40.012794016556185,40.4835319519043,18833100
2022-02-14,40.43038261692527,40.582234398508724,39.860940608236184,40.4455680847168,16081700
2022-02-15,40.46834435400647,40.688529289851225,40.35445769143048,40.51390075683594,12824100
2022-02-16,40.384831207798854,40.84797789555477,40.30890675578374,40.54427719116211,17277700
2022-02-17,40.31649706483497,40.688533821884945,40.073535348679435,40.68094253540039,17462500
2022-02-18,40.66575476248756,40.96945544231204,40.45316110064527,40.87075424194336,20298500
2022-02-22,40.999825047655406,41.02260180141124,40.68853019555426,40.92390060424805,19858400
2022-02-23,40.92389750504402,40.946674257074946,40.42278868604204,40.55186080932617,17841900
2022-02-24,40.21778977843688,40.36204737049046,39.26112563141979,39.92927169799805,30079700
2022-02-25,40.30131069840389,41.40982378606345,40.30131069840389,41.09093475341797,31444200
2022-02-28,40.84797549169905,41.07575173067223,40.544274805178816,40.749271392822266,30593900
2022-03-01,40.620201458137956,41.14408712585305,40.43797871926669,40.70372009277344,24693100
2022-03-02,40.74927358334515,41.311124372925136,40.642978192532446,41.10612487792969,20712900
2022-03-03,41.28834763381382,41.87297517985819,41.1364958341618,41.500938415527344,27577700
2022-03-04,41.32630365788747,42.055188711236234,41.19722863383703,41.84259796142578,26913800
2022-03-07,41.569272421845795,41.94130919370603,41.379458392522295,41.5161247253418,24962800
2022-03-08,41.72870883255423,42.017226921920795,40.38482537247654,40.430381774902344,36526700
2022-03-09,40.78723874976398,40.85557191483664,40.24816471582096,40.30131530761719,23049800
2022-03-10,40.240570735474066,40.49871790887567,40.07353347729303,40.415199279785156,17501800
2022-03-11,40.51390056121145,40.68093780778116,40.24815922382037,40.270938873291016,20838500
2022-03-14,40.56703955578573,40.74925933450992,39.81537500363775,39.860931396484375,23124100
2022-03-15,40.00520191534496,40.240572343429484,39.6407593435681,40.058349609375,20477600
2022-03-16,40.141866808498314,40.240570906600674,39.44335262828348,39.85335159301758,28500700
2022-03-17,39.84575621414195,39.89131261874412,39.48131366632036,39.75464630126953,22931500
2022-03-18,39.572423414908215,39.701498445912534,38.57020568847656,38.57020568847656,70390600
2022-03-21,39.00298456895668,39.337059102522986,38.69928387047074,38.7979850769043,39892800
2022-03-22,38.866314944851396,39.07131441951873,38.68409512047947,38.7220573425293,28676600
2022-03-23,38.76003022196207,39.07132516249473,38.691697044950864,38.69929122924805,25988800
2022-03-24,38.75242827870191,38.866314944851396,38.66890965239316,38.7220573425293,21087300
2022-03-25,38.76761605491216,39.07131674572423,38.69928289262134,38.93465042114258,18765800
2022-03-28,38.99538428742614,39.01816103806737,38.684089477893,38.85112380981445,21688600
2022-03-29,38.965024375882024,38.980209846048126,38.6916917055567,38.9118766784668,28193400
2022-03-30,38.889094168640305,39.200389020165865,38.7827987895338,39.185203552246094,23821200
2022-03-31,39.22316751178912,39.291500672289864,38.66891094165289,38.6765022277832,31027600
2022-04-01,38.737245317806014,39.62557353586117,38.58539352344652,39.572425842285156,30550300
2022-04-04,39.49649483122822,39.860937339342414,39.207976759513464,39.83056640625,25793000
2022-04-05,39.63316888851277,40.164648736294005,39.58002119336787,40.07353591918945,23150600
2022-04-06,40.09631611831278,40.56705409444244,39.914093377951374,40.392425537109375,28661700
2022-04-07,40.30788714908268,40.71519183305411,39.992801785112476,40.47695541381836,22790600
2022-04-08,40.52307413535819,41.253150973580176,40.34631918405812,41.137874603271484,24852200
2022-04-11,41.39915747931747,42.03701486178007,41.27619740857279,41.42221450805664,33614900
2022-04-12,41.399157517027334,41.537487963191026,41.0533314016181,41.24545669555664,21136400
2022-04-13,41.18398004085166,41.78341004769968,41.18398004085166,41.60665512084961,19798000
2022-04-14,41.4990634397669,41.64507760760514,41.329992243196806,41.3684196472168,16915100
2022-04-18,41.31462186601632,41.71424282869139,40.899633459653145,41.030277252197266,14394300
2022-04-19,41.17629818138883,41.429902068220436,41.08407592108679,41.306941986083984,12890000
2022-04-20,41.31462102316581,41.87562944911418,41.26851282984351,41.81414794921875,19563400
2022-04-21,41.96785454887168,42.659503928381646,41.86026484083233,42.27525329589844,32821100
2022-04-22,41.06870057114329,41.14555244542192,39.547068639617315,39.89289474487305,44958400
2022-04-25,39.45485204964945,39.531700997641515,38.071550464596264,38.64023971557617,46028400
2022-04-26,38.624870222892746,38.9245881627541,37.94090460268506,37.97164535522461,29507700
2022-04-27,38.04848744288485,38.04848744288485,37.21082114265302,37.24156188964844,30582000
2022-04-28,37.41830905506952,37.78718914798944,37.118594162796995,37.1954460144043,33011700
2022-04-29,37.01101269805929,37.041753445509606,35.481694225794975,35.581600189208984,41014200
2022-05-02,35.74299621061524,36.16567429498973,35.00523562414337,35.52781677246094,33309400
2022-05-03,35.65076839667291,36.43463993283739,35.39716453792518,36.25019836425781,33263100
2022-05-04,36.303997201545016,37.210825901081066,36.11955562758554,37.172401428222656,29564600
2022-05-05,36.91110891871032,37.14166160663067,36.43463903143339,36.76509475708008,20664300
2022-05-06,36.58065700843954,37.226198152428445,36.51917843508796,37.09555435180664,19322000
2022-05-09,36.98796847453683,37.54897407302935,36.69593715902023,37.364532470703125,24391300
2022-05-10,37.57971479849572,37.994703273096675,36.71130750735704,36.98796844482422,23007300
2022-05-11,37.026391009143346,37.2876815552859,36.59602924737925,36.795841217041016,20133200
2022-05-12,36.74204825872112,37.02639291926279,36.43464656565998,36.934173583984375,21623900
2022-05-13,37.08018492809794,37.233885762824485,36.58834460225268,37.026390075683594,21080500
2022-05-16,36.87268553107479,37.81025789013482,36.703614336726446,37.68729782104492,22754700
2022-05-17,37.61813358347553,37.81794260162616,37.2953615614176,37.61044692993164,22043100
2022-05-18,37.61812497088867,38.01005919551293,37.372204882575666,37.57201385498047,22365100
2022-05-19,37.24156955482883,37.79489138823696,36.987965668916495,37.7334098815918,23186400
2022-05-20,37.68729791695242,38.1176566940626,37.595075666200835,38.06386184692383,24181800
2022-05-23,38.2636738194213,38.632554027894535,38.040807777343936,38.171451568603516,16761800
2022-05-24,38.18681827821451,39.05522533466209,37.5489638950815,38.947635650634766,25414700
2022-05-25,38.80931375727642,39.40106008120903,38.72477814934324,39.37800598144531,19831500
2022-05-26,39.431795072503185,39.66234483124548,39.12439343978064,39.185874938964844,15500400
2022-05-27,39.001434370658835,39.52401540069511,38.83236317517671,39.50096130371094,13347300
2022-05-31,39.393374395071895,39.62392712477409,39.07828898695859,39.41643142700195,25016600
2022-06-01,39.53169912249007,39.67771622098802,39.23198413529853,39.50096130371094,15358100
2022-06-02,39.61624047026416,39.64698122510442,38.72477910109483,39.41643142700195,13527800
2022-06-03,39.147449430328045,39.38568585379507,38.95532413348026,39.04754638671875,10819800
2022-06-06,39.139769534688135,39.46253865777883,38.97838497314278,39.37800598144531,12898100
2022-06-07,39.30883792782662,39.731513005541004,39.139766724101094,39.69308853149414,15383000
2022-06-08,39.754571923698286,39.93132687102409,39.53170584296583,39.616241455078125,13249700
2022-06-09,39.670034401824005,39.785310763991205,39.1320829310432,39.14745330810547,12078400
2022-06-10,38.92458159346933,39.5009574141134,38.786251161986826,39.05522537231445,19868500
2022-06-13,38.90152140259083,39.03216810240711,37.963952137433296,38.10996627807617,23762500
2022-06-14,38.10997771949706,38.30210303509614,37.579712903819484,37.77952194213867,20278700
2022-06-15,37.83331007809459,38.294412512616375,37.34915354790642,37.77183151245117,22005600
2022-06-16,37.287679696651274,37.63350583336662,36.89574243117405,37.533599853515625,22029300
2022-06-17,37.356845905734914,38.03312782068438,37.295364399103335,37.67961502075195,36469500
2022-06-21,37.89480294418207,39.12440394193528,37.82563770483345,38.92459487915039,34258500
2022-06-22,38.62486933861023,39.32420531907701,38.586444864615245,39.03217697143555,23650600
2022-06-23,39.216614794888976,40.10039233619326,39.216614794888976,40.031227111816406,21736400
2022-06-24,39.98511103104017,40.07733327318294,38.863100136027704,39.16281509399414,28490700
2022-06-27,39.41642186248822,39.570122667793804,38.924581630789554,39.16281509399414,16974900
2022-06-28,39.247350588958334,39.42410548857436,38.75551035844435,38.778564453125,16615700
2022-06-29,38.79394343047225,39.19356443929228,38.670983345573745,39.14745330810547,13901400
2022-06-30,38.93995282548512,39.3626308137083,38.77856828358135,39.001434326171875,18880500
2022-07-01,39.16282462494246,39.7853117187035,38.87079624855063,39.68540573120117,14189300
2022-07-05,39.516334533691406,39.54707528857123,38.79394438361403,39.516334533691406,19675600
2022-07-06,39.51632596274188,39.87752242523822,39.29346286720073,39.58549118041992,14938900
2022-07-07,39.65552569398108,39.733344442115666,39.18862507910042,39.46098327636719,13617100
2022-07-08,39.31313524924274,39.62440136120998,39.227536103695115,39.289791107177734,13959200
2022-07-11,39.196410189085064,39.484335139127836,39.11081104007138,39.29757308959961,12259000
2022-07-12,39.4143010326715,39.96680087088036,39.12637607319745,39.51546096801758,20528700
2022-07-13,39.2508796143941,39.75669111986738,39.06412054391424,39.30535125732422,13362500
2022-07-14,38.84623162856895,39.34426275098405,38.69838044802066,39.289791107177734,10271700
2022-07-15,39.68665335236146,39.7177808517401,39.18084187714455,39.70221710205078,13021300
2022-07-18,39.73335157621776,39.818947761811984,39.04077795163642,39.12637710571289,16173100
2022-07-19,39.282007319300774,39.344262322104775,39.09524824785262,39.258663177490234,14638500
2022-07-20,39.274226540710295,39.336478574418194,38.1380964986018,38.18478775024414,29611400
2022-07-21,37.06421842323638,37.25876082084326,36.32495671863398,37.087562561035156,32321000
2022-07-22,35.75689604722091,35.935874710683436,34.06048597103327,34.58964157104492,58265000
2022-07-25,34.53517304013274,34.86200289799604,34.278375607398516,34.830875396728516,27180700
2022-07-26,34.628557213837404,35.14992957173603,34.449578510298366,34.955387115478516,20571800
2022-07-27,34.86978172908099,35.08766827269334,34.589640191018525,34.94759750366211,21560500
2022-07-28,34.893136857674726,35.5779271698994,34.82310145110081,35.44563674926758,22051900
2022-07-29,35.57013960136713,36.18489443429954,35.46897966821277,35.943660736083984,23129800
2022-08-01,36.02148172623488,36.18489667620781,35.73355675515996,35.99813461303711,18612100
2022-08-02,35.99035333401932,36.13042413582489,35.25887478896528,35.28221893310547,18710300
2022-08-03,35.37559305741418,35.4923196971931,35.1577064962074,35.27443313598633,17314100
2022-08-04,35.188832338922396,35.188832338922396,34.51960596846452,34.57407760620117,29704300
2022-08-05,34.61298475763713,35.00206957231626,34.51960523328898,34.97872543334961,17297500
2022-08-08,34.97873272333037,35.02542101099405,34.511829067318246,34.65968322753906,20597000
2022-08-09,34.71414790036939,34.90090695046308,34.542949630715526,34.768619537353516,14554000
2022-08-10,35.025426345335326,35.06433721562406,34.7452876712418,34.89313888549805,16402700
2022-08-11,34.98651397968632,35.219964329220225,34.81531863988533,34.84644317626953,15407300
2022-08-12,34.978730539499814,35.21996125998723,34.86978725044331,35.13436508178711,15090900
2022-08-15,35.04098670079905,35.51567077484428,34.97095129694841,35.45341873168945,15713600
2022-08-16,35.40673210788264,35.83472497922643,35.313352546685365,35.64018249511719,14112800
2022-08-17,35.35225433400825,35.577924288970806,35.219963924088674,35.28221893310547,11294400
2022-08-18,34.56629633060361,34.651895471771915,34.16943109339269,34.3873176574707,25957400
2022-08-19,34.317289139077126,34.62077787358473,34.20834583522012,34.56630325317383,19485400
2022-08-22,34.55074300224586,34.60521465501591,34.309509276776765,34.371761322021484,15031400
2022-08-23,34.239470663601104,34.34063356719129,33.788130761800375,33.82704162597656,19014200
2022-08-24,33.88928985595703,33.95154485685523,33.63249539845655,33.88928985595703,17384400
2022-08-25,33.967112122953864,34.099399560832616,33.788130461086396,34.037147521972656,14327600
2022-08-26,33.92041966223159,34.00601881004451,33.648061435992325,33.65584182739258,16795700
2022-08-29,33.476863988499716,33.904856769925445,33.476863988499716,33.71809768676758,15039500
2022-08-30,33.75700422807641,33.75700422807641,33.07221402416579,33.095558166503906,20705100
2022-08-31,33.04887023663887,33.14224977547585,32.496367458021915,32.5352783203125,28368200
2022-09-01,32.402987919184945,32.72203739798645,32.402987919184945,32.5352783203125,21641700
2022-09-02,32.68313193486344,32.846546882102025,32.02168878547934,32.13841247558594,21155700
2022-09-06,32.1773229239635,32.44190079839473,31.975000063978435,31.98278045654297,23898600
2022-09-07,32.013902869273046,32.41077110200599,31.904959579811297,31.967214584350586,25548300
2022-09-08,31.904962337711495,32.465245553068556,31.67929237947243,32.15397644042969,28753200
2022-09-09,32.43411221997139,32.932140335916316,32.270697301017286,32.86988830566406,20259500
2022-09-12,33.14224490491058,33.34456770407111,33.00217413299883,33.274532318115234,18553200
2022-09-13,32.99440181484895,33.15781676589824,32.34851943429847,32.488590240478516,21284500
2022-09-14,32.48858926798471,32.628660069971964,31.889398163590837,32.12284851074219,23152200
2022-09-15,31.928308486938477,32.11507055994486,31.679294368584927,31.928308486938477,22763400
2022-09-16,31.889396372297778,32.32517250605548,31.640382286859676,32.09950256347656,45069300
2022-09-19,31.95164979387958,32.09950097212801,31.663724859974124,32.09172058105469,18960900
2022-09-20,31.897176037404435,31.897176037404435,31.49252745331979,31.585906982421875,15561200
2022-09-21,31.663727913431924,31.827145826549856,30.714362781394154,30.722143173217773,25612100
2022-09-22,30.71436165041229,31.43805977113036,30.550943743311823,31.07231903076172,19806400
2022-09-23,30.784400516873934,31.0256312719731,30.434223488604673,30.753273010253906,19439700
2022-09-26,30.527597814177728,30.64432445978001,30.060697168732425,30.294147491455078,21345700
2022-09-27,30.50425708574434,30.893341989979643,30.17742422257592,30.263023376464844,20357700
2022-09-28,30.395308971575155,30.74548295511833,30.356398112531007,30.652103424072266,20567400
2022-09-29,30.434214489349436,30.50424987429415,29.920622655915366,30.06847381591797,17806900
2022-09-30,29.990662300675833,30.185204734434524,29.53154203826604,29.54710578918457,23523600
2022-10-03,29.959526071595324,30.636532712687835,29.873926950719504,30.47311782836914,21495300
2022-10-04,30.73770914836431,31.01006740912141,30.54316668539998,30.97894287109375,25922500
2022-10-05,30.61319796771484,30.8310845469748,30.247457236686756,30.659889221191406,17797900
2022-10-06,31.23199005431636,31.382332973905534,29.886806236774298,29.942195892333984,36663300
2022-10-07,29.776024824877947,29.83141447652975,29.127172032520022,29.15882110595703,31838700
2022-10-10,29.380380400800593,29.530723297858394,28.779002775550616,28.976823806762695,21622200
2022-10-11,28.92935150652963,29.03221627944398,28.430841614177453,28.438753128051758,27708900
2022-10-12,28.407100435932524,28.644485062552633,28.169712790803118,28.233016967773438,23336800
2022-10-13,27.789903680494184,28.953092563636794,27.726602506325158,28.802749633789062,33118100
2022-10-14,29.11925653907734,29.20629827980261,28.75526654923489,28.78691864013672,26019000
2022-10-17,29.055952897044182,29.51489610193054,28.953085119643568,29.41994285583496,21962900
2022-10-18,29.807674124436485,29.831414702831374,29.142998299572625,29.332904815673828,27488600
2022-10-19,28.937259674072266,29.570286358651572,28.92934816111286,28.937259674072266,29563600
2022-10-20,28.93725730821756,29.69688926760667,28.921431265083317,29.277509689331055,35523700
2022-10-21,28.10641126826301,28.248842646091937,27.338864734241493,27.971891403198242,51671100
2022-10-24,28.217196596520232,28.794833744214923,28.14598089236555,28.462495803833008,28844800
2022-10-25,28.41501463909076,28.866046377924775,28.327972896770234,28.82648277282715,25496500
2022-10-26,28.786919167729522,29.04804137618152,28.644487774570404,28.82648277282715,20328200
2022-10-27,29.032211847880568,29.055952422899008,28.58909469432596,28.628658294677734,20268000
2022-10-28,29.119257998152207,30.10045173570677,28.93726299411178,29.807674407958984,31824300
2022-10-31,29.681065087503182,29.704805662949244,29.29333757115904,29.57028579711914,26630600
2022-11-01,30.052969578228982,30.140011311676236,29.514896151927122,29.57028579711914,22968900
2022-11-02,29.47532930974311,30.34574051148631,29.40411362825438,29.839319229125977,30648900
2022-11-03,29.562376758934064,29.704808149496067,29.37246723201489,29.396207809448242,22329800
2022-11-04,29.554465030529304,29.570291077482977,29.119259304087674,29.467426300048828,17599400
2022-11-07,29.53072040194046,29.633588173265682,29.26168370513463,29.427852630615234,19697600
2022-11-08,29.43577011539543,30.060885299897844,29.40411802588684,29.96592903137207,17392700
2022-11-09,30.005487237475737,30.171659168254898,29.74436509226651,29.768102645874023,17574600
2022-11-10,30.306183087833666,30.504004130206617,29.926367048698754,30.480266571044922,23049000
2022-11-11,30.504005822021266,30.614785128932635,29.918457194486965,30.306184768676758,22981000
2022-11-14,30.424879575938316,30.85217378919752,30.30618573275193,30.31410026550293,23028500
2022-11-15,30.45652458175894,30.72556128099318,29.641499953147193,29.831409454345703,25074100
2022-11-16,29.79976484134677,30.124191264272223,29.776027279684627,29.973848342895508,18962200
2022-11-17,29.71272397585409,30.21123391518123,29.50699139212938,30.19540786743164,18780400
2022-11-18,30.298272867424505,30.678088922770108,30.298272867424505,30.504005432128906,17821700
2022-11-21,30.543568790268004,30.962951467174943,30.48026762414656,30.55939483642578,19184200
2022-11-22,30.733476381305607,31.113292409534296,30.733476381305607,31.018339157104492,19809500
2022-11-23,30.883821377579235,31.018341261280497,30.551483462275534,30.79677963256836,14170000
2022-11-25,30.93920906032988,31.14494462971337,30.83634429414762,30.87590789794922,7725700
2022-11-28,30.867993182143596,30.93129736265652,30.171665307558257,30.25870704650879,21560900
2022-11-29,30.084624618024357,30.36157287115528,30.029234967398175,30.33783531188965,14008800
2022-11-30,30.234973775411884,30.970868449890986,30.18749864706497,30.844263076782227,31358800
2022-12-01,31.002510066341056,31.042073666091056,29.91845173694326,30.329919815063477,26276600
2022-12-02,30.013404495577536,30.30617875121269,29.83140952485789,30.211225509643555,21677100
2022-12-05,30.052973311119327,30.155841101471438,29.198387951644616,29.332904815673828,27561000
2022-12-06,29.26959996231905,29.33290112020799,28.984737205545645,29.19046974182129,26293700
2022-12-07,29.071783642644494,29.522815407676102,29.01639097007891,29.412033081054688,23065900
2022-12-08,29.364558209410127,29.467426004321737,29.174648666381756,29.356643676757812,19549100
2022-12-09,29.443684449931155,29.776025384598835,29.24586339931053,29.594030380249023,20671200
2022-12-12,29.823502152813493,30.0371492615101,29.49907573260972,30.029237747192383,19629600
2022-12-13,30.377404704280966,30.559399736513143,29.942198929942272,29.958024978637695,30176800
2022-12-14,29.965930506260133,30.14001398861618,29.467423655256162,29.63359260559082,23329800
2022-12-15,29.87098044081417,30.337838269106363,29.799764737565873,29.88680648803711,33007200
2022-12-16,29.681071233832913,29.728549376047493,29.016392335378285,29.37247085571289,62763800
2022-12-19,29.538640035099867,29.649419337888936,28.94517689715019,29.301252365112305,26127200
2022-12-20,29.26960563659668,29.44368611842089,28.976828291760327,29.26960563659668,24147300
2022-12-21,29.491162646899774,29.950105915619613,29.46742508670159,29.894716262817383,24504300
2022-12-22,29.81559035003386,30.322011779744106,29.570291149419916,30.31410026550293,26865300
2022-12-23,30.31409940931896,30.496094416823993,30.00549602945244,30.393226623535156,16918300
2022-12-27,30.456526785732837,31.176595206598225,30.322006917126686,31.05790138244629,25315900
2022-12-28,31.010423569922963,31.382328072171443,30.535654305421843,30.70973777770996,21793200
2022-12-29,30.780958987953536,31.279465899504196,30.70974328365917,31.065818786621094,17347000
2022-12-30,31.10538189896931,31.40606771110862,30.915472369478028,31.176597595214844,44007200
2023-01-03,31.469378138680526,31.833368205718376,31.160777733213205,31.746326446533203,31330700
2023-01-04,32.07866673235581,32.77499475357624,31.857105072412853,32.54552459716797,28779500
2023-01-05,32.60091318538752,33.19437639985995,32.300224311538685,32.99655532836914,29987200
2023-01-06,33.170634050405276,33.69288454907004,33.138984974721524,33.384281158447266,26010400
2023-01-09,33.25809617647968,33.491173779702336,33.20183574818835,33.250057220458984,23062200
2023-01-10,33.24202359497931,33.74033159349072,33.08931407981674,33.71622085571289,16695300
2023-01-11,33.868925297002974,33.90107498944317,32.96875537042138,33.09735107421875,20674800
2023-01-12,33.25809341866065,33.71621576302373,33.049123502938066,33.603694915771484,16980300
2023-01-13,33.47510146926472,33.69210422297154,33.25005669370121,33.643882751464844,17229800
2023-01-17,33.635838953014876,33.69209937231509,32.7838937087756,32.832115173339844,28697000
2023-01-18,32.84015344110825,32.84015344110825,32.00427999190036,32.124839782714844,22976500
2023-01-19,31.91587270554464,32.3739950455505,31.722980702364865,32.19717788696289,24812600
2023-01-20,32.18110217244612,32.245398483113604,31.714940889763966,32.14895248413086,23377900
2023-01-23,32.14091884192746,32.42222096944354,31.68279341631617,31.851577758789062,34249300
2023-01-24,31.09607321678982,32.735670530907186,30.871031530290075,32.486515045166016,32143900
2023-01-25,32.58296967872979,33.025017238171365,32.076622731606165,32.414188385009766,26527000
2023-01-26,32.45436927978654,32.60707570452051,32.09269294124492,32.36595916748047,19568100
2023-01-27,32.32577515252857,32.695487398270075,31.96409879649308,32.66333770751953,17254000
2023-01-30,32.82408143247085,33.16164397036119,32.711560586507396,32.992862701416016,22272600
2023-01-31,33.01698172535045,33.41884370506914,32.96071822750333,33.410804748535156,18665200
2023-02-01,33.74836754496718,33.75640343485638,33.0571645078898,33.50724792480469,19542000
2023-02-02,33.54743858754438,33.70014503231977,33.1134269243341,33.619773864746094,18443800
2023-02-03,33.57958517706313,33.732294687629526,33.06520234686024,33.362579345703125,18314400
2023-02-06,33.362579067347326,33.42687845356797,32.8723100442506,33.1777229309082,15530700
2023-02-07,32.944643894950055,33.121461067477355,32.24540189689885,32.59100341796875,21668500
2023-02-08,32.574930421654315,32.71156508623587,32.245403727733944,32.56689453125,14080200
2023-02-09,32.64726650752925,32.67941620186962,31.948027518425963,31.996252059936523,17485700
2023-02-10,32.1489541617529,32.20521458625891,31.923912463728847,32.15699005126953,15398500
2023-02-13,32.156991493498964,32.52670681307274,32.05250959528079,32.40614700317383,14486000
2023-02-14,32.51867029104775,32.61511937257081,32.076622731606165,32.414188385009766,12292400
2023-02-15,32.333808792364536,32.470443435565336,32.22932383767723,32.454368591308594,11265200
2023-02-16,32.19717927146073,32.31773601214133,31.90783818828612,32.02035903930664,16625900
2023-02-17,32.02035543768204,32.462402902382884,31.875684912367163,32.32577133178711,15029200
2023-02-21,32.068579152036484,32.132875458338624,31.473822222436855,31.505971908569336,17805500
2023-02-22,31.650646671781054,31.819427947651135,31.369341479367694,31.57027244567871,15086800
2023-02-23,31.441678847934178,31.602424244901936,30.95944572299434,30.96748161315918,16738200
2023-02-24,30.726363900799385,31.152336580753612,30.613843046921914,31.13626480102539,16431500
2023-02-27,31.33719896093331,31.465794673583442,31.04785784097961,31.248788833618164,14210900
2023-02-28,31.104113841581338,31.321119650625214,30.983554036791453,31.192523956298828,16685300
2023-03-01,31.11215766275273,31.11215766275273,30.662074150849108,30.782630920410156,18411700
2023-03-02,30.621882895406344,30.9112240233318,30.493287179213223,30.87103843688965,18818900
2023-03-03,30.895147392772788,30.951407823738066,30.589734500665145,30.750476837158203,23407500
2023-03-06,30.838888419721478,31.04785837258321,30.581696990017566,30.662071228027344,22925600
2023-03-07,30.621877954272875,30.662066600193924,30.083384437718927,30.46917152404785,23713500
2023-03-08,30.380763147568366,30.388802103598017,30.019086775319007,30.16375732421875,20295600
2023-03-09,30.220017658192965,30.260206306288914,29.351997433468807,29.376108169555664,26506900
2023-03-10,29.448443036014897,29.673484745611848,29.263586907994068,29.480592727661133,23940700
2023-03-13,29.368072509765625,30.003015136713653,29.24751269645935,29.368072509765625,21834500
2023-03-14,29.464516212964213,29.689557909814773,29.335920519626296,29.64133644104004,22433200
2023-03-15,29.488628784374278,29.946751162052482,29.351997193050032,29.786008834838867,21722200
2023-03-16,29.593116724097293,29.641341266686215,29.28770075296146,29.400224685668945,29164400
2023-03-17,29.37610896701642,29.601153751802048,29.06265712552457,29.56900405883789,47352500
2023-03-20,29.705636141273946,30.308429097384035,29.68152540413787,30.08338737487793,19247800
2023-03-21,30.316465666605474,30.356651247322546,30.027124579901326,30.33254051208496,16648100
2023-03-22,30.37272363156966,30.50131931902159,29.970861725037,29.986936569213867,15321800
2023-03-23,29.978901543035146,30.24413190776878,29.86638068501364,30.0351619720459,15799000
2023-03-24,30.16375881785732,30.30039348345664,29.938717093297914,30.26824378967285,14957700
2023-03-27,30.53347598639972,30.718332137741672,30.300395291504483,30.581697463989258,14472800
2023-03-28,30.55758256661073,30.790663229786,30.477208338293405,30.541507720947266,13092600
2023-03-29,30.79066599071715,30.951408329838582,30.67010617041249,30.927297592163086,12308900
2023-03-30,30.983556050800278,31.144301445647915,30.89514593033591,31.07196617126465,13918700
2023-03-31,31.176455225776163,31.385422120304185,30.98356011347324,31.256826400756836,22801500
2023-04-03,31.385414307583858,31.8113900136426,31.36130357428426,31.522048950195312,19354900
2023-04-04,31.578309917273145,31.867650985717773,31.514010539412965,31.867650985717773,18577100
2023-04-05,31.93194978594671,32.3418506868396,31.80335408616848,32.23736572265625,23561300
2023-04-06,32.2724978006067,32.50126387627837,31.994709087275087,32.25615692138672,21546600
2023-04-10,32.035557460977564,32.149940490722656,31.855814035679764,32.149940490722656,16114300
2023-04-11,32.13360533183377,32.43590380874351,32.08458269367108,32.23164749145508,12539700
2023-04-12,32.16627848771896,32.37870676682206,31.945681328667373,32.02738571166992,13095200
2023-04-13,32.01922071272394,32.12543487548828,31.798623505461485,32.12543487548828,13515800
2023-04-14,32.16627977912458,32.20713041391415,31.774108075078097,32.04372787475586,11008400
2023-04-17,32.04373044887762,32.28066539637195,31.978366934600626,32.23981475830078,11572900
2023-04-18,32.24798595936528,32.26432683753089,31.782281840108947,31.814960479736328,16588500
2023-04-19,31.798620139167006,31.855814772065486,31.47181192044129,31.537172317504883,17701200
2023-04-20,30.769167079396627,30.88355010192875,30.213589727066072,30.385164260864258,31521300
2023-04-21,30.581253963606482,30.581253963606482,30.270783510073873,30.49138069152832,23823800
2023-04-24,30.385168369311558,30.63027844125498,30.213593812314386,30.311635971069336,20362500
2023-04-25,29.99299542573713,30.524063071572463,29.878612392284328,30.475040435791016,24959400
2023-04-26,30.31162506154722,30.58941367529344,30.082859067886652,30.164560317993164,21499300
2023-04-27,30.393339271091115,31.70875039403466,30.336147754154783,31.69240951538086,28841000
2023-04-28,31.50449663692,31.86398664630066,31.422792237035186,31.725093841552734,19197500
2023-05-01,32.002877450952184,32.01104944878202,31.602536825001447,31.627046585083008,17043500
2023-05-02,31.430960686413457,31.463639325973368,30.63027635817495,30.7773380279541,17268700
2023-05-03,31.014277788573516,31.292066498658905,30.728320197325612,31.03061866760254,16703200
2023-05-04,30.93257665422977,31.01427793305149,30.466872508197163,30.515892028808594,16163100
2023-05-05,30.654786853822575,30.916234676808806,30.36065727378709,30.908065795898438,15817400
2023-05-08,30.78551076531569,30.973426193293047,30.589423339724068,30.908065795898438,10672400
2023-05-09,30.89989497086929,30.89989497086929,30.58125561930713,30.69563865661621,12226800
2023-05-10,30.891724210480593,30.908065088631293,30.466870728673886,30.744659423828125,14427500
2023-05-11,30.564918206819698,30.752833663241322,30.49138580068042,30.720151901245117,11068700
2023-05-12,30.75282955103412,30.834533945099285,30.564914119740177,30.711978912353516,10670700
2023-05-15,30.744659153822425,30.744659153822425,30.001166346366148,30.042016983032227,20408700
2023-05-16,29.919462360783143,30.050186269904003,29.44558935898397,29.453758239746094,20244700
2023-05-17,29.592654519930292,29.690696673832726,29.445589730724702,29.559972763061523,16741100
2023-05-18,29.421074001596992,29.551797899691177,29.184139079034992,29.519119262695312,20365900
2023-05-19,29.592654146332915,29.837761086346546,29.43741736151801,29.453758239746094,16829200
2023-05-22,29.61716227410701,29.68252578341935,29.33937359293689,29.380224227905273,16634300
2023-05-23,29.363891052162675,30.15640666856629,29.249507997569264,29.60900115966797,21539700
2023-05-24,29.600821684772953,29.61716256226002,29.29035124592602,29.306692123413086,16044200
2023-05-25,29.0370812622241,29.05342214298957,28.38346161512681,28.448822021484375,32465900
2023-05-26,28.465162303797634,28.644908871734515,28.326266378563428,28.59588623046875,18216700
2023-05-30,28.571372652571814,28.702096561785165,28.416135867647068,28.51418113708496,19353300
2023-05-31,28.481503002208207,29.396570483058266,28.481503002208207,29.110612869262695,53756700
2023-06-01,29.0860977919122,29.331207861443325,28.939032996875124,29.18414306640625,20565300
2023-06-02,28.10567223843675,28.514184898200632,27.55009477182153,28.252737045288086,61527900
2023-06-05,28.41613762339918,28.71843921445528,28.146520907545725,28.15468978881836,30125600
2023-06-06,28.187369103393355,28.38345652067966,28.0484763168727,28.35077476501465,18406700
2023-06-07,28.367112644970916,28.824644709113393,28.293580260847527,28.808303833007812,25494100
2023-06-08,28.79196901866878,28.955371563031765,28.579540724270892,28.947202682495117,17749700
2023-06-09,28.971713103890924,29.102437012395473,28.808307439084285,28.97988510131836,14953900
2023-06-12,29.135119436790568,29.233161591241213,28.89001249231201,29.094268798828125,14044500
2023-06-13,29.004393245405346,29.24133129034852,28.9390297364402,28.988052368164062,17706700
2023-06-14,29.110607157051863,29.39656471473559,29.102435160144545,29.19230842590332,16538700
2023-06-15,29.216820594188835,29.796910871036257,29.151460197054856,29.772397994995117,18890900
2023-06-16,29.837762795573532,29.97665559341285,29.551802085256785,29.788740158081055,36102100
2023-06-20,29.47827043951502,29.551799714799653,29.233160388417826,29.257673263549805,17687900
2023-06-21,29.167803174705615,29.388400374728832,29.004397495054626,29.274017333984375,17121200
2023-06-22,29.26584592078193,29.34754720388842,29.061589596311535,29.290355682373047,12431200
2023-06-23,29.372056790920176,29.478270940420202,28.988053946599646,29.012563705444336,18991500
2023-06-26,29.13511894543734,29.52729067332998,29.004395036139794,29.50278091430664,15840000
2023-06-27,29.715207468244735,29.96848641774472,29.592655550773635,29.862272262573242,17757800
2023-06-28,29.82142075303078,30.115550333103158,29.60899556559178,30.082868576049805,16756400
2023-06-29,30.058359844040222,30.246275278464314,29.952145688338256,30.221765518188477,16740800
2023-06-30,30.22993060409975,30.434186891965286,30.107375584698982,30.385164260864258,19098300
2023-07-03,30.36882690430184,30.54040457469358,30.19725235061407,30.45870018005371,10367100
2023-07-05,30.458698978644975,30.785510310905806,30.41784834128833,30.62210464477539,19868300
2023-07-06,30.556742570659807,30.56491145100109,30.278953888500947,30.336145401000977,21558200
2023-07-07,30.122411352284686,30.23052373798734,29.831331491359627,29.85628318786621,20482700
2023-07-10,29.872918841865793,29.906185661577986,29.107801023476565,29.224231719970703,30326400
2023-07-11,29.207595886335394,29.290762928714305,28.86661894382757,29.099483489990234,28340300
2023-07-12,29.19095805184033,29.30739189351676,28.866614566986208,28.991363525390625,27299600
2023-07-13,28.958098598619387,28.991365412692566,28.625436802883605,28.808401107788086,25641900
2023-07-14,28.633753341814796,28.69196867663423,28.234561114839625,28.28445816040039,31576000
2023-07-17,27.985070151205658,27.985070151205658,25.98910557411438,26.16375160217285,97510600
2023-07-18,26.62947805089032,27.56924501562068,26.587894529387253,26.837390899658203,79722200
2023-07-19,28.034966683972897,28.40921043180441,27.577559068844682,28.251197814941406,61881000
2023-07-20,28.192984380458828,28.27614825338118,27.86863766206551,27.97675323486328,32839900
2023-07-21,27.868640118161537,28.226250513741384,27.743894297784014,28.176353454589844,25179400
2023-07-24,28.17634808323397,28.77513488639434,28.03496570675992,28.259511947631836,30784200
2023-07-25,28.80840289126865,29.06621595754956,28.043285155206384,28.475744247436523,35719500
2023-07-26,28.151399771322104,28.783456637748248,28.084869306302664,28.558910369873047,27916000
2023-07-27,28.467422452407195,28.78345082176357,27.893584221008197,27.901899337768555,28097500
2023-07-28,28.001697178320658,28.542271781318256,27.993382061388978,28.30109214782715,30642100
2023-07-31,28.27614634556947,28.375943620842573,28.143082254372597,28.342679977416992,24500400
2023-08-01,28.517325620239777,28.525640737860236,27.710622793635444,27.802104949951172,27289500
2023-08-02,27.835371759241685,28.026651189451073,27.62745892129694,27.710622787475586,20481600
2023-08-03,27.48607601241163,27.652406914063505,27.219947838767858,27.494394302368164,20465700
2023-08-04,27.444494047984495,27.469442572828733,27.053616905435028,27.12846565246582,24584000
2023-08-07,27.153419838284947,27.303117346065562,26.762542659913517,27.053619384765625,24314000
2023-08-08,26.987084373371413,27.28647933847473,26.970450967254806,27.086881637573242,22178900
2023-08-09,27.036982929554856,27.303114269789326,26.895603728412738,27.20331382751465,20798500
2023-08-10,27.31974585423729,27.710623007881793,27.29479732868489,27.46112823486328,19031600
2023-08-11,27.411227054238072,27.793785904343192,27.402911936843637,27.74388885498047,15271400
2023-08-14,27.602505922649296,27.93516771668312,27.560923991519566,27.910219192504883,17934000
2023-08-15,27.73557339406916,27.86863749343882,27.619142703683004,27.660724639892578,15528600
2023-08-16,27.693989205128304,27.976750789850257,27.56092511658257,27.66904067993164,17395100
2023-08-17,27.743889068596943,27.84368634058884,27.31974511075975,27.494394302368164,19128000
2023-08-18,27.328062433311263,27.793785134452385,27.328062433311263,27.59419059753418,21722700
2023-08-21,27.569241301541986,27.627456637554463,27.253212925690054,27.44449234008789,27074400
2023-08-22,27.51102921485796,27.710623769761177,27.353013422019806,27.61082649230957,21722000
2023-08-23,27.61082492751343,27.75220413151593,27.45280914363055,27.602506637573242,15766400
2023-08-24,27.45280767370909,27.92685182747764,27.44449255671219,27.760520935058594,18561400
2023-08-25,27.718940672598535,27.87695328502853,27.461127615214558,27.735570907592773,14912100
2023-08-28,27.84368400295262,27.960114672584492,27.660719709246642,27.901899337768555,16050400
2023-08-29,28.267829827985917,28.899883436746567,28.23456301370956,28.84998321533203,28782800
2023-08-30,29.016313936998447,29.066214158108217,28.733552362372436,28.808401107788086,15021400
2023-08-31,28.98304997248399,29.22422963947986,28.90820121970935,29.09116554260254,24333200
2023-09-01,29.099479077841263,29.23254315297367,28.97473011943685,28.991363525390625,14748700
2023-09-05,28.983048092739608,29.166012403766338,28.5256404876709,28.5256404876709,17486000
2023-09-06,28.359308656959065,28.64207023180109,28.267829676934944,28.42584228515625,19187100
2023-09-07,28.42584173073863,28.708603300065676,28.068231417398604,28.118131637573242,26605800
2023-09-08,28.118133937923417,28.13476734600908,27.635774620933866,27.81873893737793,24872400
2023-09-11,28.026649437427533,28.35099293674602,27.926852169752138,28.22624397277832,18883900
2023-09-12,28.38426457386184,28.425846511418346,28.109818075491653,28.309415817260742,15784400
2023-09-13,28.525644974272325,28.525644974272325,27.868639547247877,28.159719467163086,21027900
2023-09-14,28.500695268019445,28.592177434142844,28.226248769649256,28.309415817260742,26570100
2023-09-15,28.24287684563951,28.417522853894855,27.993382094917894,28.101497650146484,38205200
2023-09-18,28.192984381710527,28.251199727258435,27.87695595409445,27.885271072387695,16233700
2023-09-19,27.926856246799048,28.05160205648047,27.652409755002793,27.777158737182617,23379300
2023-09-20,27.9268531178989,28.22624493108976,27.743888810533893,27.943483352661133,23742000
2023-09-21,27.87695794142044,28.151401279639945,27.660726780400346,27.685678482055664,17993800
2023-09-22,27.66071949938111,27.868632314288508,27.386276233402196,27.677352905273438,22740000
2023-09-25,27.585877450867663,27.652411090576628,27.336382646956157,27.57756233215332,17616900
2023-09-26,27.35301117261192,27.58587252501546,27.286480717281474,27.43617820739746,18841600
2023-09-27,27.402914692200028,27.452811746579886,26.870658295492387,26.945507049560547,22083500
2023-09-28,26.945501865697462,27.12846298405558,26.945501865697462,27.070247650146484,18772100
2023-09-29,27.128469130898676,27.23658470658316,26.920556270543077,26.95382308959961,19787600
2023-10-02,26.97876772081886,27.00371941775646,26.38829604409656,26.413246154785156,24722600
2023-10-03,26.36334911091693,26.621159005681776,26.28850036058238,26.596210479736328,21389400
2023-10-04,26.43819464743413,26.58789054365715,26.11384957332864,26.230281829833984,23694100
2023-10-05,26.24691666422818,26.546311663558438,26.09721916456305,26.463146209716797,22774400
2023-10-06,26.28052506167302,26.331488779874967,25.60100179851504,26.204078674316406,31291800
2023-10-09,26.11064345477131,26.756189816177688,26.11064345477131,26.713720321655273,20344300
2023-10-10,26.73920024352998,27.011008885277036,26.60329592265645,26.977033615112305,19151900
2023-10-11,27.03649545238063,27.15541134526906,26.67974615360782,26.72221565246582,15694200
2023-10-12,26.61179423933802,26.645771134837254,26.034199976711403,26.25504493713379,21718300
2023-10-13,26.399444514280173,26.6627589840579,26.025706750006634,26.051189422607422,24528400
2023-10-16,26.195585351776565,26.60329835162265,26.008717298540635,26.543840408325195,21087900
2023-10-17,26.424925735659382,26.790169255673973,26.41643151192561,26.764686584472656,21186000
2023-10-18,26.688242224004096,26.739205950181464,26.322998676166378,26.37396240234375,22024300
2023-10-19,26.688238127039547,27.155409055515666,26.671249680885808,26.824142456054688,28806600
2023-10-20,26.81564712524414,27.29980647987375,26.79865867979218,26.81564712524414,27271200
2023-10-23,26.739202355228564,26.892095133312644,26.55233430429659,26.662755966186523,31725800
2023-10-24,28.15770447404013,29.270420082448204,28.00481170887932,29.1345157623291,61617900
2023-10-25,29.30440011590158,29.39783495354609,28.53993620809644,28.616382598876953,30832800
2023-10-26,28.590897974264507,29.47427765946287,28.5739095295244,29.278915405273438,34367000
2023-10-27,29.202474512668346,29.380848355643117,28.319094661438342,28.404033660888672,23924800
2023-10-30,28.743796824529234,29.559222903471074,28.743796824529234,29.406330108642578,31497700
2023-10-31,29.48277054553371,29.907471947481064,29.44879365572643,29.839521408081055,28903400
2023-11-01,30.077357425937805,30.204769160694582,29.856514091269744,30.068864822387695,26071200
2023-11-02,29.99241865426029,30.527540167731495,29.99241865426029,30.493566513061523,24946000
2023-11-03,30.57001226612788,30.892783040129608,30.52753952830373,30.59549331665039,23323200
2023-11-06,30.56151361573732,30.60398310944614,30.255728076690335,30.272716522216797,15544000
2023-11-07,30.32368531776759,30.663444546408588,30.281215819214346,30.52754020690918,17654600
2023-11-08,30.52753557784452,30.56151246762102,30.23873849517335,30.38313865661621,16971500
2023-11-09,30.468078474536167,30.620971242499458,30.119823445334145,30.255727767944336,15685800
2023-11-10,30.502053597268493,30.51054619934547,30.068859606624578,30.332172393798828,12791200
2023-11-13,30.272716817607677,30.731395130653784,30.077354552469085,30.425609588623047,17236700
2023-11-14,30.586999719990274,30.66344611738871,30.417121717073936,30.476579666137695,17667100
2023-11-15,30.476575220105993,30.671937487131803,30.442598328393313,30.578502655029297,22855500
2023-11-16,30.646452927402468,30.90127310562428,30.519041218184377,30.73139190673828,19110800
2023-11-17,30.90127455393486,30.90127455393486,30.64645436376989,30.773862838745117,19355200
2023-11-20,30.816336388427594,31.317484232504903,30.74838584086903,31.19856834411621,18656400
2023-11-21,31.30899216849732,31.810140021207847,31.300496324771803,31.6402587890625,22946400
2023-11-22,31.708213538192158,31.86959893149905,31.61477869567208,31.72519874572754,14613100
2023-11-24,31.81013808625297,31.912065523254114,31.68272635984044,31.776161193847656,6766700
2023-11-27,31.810140984479926,31.886587379249526,31.674236642691202,31.72519874572754,15245300
2023-11-28,31.72519107276892,31.861095381688237,31.597782605777606,31.82712173461914,14521700
2023-11-29,31.878089718177645,32.183875279825905,31.878089718177645,32.07345199584961,16387400
2023-11-30,32.13290817533998,32.65104114053378,32.1244123331646,32.55760955810547,36623500
2023-12-01,32.61707334106026,32.79544717615462,32.50665005448114,32.76996612548828,20762500
2023-12-04,32.617072487119856,32.76146942406868,32.302791082793185,32.31128692626953,22109200
2023-12-05,32.57459815075318,32.744479369574954,32.35375483443521,32.634056091308594,23003300
2023-12-06,32.48966038691533,33.02478511231292,32.34526345160995,32.70201110839844,20218500
2023-12-07,32.744487376176714,32.897380186479815,32.5321366107797,32.829429626464844,15223200
2023-12-08,32.83791724315105,32.85490569062805,32.2858040409012,32.489662170410156,21850400
2023-12-11,32.52363565115588,32.60857463940926,31.835618181530542,31.99700355529785,21914500
2023-12-12,31.91206698765846,31.97152493198881,31.57230452844365,31.682727813720703,17096700
2023-12-13,31.495862822432386,31.555320769490773,30.969230662465108,31.419416427612305,32473200
2023-12-14,31.640260262689306,32.26032403471619,31.580802314701465,32.16688919067383,28551600
2023-12-15,31.895080291015624,32.132915321603896,31.546825209305613,31.7421875,51721600
2023-12-18,32.039476289639246,32.10742683219901,31.657244362069616,31.99700355529785,22057200
2023-12-19,31.937550372907452,32.056469510477015,31.844118767997003,31.91206932067871,17642500
2023-12-20,31.852609043328112,32.0479713233014,31.665739366738467,31.682727813720703,18134600
2023-12-21,31.72519425937911,31.89507547264541,31.606278382157086,31.793148040771484,15421000
2023-12-22,31.784653123032694,32.09043866776852,31.76766791740491,31.844114303588867,13171600
2023-12-26,31.801640175233622,31.971521385999356,31.6912201424183,31.835617065429688,11856600
2023-12-27,31.708209682867512,31.818629719497267,31.597786406023058,31.691221237182617,15267600
2023-12-28,31.580798253351965,32.0394765704557,31.55531720469556,31.844114303588867,14931700
2023-12-29,31.75067899144026,32.073449736923045,31.699713654683393,32.02248764038086,16222700
2024-01-02,32.0479695035199,33.10123047510649,32.00550000858333,33.024784088134766,23810900
2024-01-03,33.57689334852229,33.73828196243739,33.23713415543491,33.26261520385742,26263900
2024-01-04,33.70430266230209,33.84869957999623,33.432494031171785,33.44098663330078,24214600
2024-01-05,33.52592864074819,34.290389195821234,33.381528483765244,34.145992279052734,30276700
2024-01-08,34.10352696595537,34.196958561078645,33.5344253508117,34.06105422973633,28483000
2024-01-09,33.90126473724807,33.90126473724807,33.48667641737262,33.71988296508789,17880100
2024-01-10,33.75444030761719,33.77171194178076,33.391673387921735,33.75444030761719,16354700
2024-01-11,33.711241809193616,33.711241809193616,32.44156618627156,32.735233306884766,31289800
2024-01-12,32.985716647155535,33.48667964118458,32.96844172030742,33.3052978515625,18774800
2024-01-16,33.32257639047065,33.987643024509346,33.12391635761096,33.935821533203125,31039400
2024-01-17,33.4434982417138,34.05674339627447,33.400309271651246,33.573055267333984,21377100
2024-01-18,33.279379062217075,33.69396736281045,33.21891847430897,33.633506774902344,17112800
2024-01-19,33.745796679299936,34.0567387703222,33.41757966157029,33.970367431640625,20561700
2024-01-22,34.03082732804654,34.30721955997166,33.95309180688914,34.18629837036133,26039200
2024-01-23,35.47324380540642,36.49244124458316,35.058655519193735,36.47516632080078,49713700
2024-01-24,36.4751734875431,36.5701839395867,35.57689704349238,35.654632568359375,27910400
2024-01-25,35.801466178312,36.53563242831776,35.69781991480826,36.52699661254883,24613200
2024-01-26,36.526995019056514,36.69974098059691,36.36288487290831,36.622005462646484,20367200
2024-01-29,36.38015892459867,36.613365472847676,35.982845528998915,36.319698333740234,23905700
2024-01-30,36.276515872804865,36.79475049590278,36.11240901095678,36.68246841430664,20044600
2024-01-31,36.440619353876414,37.321620767292316,36.31106235754926,36.57881546020508,23392300
2024-02-01,36.863848216530734,36.89839806817034,36.25060317677609,36.69974136352539,19586500
2024-02-02,36.44926217144735,36.68246874238376,36.129684260840605,36.38880157470703,21548600
2024-02-05,36.276510601179865,36.4319816244876,35.654626507948926,35.74100112915039,20466200
2024-02-06,35.749638421459174,35.905109451192885,35.36959995702956,35.4991569519043,17517600
2024-02-07,35.4991575516542,35.533707402146526,34.86000179182169,34.91182327270508,21815600
2024-02-08,34.80817773275221,34.868638324931055,34.06537240614903,34.4713249206543,19523500
2024-02-09,34.46268767338881,34.62679451750503,33.90989996166332,34.30721664428711,18479400
2024-02-12,34.31585151787366,34.695889970332296,34.143105568627035,34.63542938232422,15060500
2024-02-13,34.72181085017271,34.94637832207089,34.27267261152077,34.66135025024414,14483600
2024-02-14,34.87727607918052,35.01547218376718,34.52314835524875,34.678619384765625,12443200
2024-02-15,34.73044160885697,35.0845693403765,34.70453086833399,35.058658599853516,12081400
2024-02-16,34.79954406722738,35.127757789373206,34.32449511582232,34.9722900390625,12645500
2024-02-20,34.90319098962505,35.335054279917294,34.782269795520094,34.980926513671875,12069500
2024-02-21,34.97228656764563,35.5164318768586,34.8686370179198,35.4991569519043,16268200
2024-02-22,35.196855614221995,35.352326651075686,34.64407116978896,35.17958068847656,22068900
2024-02-23,35.0932108092491,35.54234901268191,34.94637558175408,35.11912155151367,15228600
2024-02-26,35.067298286699845,35.09321232493898,34.05673975647108,34.281307220458984,25108400
2024-02-27,34.27267004532049,34.53178735344921,34.056738406070664,34.48860168457031,17074100
2024-02-28,34.51450820630806,34.73043981915261,34.42813687911221,34.63542938232422,12437000
2024-02-29,34.6354339974419,34.7477193736423,34.41950235582479,34.56633758544922,20486500
2024-03-01,34.54042380029381,34.79954108843876,34.350402918055146,34.721805572509766,12130900
2024-03-04,34.479962116861394,34.83409316359834,34.12583436497974,34.81681823730469,18753900
2024-03-05,34.85136413574219,35.37823784573804,34.47996146459282,34.85136413574219,20640100
2024-03-06,34.851365256979456,34.86864018350208,34.350405567244636,34.48860168457031,16331100
2024-03-07,34.63543609168428,34.79090714663763,34.01355516672644,34.14311218261719,17100600
2024-03-08,34.212210052836475,34.445416622718696,34.02218915259421,34.12583541870117,17807900
2024-03-11,34.177662155959986,34.74772159446908,34.16902633947973,34.66135025024414,12344600
2024-03-12,34.57497561116362,34.77363233876544,34.462693522642326,34.66135025024414,12452700
2024-03-13,34.79954227095691,34.98092404933637,34.600885566800095,34.77362823486328,13751800
2024-03-14,34.54906336569863,34.60088814689514,34.06537529243089,34.350406646728516,17475400
2024-03-15,34.20357344640191,34.48860481763548,33.80625998485417,34.10856628417969,54893900
2024-03-18,34.09992407494956,34.514512426926586,33.90990317805601,34.48860168457031,16200800
2024-03-19,34.445415876095964,34.592247808660225,34.384955280939465,34.52315139770508,15226900
2024-03-20,34.51451383796204,34.78227026772626,34.37631771498658,34.6527099609375,15198800
2024-03-21,34.6527131262719,35.05866571609311,34.531791919479815,35.015480041503906,21868300
2024-03-22,35.18821825494749,35.24867884497629,34.557695024895665,34.86863708496094,17816400
2024-03-25,35.00683183866083,35.309138071990134,34.96364617528662,35.300498962402344,14587200
2024-03-26,35.26595819558092,35.4127901341186,35.162308632648546,35.28322982788086,17854100
2024-03-27,35.49916575752934,36.08650017224483,35.49916575752934,35.879207611083984,19260100
2024-03-28,35.96557400751825,36.40607640529564,35.95693819151622,36.241966247558594,19771400
2024-04-01,36.267874347231576,36.57017728063813,35.87055768422671,36.51835250854492,15031600
2024-04-02,36.53562794017429,36.863844911614876,36.501078091632145,36.742923736572266,17260800
2024-04-03,36.77748102121184,37.0538732757234,36.73429205437426,37.00204849243164,18211800
2024-04-04,37.13160862794517,37.503008041121646,36.65655635381893,36.66519546508789,16461400
2024-04-05,36.492450485690135,36.656557360897864,35.93966596408972,36.380165100097656,14338700
2024-04-08,36.3801610827811,36.40607511958279,36.02603333180728,36.04330825805664,14457800
2024-04-09,36.03892326756067,36.14424796687248,35.58251177292707,35.8458251953125,17224100
2024-04-10,35.643951025613454,35.68783603744106,35.07343582721929,35.56495666503906,17900400
2024-04-11,35.503519248196525,35.52107392369201,35.1875417857019,35.24898147583008,14782200
2024-04-12,35.26653665153943,35.336752006305275,34.82767980256379,34.862789154052734,21555000
2024-04-15,35.20509338378906,35.41574277489717,34.9768859705083,35.20509338378906,16442800
2024-04-16,35.205092369010146,35.23142270508677,34.731126230361326,34.90666961669922,14016800
2024-04-17,34.97688692153548,35.090990631278366,34.63457914051863,34.91544723510742,21009200
2024-04-18,34.976886529436484,35.257754620876675,34.85400715795787,35.22264862060547,20173700
2024-04-19,35.108542688665224,35.696609171558826,35.09098801553551,35.53862380981445,24706500
2024-04-22,36.337346377084835,36.547995777667644,33.84463948210921,33.87974548339844,51243200
2024-04-23,34.151839303448845,35.09977168911457,33.949965557956034,34.84523391723633,25972800
2024-04-24,34.669687222851245,34.81012126501534,34.178166401171076,34.660911560058594,15946600
2024-04-25,34.48536698920822,34.95055411015486,34.195719903795855,34.423927307128906,16837700
2024-04-26,34.283493387630244,35.07343359488473,34.14305934979312,34.827674865722656,18246200
2024-04-29,35.02077376932864,35.82826866934596,34.99444008470258,35.187538146972656,19438600
2024-04-30,35.02954966515996,35.03832532795261,34.61702320146033,34.660911560058594,20222200
2024-05-01,34.52047577010986,34.81011950256593,34.34493238923965,34.4063720703125,17754000
2024-05-02,34.5116994095449,34.65213345538206,34.011402911986806,34.16939163208008,17394900
2024-05-03,34.274719030047045,34.40637742323591,34.011405591881335,34.13428497314453,13195600
2024-05-06,34.33615110102143,34.538024803757025,34.283490434001614,34.52047348022461,13348800
2024-05-07,34.69601676905002,34.73990512664849,34.30982399894933,34.50292205810547,11935200
2024-05-08,34.441480752536705,34.731124479412145,34.31859804454712,34.652130126953125,10438000
2024-05-09,34.678466557246765,34.959338019524054,34.564366187803515,34.92422866821289,12881000
2024-05-10,34.941781685022335,35.47718420014547,34.854008310911425,35.459632873535156,16888500
2024-05-13,35.40697229943628,35.67906476337739,35.18754386509377,35.582515716552734,21365700
2024-05-14,35.6263938272515,35.71416384468854,35.47718077975467,35.53862380981445,17664400
2024-05-15,35.7668278640777,35.9072619009039,35.494735452884385,35.53862380981445,14926000
2024-05-16,35.363077941203855,35.494732958105935,35.23141957609047,35.32796859741211,12913200
2024-05-17,35.45084901619258,35.46840368861518,34.959331581205156,35.16120529174805,14670400
2024-05-20,35.15242750598629,35.380634907218536,35.117318159918014,35.2138671875,8665000
2024-05-21,35.196311248302074,35.21386592070469,34.476586420851724,34.77500915527344,18327000
2024-05-22,34.84523430186878,35.26653647296668,34.77501559924645,34.92422866821289,12374100
2024-05-23,34.75745554728393,34.93299892847456,34.327377778988975,34.608245849609375,14105000
2024-05-24,34.678463498047506,34.880340576171875,34.66968783509988,34.880340576171875,10420000
2024-05-28,34.862783753477714,34.92422343495976,34.380038615816666,34.54680633544922,15071300
2024-05-29,34.45903374005385,34.6433561368288,34.23082968205326,34.318599700927734,17652000
2024-05-30,34.42393066534275,35.42452369763148,34.388821315526194,35.398193359375,19633200
2024-05-31,35.23142349304014,36.23201646486936,35.19631414534501,36.117916107177734,38917400
2024-06-03,36.14424761960713,36.433891376984725,35.898488874170155,35.96870422363281,20688100
2024-06-04,35.880937609029274,36.477783203125,35.74050354854864,36.477783203125,16040200
2024-06-05,36.51288543735964,36.61821348300474,36.100362310657516,36.29345703125,11964000
2024-06-06,36.25834712205191,36.61820953534798,36.10913408091327,36.275901794433594,10259100
2024-06-07,36.12669564954505,36.24079936770165,35.81949719475271,35.933597564697266,10410200
2024-06-10,35.90726734205313,35.92482201784297,35.39819513699606,35.46841049194336,15210700
2024-06-11,35.363080128892165,35.62639352719715,35.30164044756138,35.47718048095703,12083300
2024-06-12,35.78438320017706,35.81071353625368,34.739905241194606,34.90666961669922,15065300
2024-06-13,34.88911689755591,34.933001909545695,34.49414509322423,34.91544723510742,12297400
2024-06-14,34.65213286703047,34.968110301852086,34.62580253019924,34.81889724731445,10480600
2024-06-17,34.75745807614435,34.75745807614435,34.18694623103027,34.634578704833984,22286600
2024-06-18,34.854007885334525,35.26653436808907,34.84523222213652,35.17876434326172,17125700
2024-06-20,34.96811181051345,35.52107234530816,34.94178147254622,35.31919860839844,17704700
2024-06-21,35.43329897173099,35.44207798319463,35.02077583465975,35.31919860839844,30375300
2024-06-24,35.450851988472444,36.17935588813881,35.38941230394777,36.135467529296875,20773800
2024-06-25,36.170580778016635,36.53922227313366,35.837051982687015,36.056480407714844,17475700
2024-06-26,35.98625620946129,36.135465908554096,35.73171847172603,36.00381088256836,19709900
2024-06-27,35.98625484757191,36.021364192457355,35.600062098466275,35.82826614379883,15560800
2024-06-28,35.863382527402074,36.49533746652488,35.71416945645938,36.19691467285156,27639200
2024-07-01,36.354893659133765,36.84641445283162,36.293453978447964,36.635765075683594,16412100
2024-07-02,36.53921850500689,36.60065818982172,35.74049925420243,36.07402801513672,21659400
2024-07-03,36.10036226318455,36.32856633202531,35.942373543136426,36.091583251953125,6653900
2024-07-05,36.13546272617903,36.31978510346464,35.94236803542975,36.223236083984375,17552200
2024-07-08,36.24956520989674,36.504102916737786,36.05647052557865,36.451438903808594,15380400
2024-07-09,36.39878964455283,36.67087875941752,36.17058219856263,36.249576568603516,20475200
2024-07-10,36.4681330253068,36.691152423988704,36.298636104384734,36.646549224853516,13826800
2024-07-11,36.64654160966948,36.896322195326675,36.35215443114042,36.842796325683594,12487800
2024-07-12,36.85173001309135,37.08366871148107,36.75360092427045,36.958778381347656,11129100
2024-07-15,36.95877704783286,36.9855382881798,36.30756077634368,36.387847900390625,15874900
2024-07-16,36.44136732270135,37.06582230143551,36.414606084600386,36.97661590576172,16016900
2024-07-17,37.06581796543638,37.63674699817485,37.03905673046597,37.494014739990234,20401700
2024-07-18,37.37805348627081,37.93114065556617,37.21747924308731,37.52970504760742,15752800
2024-07-19,37.734878365904166,37.734878365904166,36.95877187736373,37.128265380859375,17608000
2024-07-22,35.63849451828898,35.683097709825184,34.52339771485694,34.871307373046875,54985800
2024-07-23,34.55908059662609,35.031880538191785,34.541238639943664,34.69289016723633,25257700
2024-07-24,35.00512740445522,35.53145333785396,34.83563047825521,35.38871765136719,22889000
2024-07-25,35.55820928872173,36.548415846903254,35.495764136674744,35.63849639892578,19740300
2024-07-26,35.59389607574851,35.83475402278076,35.37087668530649,35.763389587402344,15911500
2024-07-29,35.75446835342429,35.79014886765894,35.3887133062197,35.709861755371094,12937200
2024-07-30,35.692019692920205,35.91503907051482,35.53144887181727,35.71878433227539,16089200
2024-07-31,35.709864587000666,36.387845456304554,35.66526138841628,36.1469841003418,23605400
2024-08-01,36.280790067083124,36.73575149495135,35.93288038871659,36.44136428833008,18166800
2024-08-02,36.7535935536258,37.41372899566205,36.04885151433918,36.54841613769531,26124900
2024-08-05,35.68310446587001,35.923965829375355,35.36195598119622,35.50468826293945,26855000
2024-08-06,35.65633917083226,36.11129720370127,35.469000307410305,35.9150390625,18104200
2024-08-07,36.00425205691186,36.3254005336147,35.86151977871126,35.932884216308594,12176300
2024-08-08,35.93288398292849,36.387845456304554,35.90612274437904,36.1469841003418,13237100
2024-08-09,36.12022273384993,36.39676460589709,35.70986446051178,36.3521614074707,11818700
2024-08-12,36.53058106614828,36.575184268801664,35.95965190496993,36.155906677246094,11099000
2024-08-13,36.26295387710656,36.39676346820309,35.99532788890188,36.37892150878906,15349400
2024-08-14,36.218347369268336,36.664386146737186,36.12022169675007,36.4859733581543,10931100
2024-08-15,36.43244565997704,36.50381009124439,35.6831004151389,35.71878433227539,17489600
2024-08-16,35.77231055008396,36.2361913124065,35.736630032217604,36.227272033691406,13377500
2024-08-19,36.245113565528094,36.450291003608875,36.1826684062429,36.34324264526367,9401400
2024-08-20,36.27187078946078,36.53949335720384,36.245109553588144,36.44136428833008,8784000
2024-08-21,36.49489118589403,36.63762345289095,36.33431696014679,36.619781494140625,13683400
2024-08-22,36.66438687549183,36.71791275493408,36.22727077056733,36.45920944213867,13529600
2024-08-23,36.56625747508555,36.78035416502732,36.50380892059655,36.76251220703125,11757300
2024-08-26,36.905246829158884,37.23531796869552,36.789279199273224,37.012298583984375,10309500
2024-08-27,37.06582230143551,37.146109418744274,36.735754553835434,36.97661590576172,9778200
2024-08-28,37.012298583984375,37.208553328486275,36.896327551092966,37.012298583984375,12732700
2024-08-29,37.05690200450252,37.08366324186791,36.70006962560371,36.79819869995117,17338100
2024-08-30,36.842803081797044,37.36912898595154,36.72683204447328,37.270999908447266,20009900
2024-09-03,37.43157392904098,38.29689025878906,37.39589000960674,38.29689025878906,23319900
2024-09-04,38.359338232785376,38.600199602142666,36.75359917340953,37.003379821777344,31272700
2024-09-05,36.85172653198242,37.297765327757055,36.48597485556746,36.85172653198242,28199800
2024-09-06,36.896327470420914,37.279921083525835,36.69115004529596,36.70899200439453,18100300
2024-09-09,36.80711797412272,38.16307624958464,36.80711797412272,38.118473052978516,27850300
2024-09-10,38.17200260460403,38.97487042980421,37.80625091242252,38.93918991088867,36980400
2024-09-11,38.81429472716343,39.09084000716607,38.305810769388806,39.072998046875,22395500
2024-09-12,38.805373600277484,39.14436402365027,38.74292844373589,39.126522064208984,18397000
2024-09-13,39.188970946208116,39.67069368789982,38.91242565308744,39.635009765625,20029700
2024-09-16,39.79558013686781,40.18809303464271,39.66176714287334,40.143489837646484,24714500
2024-09-17,39.92047094287751,39.92047094287751,39.180044932170155,39.32278060913086,18769600
2024-09-18,39.34062198187542,39.69745439380872,39.05515741353121,39.14436721801758,16897900
2024-09-19,39.21572556408149,39.22464824464649,38.65371919668621,39.19788360595703,23097200
2024-09-20,39.05515011520208,39.67068574061011,38.93918249555008,39.54579544067383,52671900
2024-09-23,39.563639780404,39.72421401894638,39.206810785981126,39.48335266113281,18083200
2024-09-24,39.43874767984286,39.956154292430796,39.36738324538585,39.84018325805664,15154000
2024-09-25,39.96507720815433,40.036445052112896,39.62608675536335,39.74205780029297,21990100
2024-09-26,39.78665480692487,40.03643881888515,39.57255811439386,39.80449676513672,15779600
2024-09-27,39.89370901554427,40.18809283667384,39.68853158796771,40.04536056518555,15659300
2024-09-30,40.25946771745101,40.46464518092406,39.956161162098155,40.063209533691406,13509700
2024-10-01,40.10781400212462,40.35759808105508,39.84019136320514,40.330833435058594,17536400
2024-10-02,40.259462934026956,40.39327253186835,40.027520852958986,40.18809509277344,12040800
2024-10-03,40.0810417025771,40.10780293818488,39.599319043603785,39.71529006958008,12258400
2024-10-04,39.04623941649801,39.47443628307229,38.84998124319081,39.411991119384766,14531200
2024-10-07,39.32278467436404,39.376307155751675,39.04623937617188,39.10868453979492,12885000
2024-10-08,39.25141854996946,39.38523156531962,38.97487323964876,39.260337829589844,10855100
2024-10-09,39.30493751419028,39.47443102117654,39.08191812988985,39.34954071044922,12614200
2024-10-10,39.356785329480644,39.56516569080295,38.78600569216987,38.912845611572266,12352800
2024-10-11,39.0940508583654,39.17559130837956,38.77694757225305,38.95814895629883,10658700
2024-10-14,38.95815155963183,39.220893411249186,38.85849061894048,39.13029098510742,9923500
2024-10-15,39.38397209228548,39.83697382895818,39.11216828537869,39.62859344482422,15444500
2024-10-16,39.6285929174467,39.95475126036219,39.556110981601755,39.78261184692383,9459000
2024-10-17,39.75543104896693,39.86415049168274,39.438327778196744,39.728248596191406,10539500
2024-10-18,39.71013449000826,40.01817235767225,39.56517061421952,39.85509490966797,13058400
2024-10-21,39.90944981953776,40.04535171451173,39.50174759074462,39.592350006103516,18760000
2024-10-22,37.96154675216285,38.63198738411933,36.919641379850454,37.599143981933594,42576300
2024-10-23,37.925306779000834,38.86755124141641,37.83470435600181,38.8313102722168,27174700
2024-10-24,38.39642661465628,38.4598465787343,37.72598255080867,37.9253044128418,23506400
2024-10-25,37.96154733595489,38.21522720533921,37.48136313959726,37.49042510986328,19717400
2024-10-28,37.5538401263792,37.85281943929128,37.49947868033675,37.70785903930664,13575000
2024-10-29,37.43605979580528,37.76222156916405,37.40888080006827,37.44512176513672,15072300
2024-10-30,37.44512135431301,37.60819878307456,37.25485801785541,37.399818420410156,16372600
2024-10-31,37.38170021272236,38.64104789069976,37.37264169906775,38.169925689697266,31077900
2024-11-01,38.16086643687677,38.369246827057154,37.41794384366705,37.47230529785156,16682400
2024-11-04,37.73504649686604,37.843765947246666,37.05554388376134,37.200504302978516,14760900
2024-11-05,37.155201550920516,37.39076439341497,36.992124102593095,37.3817024230957,12322800
2024-11-06,37.54477939262755,37.753159758453684,37.082719182513706,37.291099548339844,21957100
2024-11-07,37.21862499420785,37.318282474868596,36.70219982573999,36.756561279296875,24225500
2024-11-08,36.91058113700107,37.010238610823755,36.620656860720025,36.675018310546875,21305900
2024-11-11,36.66596495802469,37.03742627713919,36.611603500545996,36.6387825012207,17116400
2024-11-12,36.69313802084071,36.78373697918142,36.30355627894396,36.6025390625,16984600
2024-11-13,36.602535402244754,37.508538719566374,36.52099496544067,37.27297592163086,19953500
2024-11-14,37.27297979530771,37.38169923696927,37.019299946054495,37.028358459472656,13636600
2024-11-15,36.96494135377059,37.843765836782026,36.96494135377059,37.73504638671875,21482500
2024-11-18,37.75316091830919,38.577627349830884,37.75316091830919,38.27864456176758,17405400
2024-11-19,38.24240360704109,38.26052409021365,37.87094234232557,37.98872375488281,10520600
2024-11-20,38.05214678361939,38.30582665621556,37.82564590990737,38.251468658447266,14706500
2024-11-21,38.25146996008013,38.731650722728055,38.06120659302961,38.505149841308594,12534100
2024-11-22,38.59574668451805,39.26619077727014,38.36018730151968,39.094051361083984,17017400
2024-11-25,39.266189535797935,39.90945115377192,39.23901053834601,39.846031188964844,28365900
2024-11-26,39.84603055214718,40.31715275184805,39.6376501773787,40.199371337890625,17247000
2024-11-27,40.29903402335009,40.5255348913699,40.19937308844074,40.20843505859375,12372400
2024-11-29,40.20843258599855,40.335272511309064,39.90944979965627,40.17219161987305,9023100
2024-12-02,40.10877182988988,40.154071309677406,39.429269264690745,39.728248596191406,12783900
2024-12-03,39.78261107719063,40.244671312810766,39.59235118347227,39.71013259887695,15415900
2024-12-04,39.61953307076108,39.66483255502747,38.423608714256765,38.52326965332031,21431600
2024-12-05,38.58668652359485,38.84036638001676,38.52326655948937,38.550445556640625,16176900
2024-12-06,38.532323840890086,38.659163765044674,38.07026362345143,38.38736343383789,15685900
2024-12-09,38.47796827669148,39.04874797140932,38.197105958246155,38.3783073425293,15570300
2024-12-10,38.38736023389025,38.64104351718125,38.115559925340584,38.32394027709961,16337200
2024-12-11,38.224284933662396,38.46890628388079,37.95248458546271,38.043087005615234,13986100
2024-12-12,38.106509489137615,38.197108459146556,37.8800086079861,38.124629974365234,11232300
2024-12-13,38.05214442292687,38.41454718083485,37.88000501379144,38.305824279785156,13360400
2024-12-16,38.19710549573969,38.27864594487333,36.97400221486394,37.03742218017578,30228300
2024-12-17,36.83809985995881,37.25486061433377,36.702197961035786,36.94681930541992,15374000
2024-12-18,36.874337468119485,37.19143726188214,36.43039430072322,36.457576751708984,19199600
2024-12-19,36.285441591270555,36.656902909600255,36.176722132672154,36.21296310424805,17859100
2024-12-20,36.17672348022461,36.593484300483524,36.16766150892845,36.17672348022461,47590900
2024-12-23,36.1767172432309,36.35791862049093,36.08611828266529,36.18577575683594,21292300
2024-12-24,36.149543316854064,36.20390131836651,35.75996151074485,36.05894088745117,11712200
2024-12-26,36.08611761352208,36.394155456184734,36.00457716807351,36.203895568847656,12946400
2024-12-27,36.113301758891396,36.38510213042955,35.92304184442761,36.167659759521484,15168100
2024-12-30,36.05893268469866,36.09517364821566,35.69653341791422,35.87773132324219,15672000
2024-12-31,35.913975823751585,36.26731661251985,35.83243537587207,36.2310791015625,13549900
2025-01-02,36.26731614005688,36.74750030737135,36.22201665985369,36.430397033691406,22470200
2025-01-03,36.53005801371607,36.8109203211656,36.339798122925494,36.4756965637207,15229900
2025-01-06,36.502877629293366,36.53911859457941,35.85961604804511,35.88679504394531,27115000
2025-01-07,35.97739358907397,36.22201491776073,35.18011309868227,35.26165008544922,31517100
2025-01-08,35.252594714146916,35.32507665034893,34.826771979282434,35.2797737121582,22901600
2025-01-10,35.204166992028135,35.250269178431594,34.66015275077601,34.863006591796875,27338400
2025-01-13,34.982874971533924,35.176509801034136,34.79846620800489,35.14884567260742,19734000
2025-01-14,35.34248098354021,35.36091904624692,34.88145203369412,35.2963752746582,15740100
2025-01-15,35.314808534687415,35.582206106769405,35.102735689806465,35.20416259765625,27817100
2025-01-16,35.15806472154998,35.3516960144043,34.982871489315855,35.3516960144043,24678300
2025-01-17,35.42545914048393,35.932593746568756,35.360915375595205,35.75740051269531,24082100
2025-01-21,35.84038864217058,36.49505240709402,35.76662584115078,35.97869873046875,25717600
2025-01-22,35.85882931533926,36.2737560523737,35.58221266310682,35.914154052734375,31488900
2025-01-23,36.18155307205226,36.32908219343449,36.034023950670026,36.12622833251953,25153500
2025-01-24,36.98374071996349,37.50931341014183,36.30141636712639,36.458168029785156,37123900
2025-01-27,37.02062102868523,37.62917901875865,36.92841314087333,37.47242736816406,35520300
2025-01-28,37.43554552713971,37.629180339656216,37.20503107557513,37.251136779785156,21031900
2025-01-29,37.63839973527828,37.693724470444295,36.928414795485864,37.14048767089844,24238100
2025-01-30,37.20503560247561,37.20503560247561,36.107787945774945,36.39362716674805,27913500
2025-01-31,36.48582541512425,36.826985802706865,36.21842781957813,36.319854736328125,45178700
2025-02-03,36.24609170434939,36.99295623661664,36.0985626038818,36.863868713378906,27967100
2025-02-04,36.67945867653109,36.77166656825633,36.51348798879708,36.707122802734375,19190200
2025-02-05,37.00218200683594,37.16815269898955,36.707123780200966,37.00218200683594,16830500
2025-02-06,37.094385833314284,37.14971056900186,36.57803218567793,36.826988220214844,15370600
2025-02-07,36.84543027830739,36.98374036064067,36.48582828508669,36.77166748046875,15754800
2025-02-10,36.90075592692181,37.01140188510075,36.716343651709174,36.836212158203125,16737500
2025-02-11,36.86387025845872,37.361782312420075,36.716341151807725,37.33412170410156,15182700
2025-02-12,37.3341225577881,37.43554596306559,37.0206227593148,37.371002197265625,14440300
2025-02-13,37.444766254486055,37.90579513520148,37.26957302869661,37.841251373291016,17056700
2025-02-14,37.93345731636625,38.071767393267926,37.749045052954465,37.79515075683594,12438200
2025-02-18,37.73060240692441,38.00722255289813,37.444766748229426,37.9887809753418,16357700
2025-02-19,38.12708730787622,38.772528449086316,38.06254354549233,38.73564529418945,21039600
2025-02-20,38.72642426955373,39.21511373596793,38.61577832793319,39.1782341003418,19771700
2025-02-21,39.12291542212539,39.860561009308356,38.88317840793367,39.42719268798828,25465100
2025-02-24,39.41796983078137,40.229381656606435,39.25199915010417,39.94354248046875,27560600
2025-02-25,40.183277575174536,40.5428795272154,40.10951126841174,40.30314254760742,24356900
2025-02-26,40.14639831759923,40.24782524055498,39.436413374280356,39.814456939697266,18651400
2025-02-27,39.7222521463532,40.03574842510202,39.54705891132132,39.89744186401367,19212300
2025-02-28,40.044969075217786,40.34924630908972,39.28888198817693,39.74068832397461,25197500
2025-03-03,39.611599745278625,40.4506721496582,39.58393913858219,40.4506721496582,22334000
2025-03-04,40.5705402677478,41.01312755767506,39.482511860995785,39.52861404418945,32627500
2025-03-05,39.445632753084425,39.97120543361211,39.0768117323372,39.50095748901367,18038400
2025-03-06,39.64848870972931,40.865604825940565,39.51940116973291,40.78261947631836,22845900
2025-03-07,40.847158502489,42.599069672221475,40.847158502489,42.4699821472168,44992100
2025-03-10,42.4699814066893,43.668655783166564,42.4699814066893,42.8664665222168,39837000
2025-03-11,39.86978174624661,40.487558798265944,39.31654494296615,40.04497146606445,64142300
2025-03-12,38.8186293093091,39.547055765493454,37.961115332762176,39.27043914794922,49650800
2025-03-13,39.4364095473712,40.404569460720715,39.4364095473712,40.30314254760742,30708600
2025-03-14,39.7960134594846,40.35846926545468,39.65770338617773,40.17405700683594,17432100
2025-03-17,40.19249707713911,40.40456993551757,39.73146820656737,40.24782180786133,15560900
2025-03-18,40.31237150670696,40.96703175518678,40.12795922783854,40.78261947631836,16254400
2025-03-19,40.84715818474896,40.86559976208778,40.312366511407966,40.51521682739258,14373300
2025-03-20,40.53365814020591,40.53365814020591,39.998866470355004,40.34002685546875,18109300
2025-03-21,40.37690900830597,40.79183569200083,40.12795299808906,40.56132125854492,68445500
2025-03-24,40.229380644699084,40.69962854987529,40.137172759213726,40.16483688354492,18050000
2025-03-25,40.10951123546277,40.41379197455269,39.78679243706841,40.10029220581055,21483200
2025-03-26,40.3031467412691,40.87482512605228,40.17405920837337,40.736515045166016,21684400
2025-03-27,41.013131659944314,41.72311660772948,40.865602548545546,41.455718994140625,21905200
2025-03-28,41.61246706224633,41.80609834473912,41.3819526257441,41.42805480957031,19530600
2025-03-31,41.76921445453128,42.23024331940993,41.61246632881067,41.82453918457031,27786900
2025-04-01,41.944410164924925,42.045833566628936,41.603246252149525,41.84298324584961,15710800
2025-04-02,41.833758681373105,41.99051032621523,41.12377379944721,41.252864837646484,21924100
2025-04-03,41.944408858483214,42.58984647363853,41.67701126513533,42.064273834228516,30474800
2025-04-04,41.271303123184566,42.230244022261175,39.46407078695099,39.676143646240234,42663400
2025-04-07,38.29305933479214,39.952766189831344,38.03488427617332,39.26122283935547,38812000
2025-04-08,39.64848454201739,39.85133837918653,38.43136855374517,38.883174896240234,29790200
2025-04-09,38.43136902218205,40.12795549884278,37.69372349262767,39.54705810546875,49426000
2025-04-10,39.80750786604096,40.510158600805724,39.20790957032721,40.210357666015625,36501700
2025-04-11,41.08164614284299,41.128492385713194,40.37899538618867,40.96922302246094,30144300
2025-04-14,41.12849373974546,41.83114451953245,40.85680124716648,41.503238677978516,24323000
2025-04-15,41.69061278292374,41.86861635989928,41.4282909697247,41.671875,21795300
2025-04-16,41.91546155798078,42.055989565601415,40.772481845226686,40.8568000793457,17271600
2025-04-17,40.99732581808134,41.671871653702574,40.82869293304241,41.25965118408203,16504800
2025-04-21,41.409552777082354,41.49387101247159,39.985513453767915,40.219730377197266,23802500
2025-04-22,39.33907569271629,40.91301011664188,38.917484519402926,40.463314056396484,37633800
2025-04-23,39.86371799499427,40.27594205036042,39.4514975134946,40.004249572753906,29402100
2025-04-24,40.01361851997113,40.40710481150362,39.79813937831602,40.10730743408203,16597300
2025-04-25,39.84497893592437,39.95740562407517,38.73010774909331,39.264122009277344,23361900
2025-04-28,39.34843979869485,39.79813582467312,39.21727890451781,39.71381759643555,16188500
2025-04-29,39.6388734178531,40.29467794452871,39.56392228688067,40.238468170166016,14712800
2025-04-30,40.8005844853966,41.41891697693361,40.6319480264441,41.27838897705078,29563000
2025-05-01,41.006697037527566,41.06291038252751,40.52889253969404,40.566368103027344,18921900
2025-05-02,40.716270341247686,41.128494426211056,40.585109431983604,40.97859573364258,15366500
2025-05-05,41.0441763333558,41.22217991457672,40.49142423245567,40.791221618652344,9210000
2025-05-06,40.8193240815465,41.51260772960245,40.68816317961156,41.362709045410156,12131500
2025-05-07,41.23154084634203,41.55944664543556,41.02543240785609,41.119117736816406,12826600
2025-05-08,41.03480365187848,41.27839124994078,40.76311116706536,40.8568000793457,14967400
2025-05-09,40.772481845226686,41.10975478170275,40.58510759453259,40.8568000793457,10878400
2025-05-12,40.332151505486976,40.48205018611517,39.629500769942375,40.285308837890625,20160000
2025-05-13,40.48205253068008,40.48205253068008,39.80751021571955,39.9574089050293,20069600
2025-05-14,40.07919537029682,40.22909404553361,39.58265667867493,39.67634201049805,20447500
2025-05-15,39.910559903863856,40.78184709212227,39.910559903863856,40.73500442504883,14608000
2025-05-16,40.74437290842125,41.212806701660156,40.62257912149659,41.212806701660156,13407700
2025-05-19,41.29712844010841,41.56881734715835,41.10038351407472,41.51260757446289,14778600
2025-05-20,41.46575949495148,41.737451963830814,41.40954972474635,41.428287506103516,12189900
2025-05-21,41.259649459150886,41.4376530143908,40.81932054887725,40.98795700073242,16038600
2025-05-22,40.9879614596183,41.07227969471846,40.35089114416519,40.4071044921875,14947700
2025-05-23,40.72564129950808,40.735008404291236,40.154151413332805,40.58510971069336,12393400
2025-05-27,40.54763019419725,40.94111646023002,40.51015820484789,40.75374221801758,12873700
2025-05-28,40.70690186723995,40.781849424069755,40.34152403976144,40.4071044921875,12783000
2025-05-29,40.4258421375502,40.65068838114251,40.26657277229459,40.594478607177734,9960400
2025-05-30,40.63194796949666,41.27838891919732,40.5570004177708,41.18470001220703,26569500
2025-06-02,41.03480496488723,41.33460234604391,40.61321378080231,41.31586456298828,11873300
2025-06-03,41.15659732543283,41.2690204459599,40.85679995478291,41.06291198730469,13140900
2025-06-04,41.1378581454585,41.15659592722086,40.51015853881836,40.51015853881836,14360100
2025-06-05,40.61321077026076,40.66942411526071,40.313413411327204,40.566368103027344,12095900
2025-06-06,40.66005657543826,41.14722459808247,40.6413187939725,41.0348014831543,10135200
2025-06-09,40.8942756652832,41.17533525453557,40.763111188023295,40.8942756652832,13399400
2025-06-10,40.89427142677601,41.55007587577149,40.81932030468155,41.34396743774414,13724100
2025-06-11,41.40018334945805,41.596928287220905,40.931749488448204,40.97859573364258,14602100
2025-06-12,41.10975321417484,41.119120318112415,40.20099045597314,40.43520736694336,22370500
2025-06-13,40.27593971267253,40.54762860064325,40.21035569268923,40.294673919677734,13544100
2025-06-16,40.24782986665172,40.388361431409,39.6576058719499,39.816871643066406,20449300
2025-06-17,40.09793358784262,40.11667136918444,39.17043664155381,39.207908630371094,23028200
2025-06-18,39.30160151451409,39.3109686191998,38.973695668646755,39.039276123046875,18654200
2025-06-20,39.17043882870114,39.44212773866185,39.02054014346309,39.0673828125,37068100
2025-06-23,39.170438222514754,39.71381960789358,39.086119990006566,39.68571472167969,16014400
2025-06-24,39.70445039438017,40.03235262901,39.60139438524898,39.93866729736328,16716300
2025-06-25,39.723186556936255,39.78876700119011,39.29222475686874,39.46086120605469,15599700
2025-06-26,39.507707678358756,39.601396589085624,39.236018771917124,39.4421272277832,15870000
2025-06-27,39.48897536347136,39.77003496139499,39.3297059945324,39.63887405395508,21439600
2025-06-30,39.63886937679503,40.585104078723205,39.61076091861262,40.53826141357422,22796000
2025-07-01,40.67879095382787,41.10975278161697,40.48204960841095,40.92237854003906,19233200
2025-07-02,41.0535414237664,41.250282778704594,40.68816360063357,40.83806228637695,18313900
2025-07-03,40.978590015360965,41.00669489946235,40.67878909819243,40.80058288574219,10301300
2025-07-07,40.94111703781862,40.94111703781862,39.9761409276641,40.09793472290039,22039300
2025-07-08,40.09793083524382,40.51015484873327,39.85434684225416,40.34151840209961,16736200
2025-07-09,40.27594019750561,40.34152064441208,39.788768610581585,39.91992950439453,23519800
2025-07-10,39.86090696279801,40.15603321582695,39.60386221951203,40.01322937011719,19359300
2025-07-11,39.96562823173487,40.01322830181638,39.499142460622494,39.622901916503906,20174300
2025-07-14,39.59433835403552,39.83234231056816,39.48961603209682,39.58481979370117,15757300
2025-07-15,39.45153740711496,39.632422751540396,39.12785185733792,39.280174255371094,15653200
2025-07-16,39.289697339836245,39.46106049546965,39.18497500787666,39.27065658569336,17971300
2025-07-17,39.30873958551922,39.36585821846267,38.87081311857373,38.98505401611328,18411200
2025-07-18,39.013614603524154,39.146896260270964,38.73752909646132,38.880332946777344,21079700
2025-07-21,39.937067165892934,41.012846134524516,39.680022440733936,40.45115661621094,47574000
2025-07-22,40.69867906780731,41.4031724203584,40.50827516455142,40.89860153198242,23521000
2025-07-23,40.36547331352524,40.81291829151602,40.032265588512615,40.784358978271484,23357200
2025-07-24,40.841480944147946,41.26988516635926,40.70819567610535,41.01284408569336,20411000
2025-07-25,40.955721827960815,41.13660352996887,40.6986771156427,41.01284408569336,16571500
2025-07-28,40.955722903068065,40.955722903068065,40.21315169131326,40.327392578125,18243700
2025-07-29,40.384517057432205,40.91764732589159,40.36547993324869,40.66060256958008,13118500
2025-07-30,40.62251851096946,40.83196318038482,40.41307747320672,40.555877685546875,13313300
2025-07-31,40.26075354101497,41.04140629349349,40.12747189522388,40.70819854736328,25538700
2025-08-01,41.212771309650726,41.38413447102724,40.574918735270906,40.822444915771484,20841300
2025-08-04,40.74628002383704,40.96524324627562,40.48923529358675,40.88908386230469,13629900
2025-08-05,40.889079713364204,41.03187990568971,40.62251281738281,40.62251281738281,14863700
2025-08-06,40.74627896638236,40.74627896638236,40.27979321857897,40.31787109375,17812000
2025-08-07,40.46067597855421,40.96524324627562,40.14650898658636,40.88908386230469,15543400
2025-08-08,41.03188695767903,41.27941314422795,40.965246130143406,41.079490661621094,13057000
2025-08-11,41.15564373563943,41.44124775720239,40.927161971049934,41.1080436706543,12914900
2025-08-12,41.26036800556403,41.555494233048684,41.13660492543791,41.174686431884766,12469300
2025-08-13,41.1270871720327,41.73637676053428,40.93668326771286,41.612613677978516,14327700
2025-08-14,41.66021556796502,41.688778515436134,41.25085205850647,41.41269302368164,10582800
2025-08-15,41.479334920889876,42.307587785916894,41.34605326808698,42.1171875,21239200
2025-08-18,42.22190155709145,42.45990551994237,42.098142111198605,42.25998306274414,12692100
2025-08-19,42.3742251062958,42.90735530504911,42.33614723125457,42.783592224121094,17944200
2025-08-20,42.916879346696504,43.55472826886148,42.79311626043594,42.8978385925293,20982100
2025-08-21,42.82167407148479,43.04063728923642,42.71695174307045,42.8692741394043,11866800
2025-08-22,42.98352074104657,43.250084039620916,42.12670495041108,42.307586669921875,19123700
2025-08-25,42.30758466538615,42.34566617242177,41.85061747591588,42.107662200927734,16021200
2025-08-26,41.993420287152176,42.2885428803485,41.6506939954963,41.850616455078125,17328200
2025-08-27,41.907740348759084,42.15526288480225,41.77445870383951,42.14574432373047,12046600
2025-08-28,41.98390059445853,42.06958217247386,41.59357421275595,41.822059631347656,15842800
2025-08-29,41.860139668500985,42.16478446148117,41.822058161465364,42.107662200927734,14792700
2025-09-02,42.041025743551835,42.345670568155974,41.42221390076999,41.698299407958984,21123700
2025-09-03,41.41269271132083,41.641178131103516,40.822443855056676,41.641178131103516,21828500
2025-09-04,41.95534007923958,42.288544188852725,41.822058435394325,42.060062408447266,14480500
2025-09-05,41.98389847952891,42.33614696676554,41.90773909826987,42.250465393066406,13406700
2025-09-08,40.91764742114664,41.526937082717005,40.87956590938528,41.2413330078125,30273900
2025-09-09,41.279409505232195,41.641176559714424,41.269887312622124,41.479331970214844,15595500
2025-09-10,41.40317153930664,41.574531053772816,40.946200728555795,41.40317153930664,14807800
2025-09-11,41.517416801185085,42.0315062937142,41.42221302572449,42.0219841003418,15510600
2025-09-12,41.89821963143082,41.97438264929683,41.66973784113795,41.86014175415039,13723500
2025-09-15,41.936301514567226,42.12670542927867,41.66973821296278,41.76493835449219,15034700
2025-09-16,41.764937586485445,41.84110060363052,41.22228880011069,41.641178131103516,16173600
2025-09-17,41.76493748807621,42.2790269576365,41.75541892678177,42.088623046875,14414000
2025-09-18,41.77445764916007,41.841098469937386,41.48885361273555,41.57453155517578,16507300
2025-09-19,41.68877628532848,41.68877628532848,41.37460930152033,41.39365005493164,29164200
2025-09-22,41.298449168665684,41.431730808469275,40.91764137066771,41.08900451660156,18507700
2025-09-23,41.08900431111005,41.298448962126706,40.8986004130633,41.2698860168457,16796400
2025-09-24,41.12708442297878,41.30796612258315,40.898599026737116,41.1080436706543,21162400
2025-09-25,41.16516732298967,41.66973456590912,41.16516732298967,41.2698860168457,19012200
2025-09-26,41.55549560071777,41.6126142306156,41.36509169386926,41.51741409301758,12456200
2025-09-29,41.50789053416394,41.555494233048684,41.02236403774967,41.174686431884766,15854500
2025-09-30,41.165168380047255,41.86013953885923,41.11756468057396,41.84109878540039,24399100
2025-10-01,41.81253799388771,41.97438259080114,41.365092975332495,41.72686004638672,19921900
2025-10-02,41.48885659924118,41.62213825038985,41.146130278200225,41.3174934387207,21550100
2025-10-03,41.35556833952857,41.8220577166221,41.31749046455036,41.57453155517578,18016000
2025-10-06,41.17468819405469,41.298451279477554,39.365856508591285,39.4515380859375,75944200
2025-10-07,39.61338224556602,39.85138622095956,39.3563375163427,39.41345977783203,34001300
2025-10-08,39.546744021159185,39.546744021159185,39.089776794179706,39.33729934692383,35601000
2025-10-09,39.36585654119886,39.375378734052155,38.775607692131864,38.870811462402344,34868200
2025-10-10,38.97733110080202,39.325948814743974,38.56092701960245,38.5899772644043,38107700
2025-10-13,38.493141174316406,38.89017719967194,38.16389151713767,38.493141174316406,26453700
2025-10-14,38.54155947145425,39.29689909307717,38.50282334848282,39.267845153808594,22346100
2025-10-15,39.14195432192563,39.27753075135835,38.96764915795781,39.10322189331055,18233200
2025-10-16,39.141951346141205,39.287209948164346,38.909542015799815,39.0838508605957,16751200
2025-10-17,39.2194268471343,39.37436764494003,38.93859549671142,39.267845153808594,20523500
2025-10-20,39.41310068061376,39.57772364922713,39.074165172283145,39.50993728637695,28079200
2025-10-21,39.34531667404299,39.49057159138668,38.861126228070795,39.02574920654297,29881700
2025-10-22,38.31883395117773,38.93859716901777,37.68938485513885,38.541561126708984,31009500
2025-10-23,38.531878063266255,38.59966443279057,37.17614328461985,37.185829162597656,52663600
2025-10-24,37.37949958511798,37.68938116368693,37.32139909793618,37.59254455566406,27485700
2025-10-27,37.58286385908797,38.047686245327505,37.54412773671469,37.98958206176758,27487200
2025-10-28,37.91211347140118,38.270413367778964,37.71843655381753,38.07673645019531,30719200
2025-10-29,39.635830243130044,40.013498200319745,38.41566824935413,38.938594818115234,53730200
2025-10-30,38.75460397815109,38.919226957639545,37.544127855747874,37.728118896484375,47371000
2025-10-31,37.747487903117914,38.69650076356046,37.55381097986677,38.48345947265625,52181800
2025-11-03,38.26072873688792,38.35756904587527,37.61191529003295,38.22199630737305,39851100
2025-11-04,38.318831673654884,38.41566828540674,37.93147783848759,38.07673645019531,33632800
